gene_id,symbol,gene_name,gene_biotype,baseMean,log2FoldChange,lfcSE,pvalue,padj
ENSG00000152583,SPARCL1,SPARCL1,protein_coding,997.957712028395,4.549265316484374,0.18560493290528787,7.671906718842162e-136,7.404298270997936e-132
ENSG00000165995,CACNB2,CACNB2,protein_coding,495.6668203140097,3.269830081292229,0.13246072897849717,1.0410993069457167e-135,7.404298270997936e-132
ENSG00000101347,SAMHD1,SAMHD1,protein_coding,12714.666742491208,3.746931683590577,0.15718420832371258,1.307760060091047e-128,6.200526364911683e-125
ENSG00000120129,DUSP1,DUSP1,protein_coding,3413.120273732279,2.92768421025009,0.12251982582405417,3.3239787617727965e-128,1.1820068476864065e-124
ENSG00000189221,MAOA,MAOA,protein_coding,2343.870393156165,3.3296851744376093,0.1428300896079991,7.456851491567473e-123,2.1213251123211147e-119
ENSG00000211445,GPX3,GPX3,protein_coding,12298.968822844334,3.711809203456135,0.1686995837949031,2.6579596316236138e-110,6.301136300035714e-107
ENSG00000157214,STEAP2,STEAP2,protein_coding,3014.967657453084,1.958755578703462,0.09044429043515595,2.8880573492616337e-105,5.868532533699639e-102
ENSG00000162614,NEXN,NEXN,protein_coding,5402.821895568349,2.017222432076968,0.09573172701539263,5.414603061909155e-100,9.627164244074478e-97
ENSG00000125148,MT2A,MT2A,protein_coding,3661.68861011813,2.19063229004517,0.10712278058121318,1.7702499190781824e-94,2.7977816498853406e-91
ENSG00000154734,ADAMTS1,ADAMTS1,protein_coding,30365.003303036436,2.3237746629655542,0.11811699218975098,5.83501151522482e-88,8.299720379255784e-85
ENSG00000139132,FGD4,FGD4,protein_coding,1225.3708041120974,2.2067946294319305,0.11277590139284686,9.516978590598346e-87,1.2306318497515533e-83
ENSG00000162493,PDPN,PDPN,protein_coding,1101.5091439414273,1.870437963342497,0.0961653722231661,1.4916770770120235e-85,1.7681345619515852e-82
ENSG00000162692,VCAM1,VCAM1,protein_coding,511.59531615699933,-3.684386463025284,0.19160425539656012,8.472967392211786e-85,9.270729860524649e-82
ENSG00000179094,PER1,PER1,protein_coding,777.2657804991429,3.1652135480275883,0.16457062519112622,1.1029685195851911e-84,1.120616015898554e-81
ENSG00000134243,SORT1,SORT1,protein_coding,5520.114862831,2.1726734811995545,0.11309077205677535,5.935472413821911e-84,5.628410640946858e-81
ENSG00000163884,KLF15,KLF15,protein_coding,561.4178521064563,4.424737920619514,0.2362157403366546,7.6146144861327385e-81,6.7693922781720045e-78
ENSG00000178695,KCTD12,KCTD12,protein_coding,2666.699843459713,-2.5239618042371816,0.13689676924192204,6.222639026382098e-78,5.20651867713288e-75
ENSG00000107562,CXCL12,CXCL12,protein_coding,25275.222688097023,-1.910864720549508,0.10668098763303636,3.013640824411175e-73,2.3814459492458084e-70
ENSG00000148848,ADAM12,ADAM12,protein_coding,1373.0485699533676,-1.8136270662736906,0.1012025313141117,3.4756896883028205e-73,2.6020110592852275e-70
ENSG00000146250,PRSS35,PRSS35,protein_coding,315.86962597262755,-2.750057537358197,0.1535612452658574,6.266000641868763e-73,4.4563796564970646e-70
ENSG00000198624,CCDC69,CCDC69,protein_coding,2059.7057549286246,2.8883195389918996,0.16433239962150326,1.1430915528369598e-71,7.742540117882341e-69
ENSG00000106976,DNM1,DNM1,protein_coding,889.90785418746,-1.7563554217384099,0.09970291471473516,1.3566173626042958e-70,8.7711478934925e-68
ENSG00000163394,CCKAR,CCKAR,protein_coding,1226.0312877663184,-2.184390428538561,0.1262660771261423,1.5649209723894512e-68,9.67801561359459e-66
ENSG00000154930,ACSS1,ACSS1,protein_coding,671.4001212880555,1.8763379429223284,0.10880273692481637,7.225089089593761e-68,4.282069467099236e-65
ENSG00000253368,TRNP1,TRNP1,protein_coding,1042.1203403893016,1.9653218126166734,0.11508719574465433,8.663924322966422e-67,4.929426382794976e-64
ENSG00000162616,DNAJB4,DNAJB4,protein_coding,1470.833082808627,1.4987775411859416,0.0883508067731281,9.999264737333649e-66,5.47036698553207e-63
ENSG00000124766,SOX4,SOX4,protein_coding,1289.1552400981589,-2.405794231243962,0.1428749983495134,1.4416076924540418e-65,7.594602895357885e-63
ENSG00000163661,PTX3,PTX3,protein_coding,8580.741834861676,2.234807307571817,0.13310342216011534,3.710944394557775e-65,1.8851597524353497e-62
ENSG00000197381,ADARB1,ADARB1,protein_coding,1972.1319159432262,2.294793056348055,0.13752587353359924,2.612145118967498e-64,1.281212143868748e-61
ENSG00000148175,STOM,STOM,protein_coding,11218.077134981237,1.4286813029975236,0.08553144393103929,7.669218525144616e-64,3.6362321433885676e-61
ENSG00000116285,ERRFI1,ERRFI1,protein_coding,3237.3107893611764,2.398553438915502,0.1455862408807332,6.944628845633662e-63,3.186464538719135e-60
ENSG00000172403,SYNPO2,SYNPO2,protein_coding,8030.067601240824,1.7229534506837902,0.10479750454053993,4.109687944865707e-62,1.8267562914928067e-59
ENSG00000163083,INHBB,INHBB,protein_coding,419.1449307947152,3.41401529841142,0.21033552137467496,2.936868978679436e-61,1.2658795258404938e-58
ENSG00000166741,NNMT,NNMT,protein_coding,7444.096038805379,2.160619008168599,0.13641934364550692,2.4815437508185688e-58,1.0381611268130389e-55
ENSG00000105989,WNT2,WNT2,protein_coding,335.945670533723,-3.0298754081433255,0.1906146694700155,3.1645806435253092e-58,1.2860855735286855e-55
ENSG00000070404,FSTL3,FSTL3,protein_coding,2132.005778779081,1.791104875026622,0.114589157397417,1.7418254820981572e-56,6.882146015934496e-54
ENSG00000122035,RASL11A,RASL11A,protein_coding,944.9804959596861,2.260592888522879,0.14522821523382687,3.24320319953465e-56,1.246792494869753e-53
ENSG00000119139,TJP2,TJP2,protein_coding,5039.716343765461,1.903866224676481,0.12328103399368176,2.4169103402460498e-55,9.046877020963108e-53
ENSG00000136478,TEX2,TEX2,protein_coding,3710.091765231356,1.4430829855306726,0.09392426296787233,1.5475354640797453e-54,5.644139600274435e-52
ENSG00000172986,GXYLT2,GXYLT2,protein_coding,760.7918807055723,-1.57142849239818,0.1039402873227433,9.578505890996674e-53,3.4061166948384173e-50
ENSG00000145685,LHFPL2,LHFPL2,protein_coding,2028.6730864507276,-1.2422942920819526,0.08269442852645505,6.6008942552940534e-52,2.290027314324454e-49
ENSG00000196569,LAMA2,LAMA2,protein_coding,17209.529485108742,2.0012115293755985,0.13498966117970448,1.1986166862121891e-51,4.0593151773052806e-49
ENSG00000221866,PLXNA4,PLXNA4,protein_coding,848.0230185802033,2.7162623463092235,0.18397189257011085,1.6420531950953662e-51,5.4317592202410434e-49
ENSG00000157150,TIMP4,TIMP4,protein_coding,167.7672761948348,2.9091841888714423,0.19527828381431303,1.9000739317019254e-51,6.142420819210951e-49
ENSG00000108821,COL1A1,COL1A1,protein_coding,101529.80499514341,-1.3199962954776556,0.08751980973600511,2.0253339765611895e-51,6.401855662801414e-49
ENSG00000060718,COL11A1,COL11A1,protein_coding,364.4812680598099,2.3959657909768977,0.161460372868388,2.465345761659941e-51,7.623277850837173e-49
ENSG00000100242,SUN2,SUN2,protein_coding,2240.430898942386,1.8339271228059282,0.12385963513054096,4.6148733413730936e-51,1.3966374129295934e-48
ENSG00000099337,KCNK6,KCNK6,protein_coding,530.7167099325591,2.6842217243379807,0.18239597811677113,8.330240750038181e-51,2.4685280089279807e-48
ENSG00000134686,PHC2,PHC2,protein_coding,2744.137028167662,1.3667847421967096,0.09226449454510499,8.511928488388451e-51,2.4708912412007616e-48
ENSG00000126803,HSPA2,HSPA2,protein_coding,449.69319049167285,2.4271493547587366,0.16522740150631918,2.1306771039432922e-50,6.061350225297878e-48
ENSG00000138316,ADAMTS14,ADAMTS14,protein_coding,804.438349382141,-2.4973430500086127,0.1716675333506661,6.120628354008057e-50,1.7070552491649137e-47
ENSG00000133142,TCEAL4,TCEAL4,protein_coding,3062.6819704853833,1.5111831934473263,0.10454230916668612,6.614422715342889e-49,1.8092990135199472e-46
ENSG00000131389,SLC6A6,SLC6A6,protein_coding,745.1861227562625,-2.1135080725482087,0.14671291301396847,8.384862353507105e-49,2.2503072097412276e-46
ENSG00000102804,TSC22D1,TSC22D1,protein_coding,5410.913597811692,1.1811675246081896,0.08142328395225336,8.82759610848853e-49,2.282976855402561e-46
ENSG00000124440,HIF3A,HIF3A,protein_coding,197.35874050865505,2.4965621360154078,0.17219830372973322,8.821835481327128e-49,2.282976855402561e-46
ENSG00000103742,IGDCC4,IGDCC4,protein_coding,372.68749451485183,-2.186573061748011,0.1521322463932066,2.959711233729911e-48,7.517666533673975e-46
ENSG00000103196,CRISPLD2,CRISPLD2,protein_coding,3086.1700707906402,2.595072070995967,0.18322158969181984,5.31360242275713e-48,1.3259768572157441e-45
ENSG00000163171,CDC42EP3,CDC42EP3,protein_coding,1360.889644997948,1.4819573134797266,0.10351529939733824,1.0236423731464485e-47,2.510394675109497e-45
ENSG00000152268,SPON1,SPON1,processed_transcript,1600.3011607928825,1.8852277204743226,0.13214173638754126,1.0415242768686832e-47,2.5109561549457882e-45
ENSG00000141401,IMPA2,IMPA2,protein_coding,628.53368545917,2.2951075534410577,0.1615473601420767,1.7955870063480857e-47,4.256738263049195e-45
ENSG00000112837,TBX18,TBX18,protein_coding,2770.832528962505,-1.8248800549317512,0.129801520591732,1.490982589600957e-46,3.4766780908990185e-44
ENSG00000068383,INPP5A,INPP5A,protein_coding,1250.470627938535,1.357949772991541,0.09736805313145476,2.3490797519016858e-45,5.389243611459609e-43
ENSG00000164647,STEAP1,STEAP1,protein_coding,1924.9121743361552,1.5423409673079094,0.11082725592457406,2.4727368311035626e-45,5.582890267558266e-43
ENSG00000136999,NOV,NOV,protein_coding,438.87200676892246,-2.5366452747246666,0.18384266438413052,3.9297496559169826e-45,8.733868610275494e-43
ENSG00000196517,SLC6A9,SLC6A9,protein_coding,231.0989766748399,-2.218526481969271,0.16013766943261665,6.80012334021579e-45,1.4880762214035292e-42
ENSG00000156675,RAB11FIP1,RAB11FIP1,protein_coding,1635.4383953715835,1.5217087319405744,0.11056850145678275,1.9938528730260759e-44,4.2970550402913486e-42
ENSG00000227051,C14orf132,C14orf132,protein_coding,4640.334562707896,-1.1490187849277167,0.08360950715458461,3.1551703616365366e-44,6.698379585659417e-42
ENSG00000134363,FST,FST,protein_coding,2924.3153917603286,-1.799347892388772,0.13308957789419837,3.061318318901463e-43,6.403557612949178e-41
ENSG00000106484,MEST,MEST,protein_coding,681.7133723707464,-1.8548373535131415,0.1373106234686208,5.411713392508315e-43,1.1155972651454822e-40
ENSG00000124762,CDKN1A,CDKN1A,protein_coding,8058.3269167496655,-1.0103645300907786,0.07436988670043752,6.421330470154134e-43,1.3048143515353199e-40
ENSG00000126016,AMOT,AMOT,protein_coding,388.622055655117,-2.3607351437662945,0.1757896926935818,9.498256881073502e-43,1.9028620545970352e-40
ENSG00000167641,PPP1R14A,PPP1R14A,protein_coding,231.9751696157431,2.854750760270165,0.21344391489623393,1.1712985104698201e-42,2.3139652795726e-40
ENSG00000206538,VGLL3,VGLL3,protein_coding,12787.570418851368,1.342812358552137,0.09994648460306385,2.170449531261846e-42,4.229106045571028e-40
ENSG00000130513,GDF15,GDF15,protein_coding,453.48207235517253,-1.858586071030883,0.13886061492879997,3.012964480189588e-42,5.791406319759014e-40
ENSG00000185432,METTL7A,METTL7A,protein_coding,3891.825890685617,2.2162213657007053,0.16685808519975817,3.2696089120128095e-42,6.200922288596027e-40
ENSG00000149218,ENDOD1,ENDOD1,protein_coding,2030.992372221984,1.8968503618271348,0.14256071876840698,5.6956959080147513e-42,1.0659944552052871e-39
ENSG00000150907,FOXO1,FOXO1,protein_coding,679.9140824469669,2.1934345185346564,0.1655534744039822,9.349038358329081e-42,1.72702235855679e-39
ENSG00000151726,ACSL1,ACSL1,protein_coding,1463.2267640401326,1.5754593539677433,0.11891814598047458,2.092305643279774e-41,3.815507111539936e-39
ENSG00000196975,ANXA4,ANXA4,protein_coding,4920.808165379296,1.1617260516975105,0.08788539728247344,4.4223283301662877e-41,7.962430147884211e-39
ENSG00000163378,EOGT,EOGT,protein_coding,1809.6262006718925,1.2387779162074244,0.09374194457175217,5.320516633372013e-41,9.45987857413544e-39
ENSG00000013293,SLC7A14,SLC7A14,protein_coding,246.187751300923,-2.8611043691214646,0.2179579592314336,5.490967056971251e-41,9.642409310908528e-39
ENSG00000221869,CEBPD,CEBPD,protein_coding,1967.4717588302788,1.472922456408335,0.11223628940646026,1.1092258968057822e-40,1.9241011166055423e-38
ENSG00000169715,MT1E,MT1E,protein_coding,555.0526110537206,2.1926489873498283,0.16809642198056793,1.2867653861432536e-40,2.2051748015062215e-38
ENSG00000185950,IRS2,IRS2,protein_coding,1978.1545899385849,2.0906447459135786,0.16219962299985166,7.913034580579286e-40,1.3399405223114259e-37
ENSG00000145390,USP53,USP53,protein_coding,8458.23490778106,2.113138856750167,0.16422920478235975,8.027713420048105e-40,1.3433670080795794e-37
ENSG00000147027,TMEM47,TMEM47,protein_coding,12628.767429515814,1.1435206958467605,0.08872603701703838,4.517341374812978e-39,7.471472525039512e-37
ENSG00000131831,RAI2,RAI2,protein_coding,1019.9677847496537,1.4025243531216474,0.10928875485269479,8.574449746694503e-39,1.4018732551377312e-36
ENSG00000137672,TRPC6,TRPC6,protein_coding,656.6657119638785,1.9216857572034551,0.151604124067808,2.4796061056841397e-38,4.007945141733091e-36
ENSG00000119138,KLF9,KLF9,protein_coding,1686.0508729840612,2.043968390337624,0.16224929464996224,2.9782182583383375e-38,4.759795113101631e-36
ENSG00000138735,PDE5A,PDE5A,protein_coding,6889.322683766773,-1.1740716583209208,0.09242317181943857,3.352114975658068e-38,5.297831490417818e-36
ENSG00000020577,SAMD4A,SAMD4A,protein_coding,3112.5461458105706,1.1789833481304486,0.093044956116997,5.411177861299942e-38,8.458087241662679e-36
ENSG00000146122,DAAM2,DAAM2,protein_coding,1946.4527093207405,1.6494540235700417,0.13082296385210743,5.522204351213195e-38,8.537808118658314e-36
ENSG00000101825,MXRA5,MXRA5,protein_coding,4795.578352794224,-1.3206118365234911,0.10453671690457547,9.409761167966499e-38,1.4391875575608115e-35
ENSG00000163110,PDLIM5,PDLIM5,protein_coding,1317.0516345470126,1.5776295924568913,0.12575687879684885,1.990933526822493e-37,3.012663668672675e-35
ENSG00000071282,LMCD1,LMCD1,protein_coding,3668.161098977566,1.576767691722898,0.1266111256036601,4.924236546801592e-37,7.372877962284825e-35
ENSG00000162407,PPAP2B,PPAP2B,protein_coding,25995.887163828113,-1.0019768000064326,0.08026214145170332,1.0521137897358329e-36,1.5588819317919257e-34
ENSG00000246430,LINC00968,LINC00968,lincRNA,2166.252090634184,2.015297952992555,0.16385834607387892,1.3143271808289731e-36,1.9273185381558054e-34
ENSG00000137809,ITGA11,ITGA11,protein_coding,1122.3204295912467,-1.709126646950051,0.13854504199383122,1.6657744045352443e-36,2.417752564296869e-34
ENSG00000163513,TGFBR2,TGFBR2,protein_coding,13246.083095960797,1.4312648856667762,0.11591611375790399,2.3777064773274254e-36,3.4162118114651814e-34
ENSG00000046653,GPM6B,GPM6B,protein_coding,1091.7726774046619,2.3548505818201133,0.19312453757735182,4.0607190694448326e-36,5.77596680437833e-34
ENSG00000099998,GGT5,GGT5,protein_coding,507.02612434386145,2.337324321050473,0.19226635120654442,7.004337689649968e-36,9.864326663126846e-34
ENSG00000106617,PRKAG2,PRKAG2,protein_coding,1020.7131994243579,1.5885703799111555,0.13048702334935702,1.99184368308639e-35,2.7776455439432166e-33
ENSG00000163431,LMOD1,LMOD1,protein_coding,4948.700024137972,1.139166422025142,0.09367653004023559,3.5003868582163327e-35,4.8339322981814674e-33
ENSG00000214814,FER1L6,FER1L6,protein_coding,244.99296955722357,-3.029945945780471,0.2529618766350592,1.1699400559893805e-34,1.6001180150377834e-32
ENSG00000115457,IGFBP2,IGFBP2,protein_coding,1922.8544576218328,2.1735199552527913,0.18432029443642015,3.916513445745389e-34,5.305570214503087e-32
ENSG00000145777,TSLP,TSLP,protein_coding,153.3636590664782,-2.7558053060800467,0.23134542397187943,4.177437560331364e-34,5.605648288505031e-32
ENSG00000162772,ATF3,ATF3,protein_coding,374.2780981320329,1.8843091062874813,0.15837035377685124,5.567619319722645e-34,7.40129132745186e-32
ENSG00000119508,NR4A3,NR4A3,protein_coding,216.96133852654705,2.0401244128337885,0.17213471648052897,1.0420815276425638e-33,1.3724599675173913e-31
ENSG00000160200,CBS,CBS,protein_coding,836.0152238808276,1.216338827330837,0.10252310938184618,1.2522114182528535e-33,1.6340784599292285e-31
ENSG00000174306,ZHX3,ZHX3,protein_coding,3243.167510330782,1.1066583226623774,0.09386728423184726,3.373511862982496e-33,4.362257521733002e-31
ENSG00000103485,QPRT,QPRT,protein_coding,869.8246189367557,-1.2067710924071375,0.10285392702046596,6.536453107989812e-33,8.376081892616856e-31
ENSG00000173918,C1QTNF1,C1QTNF1,protein_coding,994.935015068333,1.227483153377665,0.10465716404905595,7.031787867701231e-33,8.930370591980564e-31
ENSG00000128923,FAM63B,FAM63B,protein_coding,1419.5684811609553,1.0153435390431178,0.08648530968432534,7.601869331099699e-33,9.568937111996648e-31
ENSG00000114098,ARMC8,ARMC8,protein_coding,1012.5702286721979,1.3195755913794969,0.11285321982235133,9.394821033348111e-33,1.1722099506872238e-30
ENSG00000139289,PHLDA1,PHLDA1,protein_coding,1985.7780938864375,-0.9890825648205388,0.08454562499279848,1.0779951566162335e-32,1.3333394006703744e-30
ENSG00000123562,MORF4L2,MORF4L2,protein_coding,5053.520492728313,1.0055292045776283,0.08594639471660442,1.2182788098984757e-32,1.4938618786203377e-30
ENSG00000164125,FAM198B,FAM198B,protein_coding,5610.754486368422,1.1001095887564925,0.09466681299344246,2.4569887213830306e-32,2.987026288286515e-30
ENSG00000077684,JADE1,JADE1,protein_coding,1574.5194053254152,1.174521578679242,0.10122364075975125,2.9286871027107964e-32,3.530308927877828e-30
ENSG00000114270,COL7A1,COL7A1,protein_coding,1550.3545631133436,1.2072770029503328,0.10433393339067915,4.0570834410703763e-32,4.8494079719147085e-30
ENSG00000109861,CTSC,CTSC,protein_coding,4069.234512690117,0.9970447173652479,0.08585904651194855,4.3176344333323865e-32,5.1178360149766556e-30
ENSG00000144369,FAM171B,FAM171B,protein_coding,1310.2821284676202,-1.337320736102395,0.1163343918639205,6.389086669240964e-32,7.510608990354006e-30
ENSG00000181467,RAP2B,RAP2B,protein_coding,634.1790416252237,-1.2659753154614166,0.10986406109920224,7.650664909518282e-32,8.919922760080987e-30
ENSG00000155130,MARCKS,MARCKS,protein_coding,5682.800961805513,-1.1843771250178068,0.10322969319734837,9.459667938094175e-32,1.0939375345646467e-29
ENSG00000125868,DSTN,DSTN,protein_coding,15896.166508195249,0.8956008067323122,0.07769667654136249,1.1165318685123953e-31,1.2807701046548636e-29
ENSG00000110756,HPS5,HPS5,protein_coding,997.35497236592,1.544756626141285,0.13507449444006298,1.2067627012652358e-31,1.373199413023737e-29
ENSG00000164442,CITED2,CITED2,protein_coding,7526.9773642311,1.5177826701410702,0.13344250581263958,1.9032510593079358e-31,2.1485589736187364e-29
ENSG00000143320,CRABP2,CRABP2,protein_coding,1501.369161259657,-1.6228799805952563,0.14286772035468276,1.988397444199179e-31,2.2270051375030804e-29
ENSG00000138829,FBN2,FBN2,protein_coding,15719.725368631916,1.8782137370783747,0.1672661884044865,3.3665749787391266e-31,3.7411064451238543e-29
ENSG00000116584,ARHGEF2,ARHGEF2,protein_coding,2262.128876177233,-1.0157961633909591,0.090718202762278,6.97603642358111e-30,7.692026518528505e-28
ENSG00000196507,TCEAL3,TCEAL3,protein_coding,991.4113935000034,1.0321039121754858,0.09260804481121626,8.700158446487127e-30,9.51931182637176e-28
ENSG00000008256,CYTH3,CYTH3,protein_coding,3726.0257114811266,1.1526044546485184,0.10480298314485889,1.6931541313354046e-29,1.8384293407721217e-27
ENSG00000177283,FZD8,FZD8,protein_coding,115.2490983941496,2.439243058647054,0.22238191011285552,2.496522256069799e-29,2.690191861389153e-27
ENSG00000146592,CREB5,CREB5,protein_coding,673.5133800689531,-2.0234668962696656,0.18753270018058085,5.734307076556132e-29,6.132690515558978e-27
ENSG00000133216,EPHB2,EPHB2,protein_coding,345.88066170444404,-1.7540779334260526,0.16150669418943447,8.272164827753549e-29,8.78084123208705e-27
ENSG00000140545,MFGE8,MFGE8,protein_coding,9223.037519785283,1.084617898794884,0.09987322190746489,1.301337089144016e-28,1.37112731525811e-26
ENSG00000163491,NEK10,NEK10,protein_coding,161.24209043176847,-2.4670390100416575,0.22861583311569847,1.3439181056246238e-28,1.40558023047093e-26
ENSG00000205978,NYNRIN,NYNRIN,protein_coding,1609.398622307081,-1.1493366873742938,0.10599333155460092,1.463030872407112e-28,1.5189891335123184e-26
ENSG00000166482,MFAP4,MFAP4,protein_coding,26480.64355121277,-0.9603355477625751,0.08954053864915246,4.553463840698482e-28,4.693367367398203e-26
ENSG00000072958,AP1M1,AP1M1,protein_coding,2134.6628038797503,1.0597558104364582,0.09864729598441584,5.410096392912609e-28,5.536202236891291e-26
ENSG00000243244,STON1,STON1,protein_coding,998.5185239367672,1.3801346623410458,0.12897881736432185,5.490026644533628e-28,5.577867070846166e-26
ENSG00000096060,FKBP5,FKBP5,protein_coding,2566.226677376446,3.9599938244342323,0.38151829902962003,6.681870193678641e-28,6.740632740062766e-26
ENSG00000092621,PHGDH,PHGDH,protein_coding,1238.4924872466358,-1.4138763687576617,0.13281261453220702,8.049749381100338e-28,8.063354591321916e-26
ENSG00000123243,ITIH5,ITIH5,protein_coding,13860.658019546674,-0.9516911137053111,0.08895650532301169,8.726331081063187e-28,8.679953377415578e-26
ENSG00000136546,SCN7A,SCN7A,protein_coding,5003.790066977056,1.3379264222280454,0.1259056253761899,1.1510715168348902e-27,1.1370028649624637e-25
ENSG00000183160,TMEM119,TMEM119,protein_coding,3003.47127627075,-1.1643558323288168,0.11033915332421039,2.995135672007779e-27,2.938124813699217e-25
ENSG00000127083,OMD,OMD,protein_coding,305.15835689298365,1.7719607014107583,0.16876556625499922,3.74102417433429e-27,3.6446799901185574e-25
ENSG00000126878,AIF1L,AIF1L,protein_coding,93.97805316993852,-2.6335576890548094,0.25105333673078384,6.062109762873999e-27,5.8658128753142695e-25
ENSG00000165507,C10orf10,C10orf10,protein_coding,18395.363851071554,1.5143461386923796,0.14600356677121795,8.106887850695557e-27,7.791376539749568e-25
ENSG00000187498,COL4A1,COL4A1,protein_coding,2288.6608051466096,1.2829541224891083,0.12305779685502137,8.976406239208665e-27,8.569154519899601e-25
ENSG00000112773,FAM46A,FAM46A,protein_coding,519.4683588400925,-1.1889753099274032,0.11428797648299416,1.823934873037165e-26,1.7295766422720424e-24
ENSG00000102466,FGF14,FGF14,protein_coding,666.4937003686538,1.1863422197162348,0.1141791190855078,1.8610944853834504e-26,1.7531263549731255e-24
ENSG00000180914,OXTR,OXTR,protein_coding,570.1217903096394,1.8335702598452277,0.1775858503590174,2.311270770278302e-26,2.162862857660432e-24
ENSG00000177666,PNPLA2,PNPLA2,protein_coding,1705.4900467625564,1.0731557889202081,0.10333060059160135,2.419836067391294e-26,2.2496567465734485e-24
ENSG00000069431,ABCC9,ABCC9,protein_coding,851.5977573400494,1.0305361570888276,0.09919030401501364,2.6214205962490325e-26,2.4212393870809243e-24
ENSG00000110900,TSPAN11,TSPAN11,protein_coding,264.12989546166045,-1.4505355219101013,0.14005181781005113,2.814486588813756e-26,2.582790789631411e-24
ENSG00000131386,GALNT15,GALNT15,protein_coding,11519.576654226339,1.5777855818658975,0.15373025193578155,2.840453218547681e-26,2.5899106782450138e-24
ENSG00000177674,AGTRAP,AGTRAP,protein_coding,753.3813575850671,1.0871255402165572,0.10497474991379904,3.3412904665973057e-26,3.0271665985273932e-24
ENSG00000125848,FLRT3,FLRT3,protein_coding,179.76363589356367,-2.4458356909142234,0.2402357164658489,3.685746997313401e-26,3.318105398087709e-24
ENSG00000162496,DHRS3,DHRS3,protein_coding,3702.98432817365,1.0590558018278682,0.10272910398131194,4.743822467402335e-26,4.2437818098321266e-24
ENSG00000099204,ABLIM1,ABLIM1,protein_coding,850.6653138134436,1.3935976479144823,0.13573607952252903,5.0161582323430635e-26,4.4593646685529836e-24
ENSG00000169738,DCXR,DCXR,protein_coding,628.5195570771255,2.05000455898506,0.20265077994313727,6.613737474500571e-26,5.843093281819634e-24
ENSG00000148120,C9orf3,C9orf3,protein_coding,745.9462857532286,1.0764972557941412,0.10490476637516208,9.34517834013554e-26,8.205297327783205e-24
ENSG00000164742,ADCY1,ADCY1,protein_coding,355.73608922625715,-2.5509581413575,0.2550941926061869,1.2356475747303983e-25,1.078273073801545e-23
ENSG00000102554,KLF5,KLF5,protein_coding,149.7819282904736,2.428032510201591,0.241703466651216,3.245958011173293e-25,2.8152748018859095e-23
ENSG00000035664,DAPK2,DAPK2,protein_coding,634.6742119998635,1.6447617141709607,0.1637234235217517,3.3009279028698917e-25,2.845599908510384e-23
ENSG00000152580,IGSF10,IGSF10,protein_coding,6026.837965456373,-1.1450658374119316,0.11393470911859732,5.176498320405315e-25,4.4355730186412775e-23
ENSG00000013297,CLDN11,CLDN11,protein_coding,3451.5286781094737,-1.7507339678198997,0.17663275311816595,6.426772609216789e-25,5.473916981646683e-23
ENSG00000174136,RGMB,RGMB,protein_coding,2845.72970122076,-0.9642224464538096,0.09566686234564833,6.548704746240065e-25,5.544570018483255e-23
ENSG00000023909,GCLM,GCLM,protein_coding,1932.4657295264942,1.1907884722142255,0.1187079268970256,6.73092477912875e-25,5.665128642504577e-23
ENSG00000197043,ANXA6,ANXA6,protein_coding,14159.954210127382,0.8891733956940527,0.08910045736408782,6.919700774689573e-25,5.78975434230497e-23
ENSG00000163697,APBB2,APBB2,protein_coding,2272.097868671316,1.0481780083418366,0.10468130823195874,7.17163417023562e-25,5.965457569440437e-23
ENSG00000164070,HSPA4L,HSPA4L,protein_coding,594.6945723426102,-1.3079819304313984,0.1307812456299573,8.055476920515142e-25,6.661692076593452e-23
ENSG00000099194,SCD,SCD,protein_coding,789.6179669165907,-1.9673915603520873,0.19919321697009804,8.549384840319283e-25,7.029274564664825e-23
ENSG00000237697,LINC00312,LINC00312,lincRNA,127.06100205360188,1.9780288173584724,0.19763213940789864,9.14012272492605e-25,7.471787680422306e-23
ENSG00000183044,ABAT,ABAT,protein_coding,499.9334098455707,1.1285998274154525,0.11247822513582821,1.0480182104600445e-24,8.518292014619243e-23
ENSG00000128510,CPA4,CPA4,protein_coding,165.1665877520449,-2.2290430583238576,0.22483832893168373,1.4875237916160459e-24,1.202189682496968e-22
ENSG00000126950,TMEM35,TMEM35,protein_coding,790.8482012606919,-1.6849201532563258,0.1706912412273187,1.565142843825395e-24,1.2577735486199107e-22
ENSG00000177614,PGBD5,PGBD5,protein_coding,133.94295993305818,-2.527594794209601,0.256886086836232,1.6368935736866412e-24,1.3080434939392576e-22
ENSG00000091527,CDV3,CDV3,protein_coding,4885.025946337746,0.7434794278583732,0.07424920700546644,1.7704460837685018e-24,1.4068617371800652e-22
ENSG00000120837,NFYB,NFYB,protein_coding,1847.0734158266466,1.008213256255048,0.1011984929727377,1.9479631586150307e-24,1.5393237760077888e-22
ENSG00000138073,PREB,PREB,protein_coding,1701.6829409153488,1.0724673135235068,0.10782458534543145,2.074981255998993e-24,1.6306372036093746e-22
ENSG00000088756,ARHGAP28,ARHGAP28,protein_coding,689.2629982581831,-1.6275833452228525,0.16563402948345282,2.8503432512451737e-24,2.2276528794346897e-22
ENSG00000127824,TUBA4A,TUBA4A,protein_coding,229.95944734871927,-1.5425031294461604,0.15635140336827927,3.59027433689748e-24,2.7906044900562706e-22
ENSG00000008311,AASS,AASS,protein_coding,723.8304727171159,1.0667693953684334,0.10802854259828626,4.691315789726042e-24,3.6265910757099574e-22
ENSG00000134253,TRIM45,TRIM45,protein_coding,137.78172647444617,-1.9313384748220874,0.19646508359736536,5.0669020530531025e-24,3.8957629623041804e-22
ENSG00000164292,RHOBTB3,RHOBTB3,protein_coding,14437.03318749784,1.0188040086086896,0.10340424732611916,5.142950921225808e-24,3.9329749410492417e-22
ENSG00000170624,SGCD,SGCD,protein_coding,2133.3911291156496,-1.1284839461085812,0.11458749782202912,5.27681747798298e-24,4.0137674763010645e-22
ENSG00000131446,MGAT1,MGAT1,protein_coding,5377.750284796375,0.8415893501229287,0.08508477580126377,5.311208199434812e-24,4.018437522806424e-22
ENSG00000173068,BNC2,BNC2,protein_coding,2807.475229434489,-0.8649853941193995,0.08761872404823298,6.106790303219917e-24,4.595925146719582e-22
ENSG00000173221,GLRX,GLRX,protein_coding,1988.5872067815633,0.9776540590060718,0.09920215677081318,6.28701340308428e-24,4.706656770814253e-22
ENSG00000081052,COL4A4,COL4A4,protein_coding,207.57552175550867,1.865413505479768,0.1907484670192829,6.4223848395570696e-24,4.782827327636636e-22
ENSG00000164484,TMEM200A,TMEM200A,protein_coding,821.2186592517457,-1.1949055060900045,0.12184655602700113,7.128120548205812e-24,5.280749306129139e-22
ENSG00000167992,VWCE,VWCE,protein_coding,252.90623513051912,-1.5054919625757142,0.15380230835078557,7.627407906595795e-24,5.621360106912881e-22
ENSG00000143891,GALM,GALM,protein_coding,531.1668209655105,-1.1068272642523989,0.11283740782228398,8.477468391218588e-24,6.215644865808927e-22
ENSG00000132356,PRKAA1,PRKAA1,protein_coding,2390.665696653652,0.843472077195541,0.08586774518102179,1.082146150245027e-23,7.893562482607828e-22
ENSG00000113580,NR3C1,NR3C1,protein_coding,2826.1109421476376,-0.9769549800022078,0.10016487362888063,2.0483470189650105e-23,1.486514693763179e-21
ENSG00000152601,MBNL1,MBNL1,protein_coding,5840.062373443521,0.835851419753086,0.08604969589791002,2.4080444367816e-23,1.7386814248112427e-21
ENSG00000118689,FOXO3,FOXO3,protein_coding,5177.731775438688,1.2286296420825813,0.12737657350125003,3.1539368300264424e-23,2.265737245974551e-21
ENSG00000165272,AQP3,AQP3,protein_coding,139.5873658518993,-2.869371775150242,0.3020350203062688,3.633649691934154e-23,2.597237850154342e-21
ENSG00000198431,TXNRD1,TXNRD1,protein_coding,22785.016491819853,1.4623020760409151,0.1530201070219729,4.3808182137322485e-23,3.1156379136063752e-21
ENSG00000103502,CDIPT,CDIPT,protein_coding,3329.180712313356,0.799949067776616,0.08263490750764839,4.9115412897249313e-23,3.475709617166539e-21
ENSG00000132970,WASF3,WASF3,protein_coding,1326.1726981938452,1.0787866295270174,0.11200265845322072,5.1023465686482443e-23,3.592860276854091e-21
ENSG00000181061,HIGD1A,HIGD1A,protein_coding,2426.847822105215,1.1657095988547004,0.12196227637277643,6.119532350121872e-23,4.287893012223326e-21
ENSG00000145244,CORIN,CORIN,protein_coding,167.34403187807595,1.8794465488025887,0.19727557089485284,8.360501655137696e-23,5.8294007618960085e-21
ENSG00000140807,NKD1,NKD1,protein_coding,96.37055880259172,2.369434270369911,0.2486431330565035,8.668156774955673e-23,6.014432291071683e-21
ENSG00000136436,CALCOCO2,CALCOCO2,protein_coding,3137.397999912662,1.1042848028440588,0.11560147339358627,8.987935408061614e-23,6.2060385070033195e-21
ENSG00000167552,TUBA1A,TUBA1A,protein_coding,9358.052047890345,-1.2032692904890068,0.12640397190998334,1.0395172539123599e-22,7.14304029934754e-21
ENSG00000003402,CFLAR,CFLAR,protein_coding,2552.7128783317767,1.15816462164682,0.1217720202632443,1.2311492073788944e-22,8.419166502767979e-21
ENSG00000100784,RPS6KA5,RPS6KA5,protein_coding,87.88810913203163,-2.463953618283788,0.2607666801541881,1.5990670777877e-22,1.0779682518697747e-20
ENSG00000116991,SIPA1L2,SIPA1L2,protein_coding,120.67469945918045,-2.539434416731113,0.2694221825653941,1.5929440603873215e-22,1.0779682518697747e-20
ENSG00000179820,MYADM,MYADM,protein_coding,3792.971309380547,1.458088365431952,0.1548701141860894,1.5966058284476834e-22,1.0779682518697747e-20
ENSG00000173517,PEAK1,PEAK1,protein_coding,8012.470470902792,0.9641783643212474,0.10112723175709595,1.6597669826777223e-22,1.1136096963022605e-20
ENSG00000128342,LIF,LIF,protein_coding,154.09976881156138,-2.559958207711259,0.27552375011528046,1.667941394952014e-22,1.1138403005538708e-20
ENSG00000106123,EPHB6,EPHB6,protein_coding,2293.8522341509374,1.371185781514036,0.14531886677754766,1.8031054859781385e-22,1.1984753473155627e-20
ENSG00000137962,ARHGAP29,ARHGAP29,protein_coding,4512.7791618989095,1.1200467859364331,0.11896950328177835,2.254103425756455e-22,1.4912728896725494e-20
ENSG00000145675,PIK3R1,PIK3R1,protein_coding,3502.831345963384,1.503581465019633,0.16056693711547076,2.429522863859557e-22,1.599885797015664e-20
ENSG00000175130,MARCKSL1,MARCKSL1,protein_coding,623.2298031297205,-1.11253516436837,0.11826046562481325,4.3458976282631895e-22,2.8486658002034844e-20
ENSG00000134318,ROCK2,ROCK2,protein_coding,4551.756605618473,0.7846095485742316,0.08309484897135715,4.78871751985443e-22,3.124528348734377e-20
ENSG00000106615,RHEB,RHEB,protein_coding,2199.1188579816053,0.9198673533368554,0.09790422060116796,5.818290211138714e-22,3.7789662083669893e-20
ENSG00000103175,WFDC1,WFDC1,protein_coding,251.0456246171117,1.7087685507304327,0.1838602673734673,6.038257990838553e-22,3.9040082573494353e-20
ENSG00000071242,RPS6KA2,RPS6KA2,protein_coding,11164.796521092938,0.8982317344316909,0.09590326223793948,8.140231214280356e-22,5.2392148774626146e-20
ENSG00000033867,SLC4A7,SLC4A7,protein_coding,2325.7071981209006,-0.9192200075469044,0.09831238760970212,8.237573107230261e-22,5.2779837782542e-20
ENSG00000128699,ORMDL1,ORMDL1,protein_coding,1860.3192144511438,0.9685881730558257,0.10410847770306332,1.1560089722044142e-21,7.373574717773806e-20
ENSG00000120690,ELF1,ELF1,protein_coding,1387.4505283740798,0.8889621728232622,0.09530618400122823,1.1733993839178842e-21,7.417970149710215e-20
ENSG00000168542,COL3A1,COL3A1,protein_coding,83078.53355590245,-0.8492097108470494,0.0907447445139673,1.1716895802116608e-21,7.417970149710215e-20
ENSG00000140105,WARS,WARS,protein_coding,2508.6851231851756,-1.286942103432856,0.1397431859175935,1.3409332512663553e-21,8.439572816819751e-20
ENSG00000198542,ITGBL1,ITGBL1,protein_coding,3517.3149897686203,0.9973861155775333,0.10775054020451554,1.498266720855193e-21,9.38825807816928e-20
ENSG00000111859,NEDD9,NEDD9,protein_coding,1776.1411367566234,1.5733301641662225,0.17293633132682,1.6835146406218377e-21,1.0502768529914482e-19
ENSG00000185813,PCYT2,PCYT2,protein_coding,469.465082338895,1.0849596856682386,0.11715112965129212,1.8188351726611178e-21,1.1297428600843554e-19
ENSG00000128311,TST,TST,protein_coding,317.15810738078085,1.2609386083598702,0.13690236251526453,2.5017586169293617e-21,1.547174546400141e-19
ENSG00000169218,RSPO1,RSPO1,protein_coding,644.8722345482673,1.3636334874249862,0.14886270839101737,2.591985567026215e-21,1.5960347491506875e-19
ENSG00000117461,PIK3R3,PIK3R3,protein_coding,216.76674734335637,-1.6741506214788082,0.18274972072262766,2.724634890114699e-21,1.6704830464220466e-19
ENSG00000185022,MAFF,MAFF,protein_coding,649.8360213924017,1.2313706259111028,0.13424507547903552,2.8765164232415735e-21,1.756033030222667e-19
ENSG00000176771,NCKAP5,NCKAP5,protein_coding,108.34058762543634,-2.1800786056411194,0.23893662270651153,3.0706026272896365e-21,1.8665064859217003e-19
ENSG00000116711,PLA2G4A,PLA2G4A,protein_coding,112.74416211940131,-2.4065285319639798,0.2641343932161915,3.415265382706139e-21,2.0671802044090263e-19
ENSG00000084090,STARD7,STARD7,protein_coding,3618.36692293819,1.2147506093276315,0.13286728329739209,3.527224254123128e-21,2.125899906383363e-19
ENSG00000157514,TSC22D3,TSC22D3,protein_coding,2207.9945603422616,3.1070431129744907,0.349108405556859,5.077452730255039e-21,3.0473285922003243e-19
ENSG00000182552,RWDD4,RWDD4,protein_coding,980.9832795480778,1.0819133639852776,0.11846973644988859,5.430709765218509e-21,3.245647718507062e-19
ENSG00000116132,PRRX1,PRRX1,protein_coding,5592.95246362396,-0.7653549932196496,0.08359719757631934,5.7650100062476815e-21,3.431025202044645e-19
ENSG00000185745,IFIT1,IFIT1,protein_coding,239.11812103598535,-1.6374920356375358,0.18093684555410097,7.128201038601246e-21,4.2246471488776715e-19
ENSG00000171132,PRKCE,PRKCE,protein_coding,403.63265289459156,-1.1866077080907353,0.13044050260844198,7.26598450804324e-21,4.288438325411081e-19
ENSG00000124151,NCOA3,NCOA3,protein_coding,1573.5588337027364,1.3171924518178781,0.14574915691737975,7.487206135354436e-21,4.400744630962045e-19
ENSG00000083223,ZCCHC6,ZCCHC6,protein_coding,1490.7578549201685,1.0749802040871292,0.11844446647260443,7.829018478098807e-21,4.582714355245985e-19
ENSG00000138604,GLCE,GLCE,protein_coding,1447.4283584009004,0.8941286997751792,0.09807404804977339,8.290144356065832e-21,4.832746447568869e-19
ENSG00000184254,ALDH1A3,ALDH1A3,protein_coding,563.9888362733477,-1.0175870960439573,0.11210478810416132,1.0377953322892083e-20,6.025143186319061e-19
ENSG00000196950,SLC39A10,SLC39A10,protein_coding,813.3021227270345,-1.2092027341866483,0.13444196531259686,1.2565357767635759e-20,7.26543288157931e-19
ENSG00000169744,LDB2,LDB2,protein_coding,620.1747874028799,-1.3167902005160834,0.14704079272577872,1.7690367145847624e-20,1.018735960658043e-18
ENSG00000108830,RND2,RND2,protein_coding,159.351179927785,-2.316871116860457,0.2625987395953503,1.7762500166662117e-20,1.0187653321395239e-18
ENSG00000129116,PALLD,PALLD,protein_coding,21265.659906873992,0.8213254462205007,0.09128234338790477,2.3925208231796578e-20,1.3667155095946767e-18
ENSG00000108604,SMARCD2,SMARCD2,protein_coding,2183.2478499422023,1.2070960681636473,0.1352497937313067,2.447150084730751e-20,1.3923305122084081e-18
ENSG00000170775,GPR37,GPR37,protein_coding,214.31489156833624,1.4471693141677042,0.16200617103129167,2.729557313863083e-20,1.546821642724641e-18
ENSG00000157613,CREB3L1,CREB3L1,protein_coding,2796.698183644837,-0.9727623791657668,0.10888069192923307,3.3154955886482006e-20,1.87141306559254e-18
ENSG00000107796,ACTA2,ACTA2,protein_coding,2434.3286879076913,1.10330194575231,0.12447344283755823,3.471283911010979e-20,1.9516024644355797e-18
ENSG00000172260,NEGR1,NEGR1,protein_coding,1338.3122131324362,1.4078380747936874,0.1595878462290385,4.4899897550809743e-20,2.5143942628453457e-18
ENSG00000137393,RNF144B,RNF144B,protein_coding,158.55292078740123,2.0636119434296507,0.23530109368240165,4.988003175500361e-20,2.782327732090868e-18
ENSG00000109654,TRIM2,TRIM2,protein_coding,1286.411376161964,-0.8679779140981514,0.09756739630160921,6.391849649189409e-20,3.551471461330865e-18
ENSG00000166825,ANPEP,ANPEP,protein_coding,4209.778083353712,1.0296815265957748,0.11646093246743477,6.96147929026104e-20,3.852921456212959e-18
ENSG00000159212,CLIC6,CLIC6,protein_coding,759.5248974763654,1.0108339758488794,0.11433783525806948,8.118993467419838e-20,4.4761458558364256e-18
ENSG00000169764,UGP2,UGP2,protein_coding,3235.829910454757,0.8605162326525453,0.09746660868047767,1.1518207650943396e-19,6.3256751207343196e-18
ENSG00000186594,MIR22HG,MIR22HG,lincRNA,1377.742910799509,0.8145513219952633,0.09207772822441736,1.1633330760371923e-19,6.364326797520393e-18
ENSG00000162878,PKDCC,PKDCC,protein_coding,1592.2586892178329,1.5113683156540887,0.17429453976811185,1.2516688542163746e-19,6.821355472173836e-18
ENSG00000221968,FADS3,FADS3,protein_coding,1867.7605230286913,0.9739114523156206,0.11080136637457248,1.3491113064523918e-19,7.324335581289627e-18
ENSG00000143507,DUSP10,DUSP10,protein_coding,320.5554817167062,-1.1689638217476033,0.1333024195927171,1.4887373777746395e-19,8.05163515645113e-18
ENSG00000139329,LUM,LUM,protein_coding,13763.398471697976,-0.8856490754272236,0.10078312220899494,1.7551832050581832e-19,9.45671435937409e-18
ENSG00000170989,S1PR1,S1PR1,protein_coding,243.20973659752164,-1.460196120534248,0.16789259198005652,1.9181411264853407e-19,1.029571297476509e-17
ENSG00000146411,SLC2A12,SLC2A12,protein_coding,766.7363482506782,-0.909659546301407,0.10378526334423376,1.9406193244635339e-19,1.0377206492920791e-17
ENSG00000138074,SLC5A6,SLC5A6,protein_coding,436.9574549413176,1.1700080269684456,0.13416433495284083,2.0157387186027697e-19,1.0738527166069586e-17
ENSG00000168556,ING2,ING2,protein_coding,382.9982053794276,1.2386725102558647,0.14216562090412413,2.0356045901888763e-19,1.0803895407032305e-17
ENSG00000074590,NUAK1,NUAK1,protein_coding,413.61293322177977,1.3192226839288166,0.15186580285753526,2.13095402676518e-19,1.1267914526657218e-17
ENSG00000116962,NID1,NID1,protein_coding,9456.056149973629,1.436266821330547,0.16663702216073692,2.1456341182590784e-19,1.1303518406710048e-17
ENSG00000111728,ST8SIA1,ST8SIA1,protein_coding,194.51550799422404,-1.5014275194417845,0.1728825955971496,2.2977831487768625e-19,1.2060393914465717e-17
ENSG00000183876,ARSI,ARSI,protein_coding,194.7332658464513,-1.6547519116140834,0.19125729195300087,2.356884990308255e-19,1.2325122096376698e-17
ENSG00000075213,SEMA3A,SEMA3A,protein_coding,718.0160437222822,-1.1906971852023573,0.137063878609854,2.436619781630335e-19,1.2695413836597026e-17
ENSG00000154262,ABCA6,ABCA6,protein_coding,2403.606033120613,0.9860605681163442,0.1131788572836259,2.5205091964392716e-19,1.3084570368668686e-17
ENSG00000165802,NSMF,NSMF,protein_coding,1606.1017959339383,0.9143714237420428,0.10510106761192639,3.203015506938115e-19,1.6567160934795545e-17
ENSG00000126785,RHOJ,RHOJ,protein_coding,676.4501086041647,-1.197669588161385,0.13850064033390197,3.2345305023952073e-19,1.6669551400749793e-17
ENSG00000183496,MEX3B,MEX3B,protein_coding,172.42930186064018,-1.683457010730851,0.1952408163716548,3.381385317934797e-19,1.7363474643431244e-17
ENSG00000131080,EDA2R,EDA2R,protein_coding,1129.0869639935524,-0.9367550851775577,0.10809296562807244,3.7838521472368657e-19,1.9360256454063733e-17
ENSG00000115419,GLS,GLS,protein_coding,3875.1099287717057,1.1555518258310449,0.13418254872172844,3.9944745126898197e-19,2.0364661458243725e-17
ENSG00000172985,SH3RF3,SH3RF3,protein_coding,802.0794240707373,0.8611069086733869,0.09910120420830477,4.303921248672146e-19,2.18639199432545e-17
ENSG00000135069,PSAT1,PSAT1,protein_coding,728.667895089934,-1.2769270195170086,0.14883219871760722,4.960455261064601e-19,2.510943616846366e-17
ENSG00000113719,ERGIC1,ERGIC1,protein_coding,6835.363171156444,0.720421951780576,0.08290231183638093,5.296100238394693e-19,2.6713379358484438e-17
ENSG00000070882,OSBPL3,OSBPL3,protein_coding,1112.1412852530373,-1.0891309249273111,0.1264693753501296,5.628014393514732e-19,2.825505656672963e-17
ENSG00000158246,FAM46B,FAM46B,protein_coding,70.40621000628592,2.2827815457515235,0.26658253320060443,5.641476423615872e-19,2.825505656672963e-17
ENSG00000103064,SLC7A6,SLC7A6,protein_coding,782.5064384917447,1.3582506500408238,0.15906070907341222,6.225315480569836e-19,3.106978505109661e-17
ENSG00000145632,PLK2,PLK2,protein_coding,526.404858409363,-1.0092214139226652,0.1171291486272325,6.521606507017627e-19,3.239987495385275e-17
ENSG00000157110,RBPMS,RBPMS,protein_coding,2978.783435158216,0.8677420770597576,0.10040228961320756,6.53737634403525e-19,3.239987495385275e-17
ENSG00000114853,ZBTB47,ZBTB47,protein_coding,3389.256143232786,0.7245757368492196,0.08355355022816575,6.6026281514126695e-19,3.2496810666330037e-17
ENSG00000137767,SQRDL,SQRDL,protein_coding,882.0516220607783,0.9985762081645951,0.11632373531215044,6.589856647260401e-19,3.2496810666330037e-17
ENSG00000120162,MOB3B,MOB3B,protein_coding,60.74611625756287,2.6325981091426147,0.30859252150630606,8.619356737574533e-19,4.2276458701813846e-17
ENSG00000116194,ANGPTL1,ANGPTL1,protein_coding,237.50863647382457,1.882986504757987,0.22280649967568797,8.817040351261205e-19,4.309745084410288e-17
ENSG00000019995,ZRANB1,ZRANB1,protein_coding,2083.9997474378083,0.8976818317903317,0.10464135582348226,9.802629946852797e-19,4.775089327535417e-17
ENSG00000107968,MAP3K8,MAP3K8,protein_coding,538.0760536927382,1.0970365509315774,0.12835968576941503,9.889527850518559e-19,4.7918954868351263e-17
ENSG00000268913,AC026806.2,AC026806.2,lincRNA,72.9619108107907,2.454084730893213,0.28860896758616916,9.90450838814347e-19,4.7918954868351263e-17
ENSG00000182580,EPHB3,EPHB3,protein_coding,428.409079424276,-1.4924251788417815,0.1765002505046143,1.0561243283687786e-18,5.092309303972036e-17
ENSG00000162545,CAMK2N1,CAMK2N1,protein_coding,6288.9891333638,0.7843200058151619,0.09134778925640603,1.1277590631174092e-18,5.419339497899334e-17
ENSG00000139567,ACVRL1,ACVRL1,protein_coding,873.5352683181329,0.8207707852629506,0.09568536103765346,1.2127000145958395e-18,5.80789394195664e-17
ENSG00000135048,TMEM2,TMEM2,protein_coding,942.712694559114,0.8616295680616851,0.10088862466959586,1.5278842952588285e-18,7.292827589181737e-17
ENSG00000169926,KLF13,KLF13,protein_coding,2083.5562009633627,0.8728446002536219,0.10233582046583427,1.6063618095655218e-18,7.641769357612034e-17
ENSG00000187239,FNBP1,FNBP1,protein_coding,1857.7427303360548,0.7989114182488343,0.0939767725130248,1.813401113795052e-18,8.597939147540274e-17
ENSG00000067369,TP53BP1,TP53BP1,protein_coding,1887.2535027128738,-0.7533759092209109,0.08832593628313573,1.831228440649155e-18,8.653619049765308e-17
ENSG00000147576,ADHFE1,ADHFE1,protein_coding,243.5473743739676,1.3982758810238878,0.1663487612579384,2.668617601352169e-18,1.256901217272624e-16
ENSG00000161647,MPP3,MPP3,protein_coding,166.6792121685877,1.5177595658403762,0.1807607923430302,2.766279716123392e-18,1.2985994284534367e-16
ENSG00000219481,NBPF1,NBPF1,protein_coding,2706.8677806314045,-0.724397347129662,0.08527714494803328,2.8507630382912415e-18,1.333857021600481e-16
ENSG00000196230,TUBB,TUBB,protein_coding,7948.370630658808,-1.1632864985344014,0.1393702251086186,2.9159212145893556e-18,1.3598709297153768e-16
ENSG00000147883,CDKN2B,CDKN2B,protein_coding,519.8181689231694,-1.4023429624696728,0.16782733386298004,3.1024328431849655e-18,1.4421243386099003e-16
ENSG00000164619,BMPER,BMPER,protein_coding,556.1085095820082,-1.5023709561577823,0.18112004219117814,3.573291668976579e-18,1.655586342004002e-16
ENSG00000196411,EPHB4,EPHB4,protein_coding,1157.5623736769855,-0.938001122437282,0.11155129076401842,3.659013416005892e-18,1.6897989230281754e-16
ENSG00000133110,POSTN,POSTN,protein_coding,4061.5865153848877,-1.3953223198540659,0.16825540428922434,3.800720717821755e-18,1.7495615369028038e-16
ENSG00000144724,PTPRG,PTPRG,protein_coding,3008.6024946468506,0.899536450429496,0.10721357569872486,4.052815912100444e-18,1.859588823668281e-16
ENSG00000197301,RP11-366L20.2,RP11-366L20.2,protein_coding,209.72013388398844,2.203757020105397,0.26957094429436734,4.104948036039065e-18,1.8774527609202464e-16
ENSG00000188042,ARL4C,ARL4C,protein_coding,1237.7804123129026,-0.7935854890985612,0.09424921739272357,4.381225131336373e-18,1.9973893034656594e-16
ENSG00000182718,ANXA2,ANXA2,protein_coding,25358.580744865125,0.644092717825589,0.07600696070715701,4.742565141574066e-18,2.155215545487205e-16
ENSG00000132155,RAF1,RAF1,protein_coding,2818.9405440022997,0.7567618744696868,0.09044555889301757,5.073648367879956e-18,2.2983303944179776e-16
ENSG00000081803,CADPS2,CADPS2,protein_coding,1174.3097184492983,1.2838422111355785,0.15459925314690878,5.377007454560814e-18,2.428017588370572e-16
ENSG00000135821,GLUL,GLUL,protein_coding,19631.59796541523,2.834081921909148,0.3493483425857224,5.468094831866481e-18,2.4613348382426843e-16
ENSG00000186575,NF2,NF2,protein_coding,2631.5711805299593,0.9809809656405899,0.11761131070194596,5.5316665364659526e-18,2.4820954200218206e-16
ENSG00000134871,COL4A2,COL4A2,protein_coding,4212.8539099984355,0.8584879570672752,0.10249477612542339,5.737687308397488e-18,2.566442272787606e-16
ENSG00000151690,MFSD6,MFSD6,protein_coding,941.6595904813387,0.9843656374318861,0.11818949874489393,6.397926463171105e-18,2.852793291916796e-16
ENSG00000272841,RP3-428L16.2,RP3-428L16.2,antisense,115.46144025572569,-1.9763219694437042,0.23814524893106956,6.740238393598016e-18,2.9960359659543186e-16
ENSG00000126861,OMG,OMG,protein_coding,311.0399070082086,-1.685728342851175,0.20505479960452452,7.046626638228432e-18,3.122467828727764e-16
ENSG00000108950,FAM20A,FAM20A,protein_coding,1014.3523185332261,1.055500353706846,0.12701427467092988,7.388959035258401e-18,3.2639923390532763e-16
ENSG00000168621,GDNF,GDNF,protein_coding,218.74693446361948,1.7444059271270018,0.21287142480536958,8.404635501794888e-18,3.7011620859916553e-16
ENSG00000183508,FAM46C,FAM46C,protein_coding,90.60112955443921,-2.4834951225729416,0.30543413372873063,8.49429613872342e-18,3.729100872753146e-16
ENSG00000009413,REV3L,REV3L,protein_coding,7604.410973334238,1.0640206608035607,0.12803297985245726,8.640424411911294e-18,3.781581441077731e-16
ENSG00000076513,ANKRD13A,ANKRD13A,protein_coding,6230.157386613804,0.6645683337266997,0.07929865391249787,8.717296186549672e-18,3.8035221152602007e-16
ENSG00000174437,ATP2A2,ATP2A2,protein_coding,10607.785022006208,1.2973992391452873,0.15761654451520524,9.057884991629042e-18,3.9400414715881192e-16
ENSG00000147526,TACC1,TACC1,protein_coding,8612.609471728407,0.84189132011305845,0.10188858716447863,9.301240557416374e-18,4.033562368557637e-16
ENSG00000164930,FZD6,FZD6,protein_coding,1383.7280138919764,0.9300431655922742,0.11204175193207568,1.0187438797771897e-17,4.404441624909041e-16
ENSG00000198947,DMD,DMD,protein_coding,1289.8820321330156,0.9823185349970667,0.1185143012604026,1.0220305829466946e-17,4.40526151873751e-16
ENSG00000147119,CHST7,CHST7,protein_coding,454.1491546762802,1.4810697185445294,0.1813480118806709,1.1190453495745751e-17,4.808852281676361e-16
ENSG00000087448,KLHL42,KLHL42,protein_coding,909.9842342736013,1.0254163994305858,0.1241093844457413,1.1924434404170544e-17,5.108829968822947e-16
ENSG00000169855,ROBO1,ROBO1,protein_coding,1736.229973653884,-1.0929208430322317,0.1328951056035324,1.2620961805565622e-17,5.391007829500463e-16
ENSG00000146373,RNF217,RNF217,protein_coding,821.1099287144365,1.046382001807774,0.12675234876137742,1.2708420805097259e-17,5.412113099751599e-16
ENSG00000026950,BTN3A1,BTN3A1,protein_coding,737.5035327146581,-0.8804968601235588,0.106130711767171,1.2793710645017008e-17,5.432171349693191e-16
ENSG00000143127,ITGA10,ITGA10,protein_coding,266.09917340413904,3.6961694559154616,0.4655867304557894,1.356605638736127e-17,5.742963870649605e-16
ENSG00000113456,RAD1,RAD1,protein_coding,947.636277517647,0.8020158662584492,0.09667736081669429,1.389174392317222e-17,5.863387702172156e-16
ENSG00000138385,SSB,SSB,protein_coding,1822.3882004975546,0.7789756878906675,0.09401859524866157,1.4682464505793026e-17,6.178798080781066e-16
ENSG00000051108,HERPUD1,HERPUD1,protein_coding,2279.1637950883787,0.7231502009541675,0.08737311433779826,1.8865540485825234e-17,7.915735925379886e-16
ENSG00000132530,XAF1,XAF1,protein_coding,535.8986775026094,-0.9119642148338676,0.11079409565266717,1.9701037538143837e-17,8.241986998310528e-16
ENSG00000103381,CPPED1,CPPED1,protein_coding,664.9356001527589,0.8989445443797027,0.10936140263440039,2.1720876237584415e-17,9.060344387196502e-16
ENSG00000189184,PCDH18,PCDH18,protein_coding,6521.0146159148935,-0.877251335779992,0.1071478470885691,2.3044835107424128e-17,9.584495162807042e-16
ENSG00000149633,KIAA1755,KIAA1755,protein_coding,243.37570349115467,-1.4387999863401602,0.17703251948347123,2.3569380614376482e-17,9.774077838451635e-16
ENSG00000099860,GADD45B,GADD45B,protein_coding,368.95824698902265,1.413482037607224,0.17536081090343794,2.4565462411727535e-17,1.0157533062337571e-15
ENSG00000151835,SACS,SACS,protein_coding,3267.7226460006336,-0.7248051329326564,0.08811896920847875,2.770898553541951e-17,1.1424133630603105e-15
ENSG00000242265,PEG10,PEG10,protein_coding,560.0391287295945,-0.95091244131758,0.11637195941943047,2.904220680173805e-17,1.1939200853986188e-15
ENSG00000104756,KCTD9,KCTD9,protein_coding,1783.6405266479396,0.7984074798001103,0.09738118622753521,2.9934477079372637e-17,1.2270547607406235e-15
ENSG00000135472,FAIM2,FAIM2,protein_coding,156.63797274585977,-1.6586609007857545,0.2050381034290005,3.059434560193778e-17,1.2504999190861006e-15
ENSG00000155962,CLIC2,CLIC2,protein_coding,405.16861813306014,-1.2326341859929308,0.1521502071759594,3.514854879560394e-17,1.4325299658128094e-15
ENSG00000100626,GALNT16,GALNT16,protein_coding,442.30095364708507,-0.984889808961476,0.12109138575699428,3.8976117399391826e-17,1.5839894111112838e-15
ENSG00000122971,ACADS,ACADS,protein_coding,528.7845425692005,0.9348424231353416,0.11489771484391913,4.2022322100022386e-17,1.7029216796316765e-15
ENSG00000100154,TTC28,TTC28,protein_coding,1740.4646385597823,-0.7697791901782903,0.0947638467164393,6.008101219214761e-17,2.4278190835826917e-15
ENSG00000158292,GPR153,GPR153,protein_coding,633.5813019256742,-0.8873018751752091,0.10970034707153663,6.045363861415363e-17,2.435956248293828e-15
ENSG00000123094,RASSF8,RASSF8,protein_coding,1293.6372792523212,0.8396448623327472,0.10395522336450709,6.373267905738467e-17,2.560829454554349e-15
ENSG00000049246,PER3,PER3,protein_coding,197.26367370621745,-2.1521423497887464,0.27431689215572347,6.629350402935709e-17,2.656221975531198e-15
ENSG00000025423,HSD17B6,HSD17B6,protein_coding,170.45607481117307,-1.9462406854458894,0.24543388188048787,6.733208766179137e-17,2.6902573452284286e-15
ENSG00000081377,CDC14B,CDC14B,protein_coding,2315.642183423637,0.8058116925650309,0.0995537082394406,6.909210767280624e-17,2.752846329238084e-15
ENSG00000143344,RGL1,RGL1,protein_coding,1083.3055419102827,-1.0570082037625086,0.13173349292653333,7.004419906434534e-17,2.782985160590078e-15
ENSG00000101955,SRPX,SRPX,protein_coding,4357.290980827476,0.8884937387421433,0.11033389082862274,8.419051252161822e-17,3.335726601970745e-15
ENSG00000154654,NCAM2,NCAM2,protein_coding,1341.0543554723301,-0.7813493196074002,0.09729089913925235,9.557739815120992e-17,3.776369198063361e-15
ENSG00000113361,CDH6,CDH6,protein_coding,2209.2210169624036,-1.19820171275703,0.151176410173645,1.1003809603157867e-16,4.335683872446468e-15
ENSG00000170214,ADRA1B,ADRA1B,protein_coding,201.7788217245201,3.922037145650133,0.5184108493109123,1.420717110383395e-16,5.582397839252324e-15
ENSG00000157510,AFAP1L1,AFAP1L1,protein_coding,488.9313846373796,1.6604262444719633,0.21308517965136858,1.5417701759720356e-16,6.041360601384638e-15
ENSG00000135318,NT5E,NT5E,protein_coding,4239.085924193446,-0.876752166881013,0.11005581221247818,1.6365225476527922e-16,6.3950265708278345e-15
ENSG00000151012,SLC7A11,SLC7A11,protein_coding,785.7621986140981,-1.1217809788264224,0.14159888221981887,1.6440872061358984e-16,6.406985320569046e-15
ENSG00000067082,KLF6,KLF6,protein_coding,3250.6737643011993,1.047777562290356,0.13265207839076396,1.6683663571080943e-16,6.4838369025971406e-15
ENSG00000231991,ANXA2P2,ANXA2P2,pseudogene,3061.3963180660026,0.6547892586904868,0.08167126465137697,1.7805103118047613e-16,6.9008116280956195e-15
ENSG00000133943,C14orf159,C14orf159,protein_coding,541.6007050803579,-0.8739996995418069,0.10987641431817559,1.974527341680758e-16,7.631977420670407e-15
ENSG00000106809,OGN,OGN,protein_coding,2588.5630936830476,-0.97234551790175,0.12263061486263403,2.0945951140592693e-16,8.07412490579378e-15
ENSG00000149591,TAGLN,TAGLN,protein_coding,7812.904795279113,1.2182791227387968,0.1561385134186416,2.1674957806576697e-16,8.33255675245262e-15
ENSG00000183801,OLFML1,OLFML1,protein_coding,1376.4351673864596,-1.018060498448444,0.12889996650528304,2.1843447253536524e-16,8.37469524890306e-15
ENSG00000065809,FAM107B,FAM107B,protein_coding,2267.609904444173,-0.9733346021362186,0.12331353692054994,2.2465320657026094e-16,8.589965618966106e-15
ENSG00000103647,CORO2B,CORO2B,protein_coding,547.3948049468808,-1.301146363305661,0.1661746680947654,2.309758154243899e-16,8.808042891679683e-15
ENSG00000130066,SAT1,SAT1,protein_coding,4107.360766879091,1.2686954781470592,0.1627250650648725,2.351288446341564e-16,8.942440337102247e-15
ENSG00000196155,PLEKHG4,PLEKHG4,protein_coding,243.77410453215663,-1.377445564532413,0.1761685597277266,2.7816547340592128e-16,1.0551001849935532e-14
ENSG00000164050,PLXNB1,PLXNB1,protein_coding,3525.8050794093733,0.7740094712926894,0.09769675491158554,2.9293591329618186e-16,1.1081703273204498e-14
ENSG00000166963,MAP1A,MAP1A,protein_coding,7068.944441510702,-0.7542003340136113,0.09521532606978127,3.0498858463348823e-16,1.1507049410680999e-14
ENSG00000117758,STX12,STX12,protein_coding,1743.7381065905697,0.9113356699928798,0.11559623719270998,3.0815702636743793e-16,1.1595834769974701e-14
ENSG00000114019,AMOTL2,AMOTL2,protein_coding,3399.8974524954765,0.8821531996635364,0.11290927312658836,3.2019739187139435e-16,1.2017117947173385e-14
ENSG00000138166,DUSP5,DUSP5,protein_coding,403.1225880811525,1.188311586737679,0.15177299252059487,3.289852912095526e-16,1.2314438900433358e-14
ENSG00000205208,C4orf46,C4orf46,protein_coding,591.3057876618842,-1.3270717857493632,0.1707360651744661,3.329160171230248e-16,1.2428864639259592e-14
ENSG00000171793,CTPS1,CTPS1,protein_coding,689.5655435002785,1.4296400914168998,0.18509608353579854,3.525176937025577e-16,1.3126208573887908e-14
ENSG00000129682,FGF13,FGF13,protein_coding,267.219639590345,-1.5179741183436768,0.19549740537014643,3.6093012790466386e-16,1.3404360677065115e-14
ENSG00000035403,VCL,VCL,protein_coding,16808.004609008272,0.8253364298346408,0.10475819871729061,3.6229037223989535e-16,1.341983920505279e-14
ENSG00000141150,RASL10B,RASL10B,protein_coding,151.3610160754432,1.5069173709531989,0.19341436527939962,4.1441783438498016e-16,1.5310855263095996e-14
ENSG00000106034,CPED1,CPED1,protein_coding,2434.734560744339,1.013626368600788,0.1303815322183235,4.344101850935036e-16,1.5991920343353632e-14
ENSG00000134531,EMP1,EMP1,protein_coding,5550.824887740215,0.9207031162915432,0.11737387470075653,4.351007573733026e-16,1.5991920343353632e-14
ENSG00000171033,PKIA,PKIA,protein_coding,246.31219931698018,-1.2869485649855146,0.1657057427054504,6.028075372697536e-16,2.2088670553601032e-14
ENSG00000181019,NQO1,NQO1,protein_coding,2680.255315035308,-0.7118617106247147,0.09105625032826713,6.040841426708944e-16,2.2088670553601032e-14
ENSG00000106772,PRUNE2,PRUNE2,protein_coding,5679.870282314434,0.7590489775294992,0.09717552449781941,6.402007670006337e-16,2.3349271050812855e-14
ENSG00000131016,AKAP12,AKAP12,protein_coding,40530.56338674854,-0.9037415502774028,0.11602387222382379,7.163484530977018e-16,2.6059694109620742e-14
ENSG00000153904,DDAH1,DDAH1,protein_coding,3080.322884865511,1.2006340690495012,0.15618993487488336,7.205852256621183e-16,2.6146949616882577e-14
ENSG00000105810,CDK6,CDK6,protein_coding,1434.1313924220758,-0.702950472117048,0.09042749254655358,8.746626640855071e-16,3.165700186756299e-14
ENSG00000104321,TRPA1,TRPA1,protein_coding,550.7753934279766,-1.3209908221867743,0.17086697143747903,9.13611845019252e-16,3.2982778892268636e-14
ENSG00000154310,TNIK,TNIK,protein_coding,767.4771667023914,-1.1205352886887576,0.1457717496534823,9.846847552042343e-16,3.545862267854438e-14
ENSG00000177570,SAMD12,SAMD12,protein_coding,102.82097768070913,-1.9707025514777499,0.25910420238944704,1.1125064478800194e-15,3.9960332612740897e-14
ENSG00000138669,PRKG2,PRKG2,protein_coding,240.52670077695134,-1.6584758484766398,0.21900720833283796,1.1823626471783215e-15,4.236253474424294e-14
ENSG00000198795,ZNF521,ZNF521,protein_coding,949.8640297465583,-0.9700449005495031,0.1263780658419237,1.364463493146972e-15,4.876414252895108e-14
ENSG00000245812,RP11-175K6.1,RP11-175K6.1,lincRNA,181.6819518393693,1.6027331019581093,0.2117539020713994,1.6297194038580803e-15,5.809806716911613e-14
ENSG00000157483,MYO1E,MYO1E,protein_coding,2242.0021431570144,0.9016829606037069,0.11784994032262479,1.7792612974002696e-15,6.327053173555359e-14
ENSG00000124212,PTGIS,PTGIS,protein_coding,10213.35774513538,-0.6547397762258012,0.08496618448030384,1.7909366263658907e-15,6.352688921054471e-14
ENSG00000138615,CILP,CILP,protein_coding,842.5544870511612,1.2978985657694755,0.17168466677010696,1.811869710485153e-15,6.4109539208808e-14
ENSG00000132622,HSPA12B,HSPA12B,protein_coding,65.94636886592359,-2.216820327633081,0.29258898400167216,1.956314522505794e-15,6.90486793253658e-14
ENSG00000114670,NEK11,NEK11,protein_coding,185.34813426072927,-1.2297058572206894,0.1616150546413551,1.9959632580237283e-15,7.027371629239978e-14
ENSG00000083290,ULK2,ULK2,protein_coding,1526.6290099134917,1.0961609422192824,0.1444054174145821,2.0852610853583544e-15,7.323642883490674e-14
ENSG00000115993,TRAK2,TRAK2,protein_coding,4951.753815957217,0.8785520168236508,0.1154378255688018,2.8000664939015976e-15,9.809888130358701e-14
ENSG00000164330,EBF1,EBF1,protein_coding,887.3215227478927,1.068168854613133,0.14135004703821763,2.9317275071906155e-15,1.0245919425621454e-13
ENSG00000155324,GRAMD3,GRAMD3,protein_coding,537.2677202132155,1.1862843798022646,0.15735226239878014,3.016825785754664e-15,1.0517482837395671e-13
ENSG00000113389,NPR3,NPR3,protein_coding,2575.356535863674,0.8889190997557034,0.11723815436624886,3.1406824469799935e-15,1.092251029971722e-13
ENSG00000133816,MICAL2,MICAL2,protein_coding,1760.46258026881,1.0174578054553758,0.13490899658029473,3.325939567682528e-15,1.1538576685540557e-13
ENSG00000143878,RHOB,RHOB,protein_coding,3322.4789057218595,1.1672430225060373,0.15576883699552596,3.4992074815545963e-15,1.2110152607696493e-13
ENSG00000048740,CELF2,CELF2,protein_coding,5659.602722569868,0.8878135809838803,0.11840526154883926,4.007089930110788e-15,1.3760922487152514e-13
ENSG00000101265,RASSF2,RASSF2,protein_coding,1655.4868204721774,-1.0283107681890706,0.13697117502911452,4.010505925590249e-15,1.3760922487152514e-13
ENSG00000118523,CTGF,CTGF,protein_coding,11840.815143055997,1.1616736372894318,0.15560868322488186,4.012089531826004e-15,1.3760922487152514e-13
ENSG00000162704,ARPC5,ARPC5,protein_coding,2588.602223998508,0.8550686715623412,0.1130161110452339,4.024566756647529e-15,1.3760922487152514e-13
ENSG00000196932,TMEM26,TMEM26,protein_coding,69.24955285426307,-2.0260139032485887,0.27069865273956334,4.022156844344863e-15,1.3760922487152514e-13
ENSG00000206190,ATP10A,ATP10A,protein_coding,291.66546876859405,1.2630599261050526,0.16943675439706568,5.211935012022896e-15,1.7778072808396564e-13
ENSG00000077254,USP33,USP33,protein_coding,2744.6548192847713,0.8515243520716349,0.11313971579776717,5.341392572113696e-15,1.8176068886541916e-13
ENSG00000128606,LRRC17,LRRC17,protein_coding,1144.844106150657,-2.3406009689481597,0.32027694081180536,5.4149193281102365e-15,1.8382294158243437e-13
ENSG00000089041,P2RX7,P2RX7,protein_coding,97.31525706228335,-1.9298147052710848,0.2609893580759661,5.660380611603442e-15,1.9169822337963655e-13
ENSG00000135446,CDK4,CDK4,protein_coding,1029.1168640733495,-0.7785081980254587,0.10311996649272759,5.68955189963976e-15,1.9222847083248445e-13
ENSG00000134294,SLC38A2,SLC38A2,protein_coding,20648.01959337452,1.1593529879738151,0.15617613770598904,5.873767213431909e-15,1.9798214417975232e-13
ENSG00000107821,KAZALD1,KAZALD1,protein_coding,486.87384717657403,-1.0090745006394555,0.13493651320335895,6.131386373526467e-15,2.061769261868569e-13
ENSG00000016391,CHDH,CHDH,protein_coding,92.73114564447339,-1.9520670751588947,0.26369804584381323,6.209596970987175e-15,2.0831440404556977e-13
ENSG00000011566,MAP4K3,MAP4K3,protein_coding,1400.145997625077,0.7767181320012077,0.10315156523696105,6.264091410395952e-15,2.09648085226993e-13
ENSG00000162426,SLC45A1,SLC45A1,protein_coding,168.98493987391822,1.2410569603341621,0.16632847695629466,6.359678090848216e-15,2.1234756141836858e-13
ENSG00000165801,ARHGEF40,ARHGEF40,protein_coding,2031.467648260643,-0.9080249555390753,0.12157229056376234,6.624920522157528e-15,2.2068587706596879e-13
ENSG00000168890,TMEM150A,TMEM150A,protein_coding,501.8112872322375,0.8894869759644083,0.11851513558425943,6.700846823437e-15,2.2269356359011186e-13
ENSG00000122966,CIT,CIT,protein_coding,290.44448374231933,-1.5109157839828995,0.20500647515574535,7.19689913462253e-15,2.3862166268268266e-13
ENSG00000179222,MAGED1,MAGED1,protein_coding,4814.867617501833,-0.6420910026215476,0.08513287503566518,7.360684826220725e-15,2.43484606902706e-13
ENSG00000073792,IGF2BP2,IGF2BP2,protein_coding,2462.6642736363156,0.7607294052673278,0.1013698363405263,7.984566043147214e-15,2.6350920509913216e-13
ENSG00000164237,CMBL,CMBL,protein_coding,587.7933395366871,-0.8831042417055122,0.11816495700385578,8.074991683371986e-15,2.6587657801917386e-13
ENSG00000135862,LAMC1,LAMC1,protein_coding,34035.31700659337,0.7763555954139091,0.10358998523417867,8.143997593550102e-15,2.6752938053269433e-13
ENSG00000079691,LRRC16A,LRRC16A,protein_coding,1513.129780106529,1.1021200487100515,0.1489830929474197,8.278912964510041e-15,2.713346958691033e-13
ENSG00000176971,FIBIN,FIBIN,protein_coding,2625.4103623772717,1.187208137908979,0.16114295211719595,8.667456891828092e-15,2.8341587776865006e-13
ENSG00000106333,PCOLCE,PCOLCE,protein_coding,5804.693583520175,-0.6059116321406646,0.08028567832695288,8.694828821400964e-15,2.8365881916423694e-13
ENSG00000125398,SOX9,SOX9,protein_coding,569.7452954503615,-1.2916188695693,0.17572099211018358,8.930979595832648e-15,2.906962328858663e-13
ENSG00000183963,SMTN,SMTN,protein_coding,1382.7631292337014,-0.9000822546097342,0.12101523918562807,9.135529300131722e-15,2.9667527115313613e-13
ENSG00000168994,PXDC1,PXDC1,protein_coding,1331.1069975401585,1.300898162025308,0.17760759482299157,9.533204481236254e-15,3.088845114831537e-13
ENSG00000205213,LGR4,LGR4,protein_coding,389.9183622587625,-1.0697837557067666,0.14434523931031223,1.0210462312246293e-14,3.3007639983952563e-13
ENSG00000183570,PCBP3,PCBP3,protein_coding,196.15912368329907,1.6078942478176643,0.21887576917490845,1.0466679708502409e-14,3.375919550424904e-13
ENSG00000169504,CLIC4,CLIC4,protein_coding,17376.172902375532,0.7440109685006243,0.09968993809287276,1.097310755970657e-14,3.5312552472684675e-13
ENSG00000189058,APOD,APOD,protein_coding,473.1433672760345,1.0182167302503322,0.13747616610584165,1.1758243637259004e-14,3.7753782730558035e-13
ENSG00000018625,ATP1A2,ATP1A2,protein_coding,675.9965343911742,-0.8992860700988774,0.12140883805317763,1.2823798066393364e-14,4.1082365697382706e-13
ENSG00000240445,FOXO3B,FOXO3B,pseudogene,670.5919661390461,0.9675497646323399,0.13124032535295058,1.4202047674465742e-14,4.539548901609005e-13
ENSG00000064205,WISP2,WISP2,protein_coding,1939.2902075735,-0.9341775677429495,0.12697519681432398,1.4373110555190357e-14,4.583926559126181e-13
ENSG00000072163,LIMS2,LIMS2,protein_coding,666.9802696245888,1.3059392243622785,0.17966289745582423,1.5232795646902858e-14,4.847232332920498e-13
ENSG00000077063,CTTNBP2,CTTNBP2,protein_coding,331.6094743231122,-1.0271361345391705,0.1395894649398799,1.5794321731542612e-14,5.014697149764779e-13
ENSG00000158716,DUSP23,DUSP23,protein_coding,159.31990470338098,1.2684240010074312,0.17303491205523946,1.624430109324056e-14,5.146078814036831e-13
ENSG00000068831,RASGRP2,RASGRP2,protein_coding,98.00266230459665,1.9391078481896151,0.2686632495927706,1.7113151737135835e-14,5.409277117978225e-13
ENSG00000213639,PPP1CB,PPP1CB,protein_coding,3986.2215968908154,0.9938495802510614,0.13557267285936314,1.919360030508323e-14,6.053431723714054e-13
ENSG00000130766,SESN2,SESN2,protein_coding,843.5688240193939,-0.9259789743348342,0.1264177887903157,2.1025976749663223e-14,6.616670205469241e-13
ENSG00000114450,GNB4,GNB4,protein_coding,1070.6262221069371,0.8966862285611003,0.12260229247976483,2.327748784234365e-14,7.307996014206679e-13
ENSG00000164104,HMGB2,HMGB2,protein_coding,1067.8036213636638,1.1908574272658932,0.16459085148403935,2.3325577829371713e-14,7.307996014206679e-13
ENSG00000161011,SQSTM1,SQSTM1,protein_coding,9085.579891637279,-0.7140089488119881,0.09704098770548421,2.3834198326533838e-14,7.450937076848731e-13
ENSG00000133789,SWAP70,SWAP70,protein_coding,3770.856757005632,0.6512994409502645,0.08817397905563842,2.58499070819404e-14,8.063356980998251e-13
ENSG00000214944,ARHGEF28,ARHGEF28,protein_coding,630.0473125401554,1.026525562358425,0.1414104393557034,3.0425833697754566e-14,9.469957516780327e-13
ENSG00000107104,KANK1,KANK1,protein_coding,1280.0336108089614,1.1182489310853514,0.15537051330548385,3.351746082471535e-14,1.0409440235169238e-12
ENSG00000091136,LAMB1,LAMB1,protein_coding,29200.63550979539,0.7321337038507997,0.10012904447342014,3.4839162543836555e-14,1.0796345272843815e-12
ENSG00000134684,YARS,YARS,protein_coding,1233.3976518692705,-0.7358511415705165,0.10055978349425869,3.802365341030309e-14,1.175757491539459e-12
ENSG00000049323,LTBP1,LTBP1,protein_coding,20231.768989573447,0.6639154981617296,0.09112348147807718,3.911565217408222e-14,1.2069002961478211e-12
ENSG00000136052,SLC41A2,SLC41A2,protein_coding,350.1098366457671,-0.9699384739756174,0.1338363970565494,4.0623664040677996e-14,1.2507164444039044e-12
ENSG00000085117,CD82,CD82,protein_coding,1915.1600046012377,1.1697642536020085,0.16346565839566513,4.1695357181547084e-14,1.2809390076680901e-12
ENSG00000112576,CCND3,CCND3,protein_coding,631.0476528666363,0.8969228635635472,0.12371640358548225,4.2661387757843956e-14,1.3077921971283889e-12
ENSG00000074410,CA12,CA12,protein_coding,2904.105526431307,-0.7784340427522121,0.10722273064750423,4.301897364762636e-14,1.3130941655876338e-12
ENSG00000169047,IRS1,IRS1,protein_coding,3614.19030578108,0.7075065841375138,0.09696409999766618,4.29375350030148e-14,1.3130941655876338e-12
ENSG00000150938,CRIM1,CRIM1,protein_coding,11006.907445502231,1.0072704368222538,0.14018303636594487,4.4117560190742834e-14,1.3411867141129705e-12
ENSG00000172465,TCEAL1,TCEAL1,protein_coding,396.3489204406808,0.9911148091674363,0.13696295355724808,4.412790932261461e-14,1.3411867141129705e-12
ENSG00000049540,ELN,ELN,protein_coding,7147.272436751083,0.9171107095955107,0.12719295394854796,4.6938371308333495e-14,1.4235637387840844e-12
ENSG00000113460,BRIX1,BRIX1,protein_coding,389.65993134044857,0.9353340442962988,0.12943578110764978,4.916150609808914e-14,1.487815452636638e-12
ENSG00000273179,RP11-20I20.4,RP11-20I20.4,antisense,168.73539355382087,-1.4785760347994366,0.20797602203296883,5.743924284554842e-14,1.7346407435988974e-12
ENSG00000183722,LHFP,LHFP,protein_coding,3022.4061662278955,0.6646917895304213,0.09137146500370527,5.9945640383536e-14,1.806497433930966e-12
ENSG00000112936,C7,C7,protein_coding,1961.7237250520855,3.069066894011634,0.4502240430504272,6.639853486172782e-14,1.996728879224559e-12
ENSG00000007237,GAS7,GAS7,protein_coding,429.5744719132626,-1.3674838204555648,0.19342229307760253,6.686096309857048e-14,2.0063931204938113e-12
ENSG00000122786,CALD1,CALD1,protein_coding,22861.46581000001,0.7669955701257781,0.1065723625343603,7.510289128333216e-14,2.2489758433981403e-12
ENSG00000115884,SDC1,SDC1,protein_coding,413.3075802992598,-0.8338266696473675,0.11616262017548579,8.593137425245163e-14,2.567831654132084e-12
ENSG00000169271,HSPB3,HSPB3,protein_coding,82.93853377620026,2.162698554807491,0.3091183412394342,8.99072571794594e-14,2.6810080212172544e-12
ENSG00000166592,RRAD,RRAD,protein_coding,106.26728088618566,-1.454454030032,0.20526752123565942,9.368046983413648e-14,2.7876799224283626e-12
ENSG00000168461,RAB31,RAB31,protein_coding,3778.75143493203,0.9368631884247994,0.13187128792258992,9.629492008431311e-14,2.8594967500611058e-12
ENSG00000075240,GRAMD4,GRAMD4,protein_coding,579.8635342629899,-1.141588644956881,0.1620364177399093,1.0815462743797697e-13,3.2049821264120506e-12
ENSG00000158122,AAED1,AAED1,protein_coding,852.9128117034709,0.804288709165463,0.11267040034684642,1.1425872699509828e-13,3.3788277188737586e-12
ENSG00000136960,ENPP2,ENPP2,protein_coding,466.9951777263648,-1.0487264306984598,0.14852224597419703,1.1766701654255998e-13,3.4723976002103178e-12
ENSG00000143382,ADAMTSL4,ADAMTSL4,protein_coding,3078.695606882089,0.8181938596658778,0.11510012670518055,1.2775861950622396e-13,3.762398765748509e-12
ENSG00000150540,HNMT,HNMT,protein_coding,1068.8495934730788,0.8656829932295634,0.12260228038733369,1.2831651476013906e-13,3.7710208800583015e-12
ENSG00000168398,BDKRB2,BDKRB2,protein_coding,5635.938291751698,-2.0379167606252406,0.29585746309157135,1.3439872780365546e-13,3.941623720163289e-12
ENSG00000170759,KIF5B,KIF5B,protein_coding,4453.550477223839,0.5492970134882349,0.07636350161745364,1.3992450379381357e-13,4.09523897523293e-12
ENSG00000185215,TNFAIP2,TNFAIP2,protein_coding,859.0819617791723,-0.8599352841394987,0.1214178560356837,1.4150883253286613e-13,4.133103971144739e-12
ENSG00000105516,DBP,DBP,protein_coding,85.0613492674772,-1.6031438942634932,0.22824197229513318,1.4286592999865875e-13,4.164190549796971e-12
ENSG00000136237,RAPGEF5,RAPGEF5,protein_coding,98.64828643192304,2.538859563262532,0.37284993116489146,1.4702247583804766e-13,4.2765801560744174e-12
ENSG00000163430,FSTL1,FSTL1,protein_coding,70267.07144482918,0.862733771468663,0.12207918154743683,1.4991721610381178e-13,4.351882616042079e-12
ENSG00000137266,SLC22A23,SLC22A23,protein_coding,142.14543432851994,-1.3331070247034689,0.18998194787522063,1.5652752594718746e-13,4.534516352490416e-12
ENSG00000168610,STAT3,STAT3,protein_coding,7869.619519424419,0.5969839332044589,0.08329893679356495,1.593465177186838e-13,4.606798512257233e-12
ENSG00000135842,FAM129A,FAM129A,protein_coding,2120.012675210258,-0.7341172743997559,0.1033267845311517,1.6599408417325494e-13,4.789249195294884e-12
ENSG00000196616,ADH1B,ADH1B,protein_coding,46447.731347920475,1.1059638292467793,0.15865799683936857,1.6758291283591484e-13,4.825302332344236e-12
ENSG00000167645,YIF1B,YIF1B,protein_coding,625.6666480646593,1.080568895161134,0.15450053495719732,1.718156570271595e-13,4.937183647584478e-12
ENSG00000101608,MYL12A,MYL12A,protein_coding,3582.543338945911,0.7988105897383074,0.11362233694188469,1.886606603184111e-13,5.4103008717118534e-12
ENSG00000177426,TGIF1,TGIF1,protein_coding,1031.9983571755113,0.8801024177877129,0.12510294111624345,1.9756068202269446e-13,5.6541310685931716e-12
ENSG00000197442,MAP3K5,MAP3K5,protein_coding,1553.7755211810886,0.6844650541756543,0.09645155124993435,1.9946766869006666e-13,5.697245219774113e-12
ENSG00000077157,PPP1R12B,PPP1R12B,protein_coding,1771.3505021487174,0.8598429974276439,0.12242199426550134,2.003540515913811e-13,5.711094248167946e-12
ENSG00000164171,ITGA2,ITGA2,protein_coding,849.2190074576713,-0.9923883044268846,0.14197788297205297,2.122709851344909e-13,6.038684985105997e-12
ENSG00000105889,STEAP1B,STEAP1B,protein_coding,231.2936032692107,0.994656884705161,0.1416748870134012,2.1467687117067723e-13,6.094937755552321e-12
ENSG00000253276,CCDC71L,CCDC71L,protein_coding,740.1802933286515,1.0904270896571011,0.15783225710311463,2.3122558147879474e-13,6.5516985477178814e-12
ENSG00000119711,ALDH6A1,ALDH6A1,protein_coding,564.3900834911034,1.15279783324565,0.1661496993886145,2.344367928451812e-13,6.629480996878445e-12
ENSG00000161513,FDXR,FDXR,protein_coding,598.4302680159686,-0.9826003195474039,0.14085319013665681,2.4534127863171545e-13,6.924076085828413e-12
ENSG00000164105,SAP30,SAP30,protein_coding,539.8284902564399,1.1759934791146744,0.16995057605559843,2.5472414541705526e-13,7.174646028538998e-12
ENSG00000070669,ASNS,ASNS,protein_coding,430.5767164594891,-0.9461069227504623,0.13547067572436214,2.6068011922297623e-13,7.32789331191228e-12
ENSG00000136997,MYC,MYC,protein_coding,745.853274193718,0.8077559050962735,0.1150594201915969,2.6771199018271355e-13,7.510720608202993e-12
ENSG00000128602,SMO,SMO,protein_coding,280.23990597799605,-0.9914124940862729,0.14203891105747768,2.734941497019337e-13,7.657836191654144e-12
ENSG00000012048,BRCA1,BRCA1,protein_coding,222.3139606384163,-1.1776614921177815,0.16990717979706604,2.7911263970443115e-13,7.799799974765872e-12
ENSG00000145362,ANK2,ANK2,protein_coding,1989.7575839982921,-0.9929488397269637,0.14311730915698892,2.8314707154412633e-13,7.89702734439932e-12
ENSG00000196715,VKORC1L1,VKORC1L1,protein_coding,1021.669521575935,0.6767643950813051,0.09602702392931896,2.9191116135953627e-13,8.125527121679147e-12
ENSG00000136295,TTYH3,TTYH3,protein_coding,2222.584810254398,-0.7448006539733353,0.10662807075424792,3.1948478980743784e-13,8.858385283081863e-12
ENSG00000187079,TEAD1,TEAD1,protein_coding,8447.953862040675,0.6950130906656672,0.09886266577821043,3.194443328541393e-13,8.858385283081863e-12
ENSG00000183726,TMEM50A,TMEM50A,protein_coding,2465.3048352063634,0.6642210713086583,0.09443385930781661,3.329982436839184e-13,9.21511093027248e-12
ENSG00000103710,RASL12,RASL12,protein_coding,1059.9561653788069,-1.0488211311506321,0.1520023467401518,3.3693152545740567e-13,9.305852462342016e-12
ENSG00000241399,CD302,CD302,protein_coding,678.4418704870676,1.504714187151498,0.22274487202766133,3.73582316767188e-13,1.029812960018698e-11
ENSG00000182010,RTKN2,RTKN2,protein_coding,119.06068501352942,-1.8207007968257185,0.2683094292245175,3.8011235764721507e-13,1.0457868810781407e-11
ENSG00000168679,SLC16A4,SLC16A4,protein_coding,329.88396248396964,-0.9147626077886976,0.1318748950819558,3.814984731179488e-13,1.0475741856428e-11
ENSG00000159023,EPB41,EPB41,protein_coding,343.96688134335875,-1.008845417863888,0.14600150385864552,4.1446025930950756e-13,1.135892625899506e-11
ENSG00000225783,MIAT,MIAT,lincRNA,70.17078624228918,-1.803099881962628,0.2619755182919469,4.18874094864053e-13,1.1457817548742865e-11
ENSG00000162643,WDR63,WDR63,protein_coding,89.5589516025272,-1.5692643544205214,0.2288696485431719,4.32270863192683e-13,1.1801575351348798e-11
ENSG00000178031,ADAMTSL1,ADAMTSL1,protein_coding,1496.520804711074,-1.1091851503648855,0.16234271891171423,4.551889811983072e-13,1.2403463732882607e-11
ENSG00000187758,ADH1A,ADH1A,protein_coding,694.7980799382001,1.1082354765070974,0.16164893257581944,4.627051924537353e-13,1.2584165693043845e-11
ENSG00000175471,MCTP1,MCTP1,protein_coding,158.53060817582372,1.728799455019042,0.25566776205803293,4.734620132494737e-13,1.2852144420726173e-11
ENSG00000185338,SOCS1,SOCS1,protein_coding,223.32810478475983,-1.178774079779557,0.1718394638622824,4.911770507234414e-13,1.3307623560933772e-11
ENSG00000170485,NPAS2,NPAS2,protein_coding,288.2021845313419,1.0976520752015861,0.1599365754701694,4.979709076233152e-13,1.3466042186376493e-11
ENSG00000101255,TRIB3,TRIB3,protein_coding,285.7141935341689,-1.0822042766170994,0.15799374953408418,5.510559058287184e-13,1.4873281222974748e-11
ENSG00000167460,TPM4,TPM4,protein_coding,50350.035353602914,0.7031435498647229,0.10110179844522174,5.534790325268832e-13,1.4910389694436337e-11
ENSG00000019991,HGF,HGF,protein_coding,1203.388874392871,-0.9489208765030543,0.1388755274564219,5.707491889154823e-13,1.5346571763958073e-11
ENSG00000087086,FTL,FTL,protein_coding,186607.10688794125,-0.6174849596108057,0.08870728298648031,6.115083771737889e-13,1.641150029607542e-11
ENSG00000049759,NEDD4L,NEDD4L,protein_coding,1219.2778906544781,-1.0909373406412273,0.16062111436160967,6.21129494726363e-13,1.6638316257980767e-11
ENSG00000178209,PLEC,PLEC,protein_coding,20383.00402350441,0.8250226525351055,0.12000384296414536,6.5646299063254e-13,1.7551747328491067e-11
ENSG00000183688,FAM101B,FAM101B,protein_coding,1156.3901207417307,0.7442076029843679,0.10768209777100442,6.602822819763524e-13,1.762074142369913e-11
ENSG00000168214,RBPJ,RBPJ,protein_coding,5939.158938184572,-0.6433401184594558,0.09271258014253733,6.718919385855057e-13,1.7896986768614667e-11
ENSG00000172954,LCLAT1,LCLAT1,protein_coding,827.9098187468287,0.9150728033153462,0.13389289789631562,7.232461849878184e-13,1.9228885486479866e-11
ENSG00000213160,KLHL23,KLHL23,protein_coding,204.25572782311187,1.467262792201929,0.21811082038199184,7.437056640992471e-13,1.9735950309977032e-11
ENSG00000048707,VPS13D,VPS13D,protein_coding,3212.8225476622656,0.6141061972160912,0.0891528540287292,7.497896323115495e-13,1.9860349590315603e-11
ENSG00000165030,NFIL3,NFIL3,protein_coding,1433.315387834976,1.0688559343884907,0.15794412342255043,7.601619113455884e-13,2.009766361892128e-11
ENSG00000144857,BOC,BOC,protein_coding,1429.5796904245,0.7181685915449393,0.10423698378049703,8.06104831664234e-13,2.1272792440801605e-11
ENSG00000131871,VIMP,VIMP,protein_coding,809.3546003162787,0.6566010159301912,0.09510292969696903,8.125028721625755e-13,2.140192750674162e-11
ENSG00000102780,DGKH,DGKH,protein_coding,467.62769691961023,0.7626804650656284,0.1108803192995799,8.249543037030904e-13,2.1689741249302692e-11
ENSG00000136830,FAM129B,FAM129B,protein_coding,18053.171766177922,0.630234024129328,0.09128352614633746,8.589356806949071e-13,2.25415149856169e-11
ENSG00000141298,SSH2,SSH2,protein_coding,2054.4066503883123,1.1770990540657338,0.17561122086576253,9.065640185108622e-13,2.374763646279651e-11
ENSG00000188706,ZDHHC9,ZDHHC9,protein_coding,1594.659525493276,0.7168870794466855,0.10435085205328029,9.112897235904787e-13,2.3827546007998105e-11
ENSG00000132688,NES,NES,protein_coding,737.0017656750886,-0.7637470037427592,0.11171920318936786,9.331603366999082e-13,2.4354628677466962e-11
ENSG00000082146,STRADB,STRADB,protein_coding,1151.783266697295,0.8547976634932549,0.12548348451910332,9.814492601812633e-13,2.5568011496004192e-11
ENSG00000075420,FNDC3B,FNDC3B,protein_coding,5807.665396635397,0.6693429588175723,0.0975147519050532,9.853480457340316e-13,2.5622651924169772e-11
ENSG00000070540,WIPI1,WIPI1,protein_coding,3496.2034763179604,0.9001657678714516,0.13302274261303307,1.0417175187623975e-12,2.703903282276705e-11
ENSG00000097096,SYDE2,SYDE2,protein_coding,202.08783501260424,1.2467734217118125,0.18556134647603797,1.0982596775152287e-12,2.845472796534902e-11
ENSG00000168646,AXIN2,AXIN2,protein_coding,317.3749649495796,1.0902327728664116,0.16151286390003392,1.1068098581595298e-12,2.862411531356573e-11
ENSG00000134138,MEIS2,MEIS2,protein_coding,703.6243794102963,-0.7880889605263428,0.11581092786401855,1.2495411279596512e-12,3.2256756813245154e-11
ENSG00000145506,NKD2,NKD2,protein_coding,157.88145542421606,1.376422230704903,0.20602650201437667,1.2679224293151281e-12,3.267197216409127e-11
ENSG00000163947,ARHGEF3,ARHGEF3,protein_coding,544.5994093228536,-0.8994589862617598,0.13294632879660628,1.2944017477890296e-12,3.32939791330039e-11
ENSG00000159840,ZYX,ZYX,protein_coding,8195.587720208148,0.6713802803969112,0.0982685050922307,1.3102551717192243e-12,3.3640919787967954e-11
ENSG00000183287,CCBE1,CCBE1,protein_coding,6334.060814186266,0.5764328297932613,0.08380237415132065,1.3291035721179663e-12,3.4063367945596314e-11
ENSG00000182199,SHMT2,SHMT2,protein_coding,1352.6558743980581,-0.692737146035024,0.10151774425530143,1.3445375460482842e-12,3.4396946142069776e-11
ENSG00000100739,BDKRB1,BDKRB1,protein_coding,135.29385265907578,-1.8115095355435218,0.2763838855150353,1.353625190505793e-12,3.456726159740467e-11
ENSG00000145604,SKP2,SKP2,protein_coding,620.5376000699287,0.8918363502859974,0.13232381880673957,1.3656717418728618e-12,3.481239221576987e-11
ENSG00000135362,PRR5L,PRR5L,protein_coding,112.00049171849011,1.467879845834113,0.2198792143883767,1.3776467991122477e-12,3.5054826602097697e-11
ENSG00000206560,ANKRD28,ANKRD28,protein_coding,5256.422089276986,0.6153390103461303,0.08986028852826984,1.420956905399758e-12,3.609230539715385e-11
ENSG00000061273,HDAC7,HDAC7,protein_coding,2851.5093963333456,0.5564282998309138,0.0818980954562383,1.5191168575142544e-12,3.8516788201930045e-11
ENSG00000184307,ZDHHC23,ZDHHC23,protein_coding,101.40734123359469,1.6316021373450287,0.24523221445765453,1.5284686261884516e-12,3.868494259591554e-11
ENSG00000109689,STIM2,STIM2,protein_coding,1148.878260992178,-0.9714956787630014,0.14520545063783508,1.5408687356524171e-12,3.892951491282412e-11
ENSG00000125430,HS3ST3B1,HS3ST3B1,protein_coding,359.0136126147756,0.8569900230492727,0.12683103704447943,1.5655244250951737e-12,3.9482303940698143e-11
ENSG00000164294,GPX8,GPX8,protein_coding,3565.6584792730496,-0.5378558929783789,0.07836024125887894,1.65103082384325e-12,4.156506626255998e-11
ENSG00000087116,ADAMTS2,ADAMTS2,protein_coding,4477.979890470623,0.6621060628020743,0.09843161110248926,1.7577342700199024e-12,4.417316653138356e-11
ENSG00000174099,MSRB3,MSRB3,protein_coding,3089.3712539102544,0.7036670161763329,0.10372648132329082,1.7908845470670158e-12,4.492688147703921e-11
ENSG00000145431,PDGFC,PDGFC,protein_coding,1015.6802739188026,-0.7276004077347017,0.10760570306123651,1.8996245454593598e-12,4.7570879462348474e-11
ENSG00000254851,RP11-109L13.1,RP11-109L13.1,pseudogene,471.8813800223114,1.052651501059714,0.15765700631101234,2.040552981493469e-12,5.101023832823041e-11
ENSG00000167549,CORO6,CORO6,protein_coding,1999.2722922466962,2.1539745936764025,0.33279288056185996,2.0833691177791096e-12,5.198919707243869e-11
ENSG00000128309,MPST,MPST,protein_coding,580.5214422578256,0.9299890099047866,0.1391640579536409,2.1207233313320423e-12,5.2828666663514837e-11
ENSG00000164291,ARSK,ARSK,protein_coding,493.86099077474773,0.8096225370277446,0.12041232687777143,2.1271239937353555e-12,5.2895474977083386e-11
ENSG00000138078,PREPL,PREPL,protein_coding,1205.6980703280306,-0.6568690885122099,0.09721276602722924,2.1767119579960475e-12,5.403412022781114e-11
ENSG00000152332,UHMK1,UHMK1,protein_coding,2984.4981775169517,0.6307316193329693,0.09306438292033253,2.189804006838889e-12,5.426441148654418e-11
ENSG00000185222,WBP5,WBP5,protein_coding,2795.5546806581774,0.6373871590204562,0.09435684104953584,2.208421765615304e-12,5.46305933810645e-11
ENSG00000055163,CYFIP2,CYFIP2,protein_coding,285.56271975529637,-0.9769787428350607,0.14659804448304853,2.36166011952218e-12,5.83198846182005e-11
ENSG00000100592,DAAM1,DAAM1,protein_coding,760.6588403514958,-0.9512433945756058,0.1432669159187941,2.4668802376366046e-12,6.081265944565522e-11
ENSG00000186469,GNG2,GNG2,protein_coding,279.04052886376746,-1.0767228627247447,0.16247382932474677,2.609970147532587e-12,6.422874632959086e-11
ENSG00000254332,GS1-44D20.1,GS1-44D20.1,pseudogene,1761.3590391470489,0.838399588999825,0.12623322098595213,2.807076309994002e-12,6.8960023200958e-11
ENSG00000184743,ATL3,ATL3,protein_coding,3499.8105474890526,0.71262270161125,0.10709026984466727,2.8346396259455756e-12,6.951709317146528e-11
ENSG00000118762,PKD2,PKD2,protein_coding,3827.501321364578,0.8018915670770103,0.12014094348480286,2.8397617638671997e-12,6.952284221901385e-11
ENSG00000134851,TMEM165,TMEM165,protein_coding,1901.9434452155433,0.5821753931950889,0.08613581847256772,2.915118959279968e-12,7.12451066611654e-11
ENSG00000157617,C2CD2,C2CD2,protein_coding,964.295368312677,1.0447352018022675,0.15853153486687868,2.941648898435387e-12,7.177017826988841e-11
ENSG00000196781,TLE1,TLE1,protein_coding,1108.8881447148005,0.8201766721548345,0.12320449571446808,2.9613181284745494e-12,7.212635112914725e-11
ENSG00000119514,GALNT12,GALNT12,protein_coding,287.74534223907585,-1.0939626529058193,0.1659476750393547,3.021203917381406e-12,7.345915302706516e-11
ENSG00000105894,PTN,PTN,protein_coding,5693.09722808743,-0.6327469850571893,0.09422191709146818,3.112759283446807e-12,7.5458045549006e-11
ENSG00000107731,UNC5B,UNC5B,protein_coding,565.1137842896808,-0.9947489526573909,0.15088722512715608,3.1140236738798175e-12,7.5458045549006e-11
ENSG00000246763,RGMB-AS1,RGMB-AS1,antisense,156.33093885159008,-1.5012849430501554,0.2307775132656482,3.1360467777040016e-12,7.586246490826823e-11
ENSG00000012171,SEMA3B,SEMA3B,processed_transcript,1273.8742438759891,-0.7197686616683225,0.1077442909464649,3.1883854053382207e-12,7.686710848395059e-11
ENSG00000134508,CABLES1,CABLES1,protein_coding,1065.334483467829,0.7767364354338627,0.11641978425733476,3.1879382103686674e-12,7.686710848395059e-11
ENSG00000166974,MAPRE2,MAPRE2,protein_coding,700.6253649697667,-0.8305614233451817,0.12503943404742393,3.2636401840724104e-12,7.854825377029775e-11
ENSG00000188153,COL4A5,COL4A5,protein_coding,443.14723076960735,-0.8538144725829508,0.12858661702099217,3.3477322404954617e-12,8.043605302163421e-11
ENSG00000225415,RP3-509I19.1,RP3-509I19.1,pseudogene,569.2915701186381,-1.3937673694054076,0.21602443289123976,3.425510593633053e-12,8.216604162535673e-11
ENSG00000166979,EVA1C,EVA1C,protein_coding,130.9144243491029,1.2904599743910492,0.19662664864848484,3.705242651381207e-12,8.872621460142472e-11
ENSG00000129128,SPCS3,SPCS3,protein_coding,3487.8490402735533,0.7139698011883812,0.1071747147321266,3.7960187885011296e-12,9.07471785674623e-11
ENSG00000169908,TM4SF1,TM4SF1,protein_coding,955.3496808092749,1.108244680815186,0.1699108275830402,3.8490826452468315e-12,9.186132809730023e-11
ENSG00000248144,ADH1C,ADH1C,polymorphic_pseudogene,822.4639914054193,1.0453811598948544,0.16069003614307384,3.971262975516173e-12,9.461850010677059e-11
ENSG00000113916,BCL6,BCL6,protein_coding,1693.0209825284264,0.758171000782955,0.11446307704511144,4.099311276610922e-12,9.750602608447116e-11
ENSG00000166484,MAPK7,MAPK7,protein_coding,1003.5547221404705,0.7863037831119929,0.11894870501446708,4.511993114990686e-12,1.0714288825981221e-10
ENSG00000182197,EXT1,EXT1,protein_coding,5316.937563761797,-0.8270770241331145,0.12548954751549143,4.5893843069330996e-12,1.0879900396969401e-10
ENSG00000177606,JUN,JUN,protein_coding,3165.15536221322,-1.1721185926626616,0.18139432198126565,4.629935628220192e-12,1.0957771110782698e-10
ENSG00000149256,TENM4,TENM4,protein_coding,652.454955474846,-1.3377628832276736,0.2087579205307927,5.01639787588996e-12,1.185269823698651e-10
ENSG00000165996,PTPLA,PTPLA,protein_coding,276.64318907194047,0.8794128103726986,0.13359727029590962,5.174563714267134e-12,1.2206135036772093e-10
ENSG00000127589,TUBBP1,TUBBP1,pseudogene,308.80780357845913,-1.1283713085800868,0.17389478528386557,5.293582705580287e-12,1.2466211987446027e-10
ENSG00000112715,VEGFA,VEGFA,protein_coding,1883.770664527791,-1.2170970196075748,0.19068343503338397,6.349904276605216e-12,1.4929097261228527e-10
ENSG00000105835,NAMPT,NAMPT,protein_coding,2647.099879465806,1.0008032245952414,0.15468211464197507,6.473338297680347e-12,1.5194185469670835e-10
ENSG00000093167,LRRFIP2,LRRFIP2,protein_coding,1952.889379673543,0.6832672320364822,0.10406476808040696,7.130355758545155e-12,1.6708761171259685e-10
ENSG00000092841,MYL6,MYL6,protein_coding,7894.4204476580635,0.6495209017152118,0.09896970093378331,7.216047685826422e-12,1.6881753664999182e-10
ENSG00000136877,FPGS,FPGS,protein_coding,1052.5343439003018,0.6072911874127995,0.09195604287714598,7.551215862915432e-12,1.7636862797062252e-10
ENSG00000166272,WBP1L,WBP1L,protein_coding,2559.9438528504124,0.656102550643691,0.0998112689898672,7.696239937500177e-12,1.794611751983648e-10
ENSG00000166793,YPEL4,YPEL4,protein_coding,140.0023700761634,-1.2028545698142523,0.1862017996983084,7.964472334574918e-12,1.8541187313746912e-10
ENSG00000152518,ZFP36L2,ZFP36L2,protein_coding,8123.397366339733,0.6166315197044169,0.09358091543074881,8.005188972240221e-12,1.8605524173389688e-10
ENSG00000154263,ABCA10,ABCA10,protein_coding,154.4002530951998,-1.4334326379106113,0.2244907712438911,8.169310928826534e-12,1.8955999780037296e-10
ENSG00000077943,ITGA8,ITGA8,protein_coding,469.7189771104733,1.1195911654013118,0.1749945983373202,8.448013238181327e-12,1.9570772035812897e-10
ENSG00000158079,PTPDC1,PTPDC1,protein_coding,309.333914627094,0.8950714610401049,0.13794362825701015,8.513134205892251e-12,1.9689564381237624e-10
ENSG00000124249,KCNK15,KCNK15,protein_coding,97.2025060204114,-1.4008223486105578,0.21776810460763193,8.541740217740358e-12,1.9723654684600462e-10
ENSG00000163931,TKT,TKT,protein_coding,5069.399430019217,-0.6682731557435517,0.10187420953505319,8.86801375914197e-12,2.0443861865483858e-10
ENSG00000111801,BTN3A3,BTN3A3,protein_coding,772.317515139794,-0.74709239034718,0.11449393597501167,8.888661522408723e-12,2.0458304448987324e-10
ENSG00000176928,GCNT4,GCNT4,protein_coding,260.57009052582555,1.618968947197347,0.25743880475351055,8.967543399807623e-12,2.0606516529703333e-10
ENSG00000174804,FZD4,FZD4,protein_coding,1303.7964834687848,0.7511441162654277,0.11518134698974937,9.003866680245414e-12,2.0656612848356576e-10
ENSG00000064666,CNN2,CNN2,protein_coding,8477.207725564149,0.7264921640751516,0.11294323466820826,9.27535889792556e-12,2.1245202087615648e-10
ENSG00000131979,GCH1,GCH1,protein_coding,85.25218934584396,1.522671760179152,0.2380348308940159,9.302758754393706e-12,2.1273704264066895e-10
ENSG00000168234,TTC39C,TTC39C,protein_coding,593.4023125017846,0.7324147074067758,0.11231113230250174,9.79123466159372e-12,2.2354818912762288e-10
ENSG00000144810,COL8A1,COL8A1,protein_coding,3442.593807042004,0.9816066456345369,0.15311381513282737,1.0001716339529021e-11,2.2798784168823846e-10
ENSG00000111371,SLC38A1,SLC38A1,protein_coding,2475.0270527877265,0.7661067231994699,0.11804882789446319,1.002609502977276e-11,2.2817788112558038e-10
ENSG00000150687,PRSS23,PRSS23,protein_coding,7194.526855339041,-0.7042242376926292,0.10833839467217328,1.0054827453779736e-11,2.2846623914147437e-10
ENSG00000133818,RRAS2,RRAS2,protein_coding,2969.1559164484715,0.601995920567413,0.09179546261304462,1.0620905982574323e-11,2.4094380653291414e-10
ENSG00000102524,TNFSF13B,TNFSF13B,protein_coding,64.431619032317,-1.6465547087358747,0.25768964945918765,1.0998340116690127e-11,2.4910890098694325e-10
ENSG00000171492,LRRC8D,LRRC8D,protein_coding,459.73975621660713,-0.7487137651460011,0.11535036827589466,1.1496690417929763e-11,2.5998239189925747e-10
ENSG00000197860,SGTB,SGTB,protein_coding,526.0403712278804,0.7584936310052106,0.1171896531745392,1.1815721228201774e-11,2.667727281745112e-10
ENSG00000007866,TEAD3,TEAD3,protein_coding,1624.6612258138211,0.5682931782594886,0.08667124613961545,1.1870162902214132e-11,2.671537929131231e-10
ENSG00000091317,CMTM6,CMTM6,protein_coding,1933.6671284212302,0.597129540150933,0.09120418163089505,1.1854923299948592e-11,2.671537929131231e-10
ENSG00000134247,PTGFRN,PTGFRN,protein_coding,1280.282544071345,-0.7682616509261544,0.1189702891910995,1.232510797154947e-11,2.769547168836014e-10
ENSG00000158555,GDPD5,GDPD5,protein_coding,633.3632524024165,0.8113444331871494,0.12568609487117108,1.2436196940168767e-11,2.790101975977296e-10
ENSG00000112658,SRF,SRF,protein_coding,1309.6602190630567,0.878770726255286,0.13696246580959004,1.2615067841978823e-11,2.825775196603256e-10
ENSG00000158747,NBL1,NBL1,protein_coding,1698.537499261869,0.8175837229887422,0.1275113200332746,1.3866777972007986e-11,3.10127436908556e-10
ENSG00000138944,KIAA1644,KIAA1644,protein_coding,244.05431558617144,-1.525611019131676,0.24526537788478542,1.4213933040335777e-11,3.1739243887870657e-10
ENSG00000129467,ADCY4,ADCY4,protein_coding,106.34035950947107,-1.6024327951375588,0.25528550747174866,1.4550805694684481e-11,3.2440542351284027e-10
ENSG00000102984,ZNF821,ZNF821,protein_coding,90.83341144331553,-1.3533921767460895,0.21285405678444017,1.4802114724086917e-11,3.294918307283448e-10
ENSG00000143196,DPT,DPT,protein_coding,1716.6346795762088,1.0001926064268243,0.15750204190474726,1.4955356788052547e-11,3.3238280461446784e-10
ENSG00000196850,PPTC7,PPTC7,protein_coding,522.165383035676,1.1138699057125148,0.1761958267986492,1.5122184279481397e-11,3.355662233874312e-10
ENSG00000184304,PRKD1,PRKD1,protein_coding,779.9379870216371,0.687049230835206,0.10621489153356742,1.575168555824464e-11,3.489906158574327e-10
ENSG00000109189,USP46,USP46,protein_coding,649.2707526585364,0.6917439590196256,0.10696508596518287,1.604555478884217e-11,3.54948633462661e-10
ENSG00000121858,TNFSF10,TNFSF10,protein_coding,248.70236775435558,-1.0017133466026698,0.15718391141860824,1.632305439561491e-11,3.6052659273792926e-10
ENSG00000106948,AKNA,AKNA,protein_coding,524.8934439254272,-0.748288822024875,0.11632928230444584,1.663266964003626e-11,3.667954929610477e-10
ENSG00000189320,FAM180A,FAM180A,protein_coding,1571.8887464970794,0.7227840789137795,0.11286458564566833,1.6808122701310965e-11,3.700909246183392e-10
ENSG00000144730,IL17RD,IL17RD,protein_coding,817.5108863418379,-0.7448966355980526,0.11604904765727787,1.688796592572649e-11,3.7127423079989743e-10
ENSG00000184898,RBM43,RBM43,protein_coding,754.3581351675381,-0.6889520975287675,0.1071615741651749,1.872361211257721e-11,4.109948436563244e-10
ENSG00000117868,ESYT2,ESYT2,protein_coding,5014.0965595207,0.5255500440174548,0.08067815109805943,1.908786721344756e-11,4.1834487402785534e-10
ENSG00000161813,LARP4,LARP4,protein_coding,1032.293161127567,0.7550511392678623,0.117903713539605,1.940323252845033e-11,4.246024299764269e-10
ENSG00000172349,IL16,IL16,protein_coding,675.8404437842228,0.9265119793375253,0.1463098395339271,2.0005201133401304e-11,4.3710288928033815e-10
ENSG00000092969,TGFB2,TGFB2,protein_coding,201.69587951000358,-1.4499355008231447,0.2329547767741227,2.01398547471233e-11,4.393197442287901e-10
ENSG00000135679,MDM2,MDM2,protein_coding,2130.509405166794,-0.5784494726465362,0.08910506088336953,2.01684331398622e-11,4.393197442287901e-10
ENSG00000164933,SLC25A32,SLC25A32,protein_coding,464.01272663364654,0.8148255750297633,0.1277883786249564,2.042184090077747e-11,4.441594265636984e-10
ENSG00000123213,NLN,NLN,protein_coding,520.8852850790697,0.7699027165591491,0.12033150986340407,2.0500519344895502e-11,4.4518990406380704e-10
ENSG00000150593,PDCD4,PDCD4,protein_coding,2244.316006834302,-0.5971021365454205,0.09224408102942604,2.067518080860212e-11,4.482984326548118e-10
ENSG00000081320,STK17B,STK17B,protein_coding,1495.7010871543796,1.0195173475571377,0.16219252334692402,2.1770979518157486e-11,4.713400497203533e-10
ENSG00000072210,ALDH3A2,ALDH3A2,protein_coding,943.7450660260824,-0.9504327465991944,0.1509862886197701,2.34762536988378e-11,5.074866757025362e-10
ENSG00000188215,DCUN1D3,DCUN1D3,protein_coding,564.4710322042375,0.7142165869657623,0.11166214729842963,2.3657650850789407e-11,5.106319054652937e-10
ENSG00000003096,KLHL13,KLHL13,protein_coding,379.873372214941,-0.9144282343749999,0.14477024093004442,2.5573032022229685e-11,5.511375870972652e-10
ENSG00000143786,CNIH3,CNIH3,protein_coding,78.21115124063907,-1.4635072796134192,0.23370450725778621,2.5970257244947145e-11,5.588516475826448e-10
ENSG00000175741,RWDD4P2,RWDD4P2,pseudogene,220.6404826498015,1.080145336121623,0.17180466776441505,2.6040549721895053e-11,5.595177934202949e-10
ENSG00000167106,FAM102A,FAM102A,protein_coding,928.5262856885104,-0.9287520435727373,0.14775837010716977,2.6475035069858584e-11,5.679953225243868e-10
ENSG00000149577,SIDT2,SIDT2,protein_coding,1343.926381184928,0.7122652859089186,0.11209595065591697,2.8232286726080673e-11,6.047832023972462e-10
ENSG00000165633,VSTM4,VSTM4,protein_coding,2180.059638076971,0.5993967614699808,0.09358141772846136,2.8647368112545398e-11,6.127521263651815e-10
ENSG00000159674,SPON2,SPON2,protein_coding,8701.007896932058,-0.9630059405724264,0.1543707920047434,2.8698653910326277e-11,6.129274072379595e-10
ENSG00000116133,DHCR24,DHCR24,protein_coding,4842.111513141937,0.8777067969163467,0.13965305365295247,2.949405233562898e-11,6.289706153253172e-10
ENSG00000161682,FAM171A2,FAM171A2,protein_coding,301.48105117313554,-0.9344863786035424,0.14854507820154145,2.9577576310890934e-11,6.298075530630429e-10
ENSG00000110090,CPT1A,CPT1A,protein_coding,2280.517565483168,0.7006202069643566,0.11021605999355785,2.9733392316257505e-11,6.321790318482014e-10
ENSG00000182809,CRIP2,CRIP2,protein_coding,814.1570758527479,0.6287423403812509,0.09843388448494907,3.0686434879974183e-11,6.514684324369445e-10
ENSG00000166341,DCHS1,DCHS1,protein_coding,1756.2149422099983,-0.6715319786281986,0.10569848231087159,3.2656421944408683e-11,6.922577432746186e-10
ENSG00000213853,EMP2,EMP2,protein_coding,1040.9242491589996,0.6851851755313414,0.10791342112529333,3.43596703669864e-11,7.272796894345456e-10
ENSG00000198189,HSD17B11,HSD17B11,protein_coding,1218.9819178012096,0.7355166377678702,0.1164746829893346,3.531250462040096e-11,7.463373933441058e-10
ENSG00000267669,RP11-824M15.3,RP11-824M15.3,pseudogene,85.86791653060051,1.399703979616824,0.2252226839702342,3.541888894103944e-11,7.474751873847849e-10
ENSG00000143869,GDF7,GDF7,protein_coding,99.27488674379254,1.7751214727131133,0.29105644788824775,3.595812741120445e-11,7.577309693288475e-10
ENSG00000104936,DMPK,DMPK,protein_coding,1261.7448896083613,0.7758647418451025,0.12336279406025595,3.939786215964772e-11,8.289869694657237e-10
ENSG00000158301,GPRASP2,GPRASP2,protein_coding,322.86248243640784,-0.83660958719462,0.13330083632835446,4.092996985924407e-11,8.599525720500556e-10
ENSG00000102996,MMP15,MMP15,protein_coding,165.7055994571235,1.1988906918218292,0.1941728496272107,4.2349282304136404e-11,8.884604594307319e-10
ENSG00000131459,GFPT2,GFPT2,protein_coding,1024.8560744462452,1.1646427146354676,0.1905578827168384,4.5553140780483285e-11,9.54267856349918e-10
ENSG00000117143,UAP1,UAP1,protein_coding,1605.1583402389656,0.6189778237365302,0.09786124179267484,4.695527051706534e-11,9.821937762275551e-10
ENSG00000155893,ACPL2,ACPL2,protein_coding,346.4581753398414,-0.8355200305391752,0.13338374758734875,4.736219661179011e-11,9.892509318738657e-10
ENSG00000152377,SPOCK1,SPOCK1,protein_coding,6556.756301120845,0.8454296614845812,0.13609987592649708,4.755671405177067e-11,9.918573323642024e-10
ENSG00000136859,ANGPTL2,ANGPTL2,protein_coding,6453.245056662309,-0.8539835665768106,0.13733124203089286,4.803667587021933e-11,1.0004006992357244e-9
ENSG00000064393,HIPK2,HIPK2,protein_coding,2615.654960732149,0.5596815561231316,0.08824502989761841,4.927487291798606e-11,1.0246868309728565e-9
ENSG00000064309,CDON,CDON,protein_coding,350.63760408452123,-1.5236639718015008,0.25423273595509205,4.9578965687301723e-11,1.0295054130455178e-9
ENSG00000185112,FAM43A,FAM43A,protein_coding,707.6534886115944,1.0796468105864856,0.1760599102344372,5.089492864476771e-11,1.055290765369061e-9
ENSG00000142327,RNPEPL1,RNPEPL1,protein_coding,963.8485976527597,0.5775075416548537,0.09117646643827533,5.1148792944207915e-11,1.0590108163586802e-9
ENSG00000109686,SH3D19,SH3D19,protein_coding,5955.083144237857,0.6928387344308797,0.1106155235718791,5.1507017388742623e-11,1.0648776385719113e-9
ENSG00000101290,CDS2,CDS2,protein_coding,2096.0480341933207,0.7037056716084729,0.11265817540883058,5.314326917154317e-11,1.0971115539855297e-9
ENSG00000264885,RP11-815I9.4,RP11-815I9.4,sense_intronic,336.0217320622657,0.9265065245752516,0.1495227855501661,5.4248879475966276e-11,1.1183131328494845e-9
ENSG00000170365,SMAD1,SMAD1,protein_coding,318.69794093396206,-0.860061269986959,0.1385443980760166,5.661169674904732e-11,1.1653325246866122e-9
ENSG00000160446,ZDHHC12,ZDHHC12,protein_coding,281.26693934875897,0.8406986026779432,0.13509110981298977,5.778279738541206e-11,1.1877203901880076e-9
ENSG00000132646,PCNA,PCNA,protein_coding,894.5493351601957,-0.6400023228175103,0.10186687439257974,5.803429463076756e-11,1.191168552421411e-9
ENSG00000196562,SULF2,SULF2,protein_coding,2285.5802871170836,-0.8079971769771852,0.13032208632178288,5.866063468002315e-11,1.2022894347098691e-9
ENSG00000196639,HRH1,HRH1,protein_coding,688.5592936285226,-0.6760696201255612,0.10829407789636199,5.884418676538168e-11,1.2043161331666029e-9
ENSG00000135723,FHOD1,FHOD1,protein_coding,342.0565586508632,-0.8134117882262055,0.1302024784895803,6.199121827205827e-11,1.2669009895140185e-9
ENSG00000125503,PPP1R12C,PPP1R12C,protein_coding,2603.927432039546,0.6253090458766364,0.09980593582616984,6.486384966783288e-11,1.323706452905674e-9
ENSG00000124104,SNX21,SNX21,protein_coding,855.5158404707219,-0.7726992581435124,0.12461200228396097,6.559521271141304e-11,1.3367139048812882e-9
ENSG00000272168,CASC15,CASC15,lincRNA,89.58485377766561,-1.6852225513696235,0.27905718508279886,6.577411045276642e-11,1.3384419843778965e-9
ENSG00000137801,THBS1,THBS1,protein_coding,90738.6610505794,1.7878056769381507,0.2995957351875207,7.38608778294573e-11,1.5008530374945722e-9
ENSG00000078053,AMPH,AMPH,protein_coding,359.59131724166843,1.089045243590623,0.1791384823737976,7.596344105194123e-11,1.5413751576644967e-9
ENSG00000178425,NT5DC1,NT5DC1,protein_coding,458.29850725169376,-0.708998338249087,0.11418451530710554,7.729844991316801e-11,1.5662295606337634e-9
ENSG00000090376,IRAK3,IRAK3,protein_coding,585.2801544154079,0.9762418670145153,0.16008626942253307,8.279494997321784e-11,1.6752138953329312e-9
ENSG00000181192,DHTKD1,DHTKD1,protein_coding,584.345024998182,0.7064194232733072,0.11404675324371868,8.428239153823786e-11,1.702887410852124e-9
ENSG00000159423,ALDH4A1,ALDH4A1,protein_coding,229.88555626661693,0.8869979439353513,0.14443735916235764,8.611194708421493e-11,1.737384872802657e-9
ENSG00000185070,FLRT2,FLRT2,protein_coding,1024.8453410081015,-0.714782204978693,0.1155935919762189,8.639200714283582e-11,1.740566444192205e-9
ENSG00000161642,ZNF385A,ZNF385A,protein_coding,498.12953544263667,-0.8210097400975502,0.1336936365509666,8.892759389425719e-11,1.7891175326052536e-9
ENSG00000196372,ASB13,ASB13,protein_coding,280.71689587458667,0.8337806970660668,0.13585154125744323,9.225237413545036e-11,1.853386680370969e-9
ENSG00000229644,NAMPTL,NAMPTL,protein_coding,748.9708453368514,1.0292104253700665,0.17002817026111514,9.341651649692642e-11,1.8741276878029358e-9
ENSG00000176293,ZNF135,ZNF135,protein_coding,145.8927240404808,-1.1083175567140386,0.18224272987366089,9.42481536654457e-11,1.888148926390563e-9
ENSG00000067900,ROCK1,ROCK1,protein_coding,2665.7078435110316,0.5460111980999194,0.0875554257721628,1.0020738782193297e-10,2.004711511081821e-9
ENSG00000198960,ARMCX6,ARMCX6,protein_coding,621.9349247419784,-0.6325999014686222,0.1019876611109429,1.0172299058560194e-10,2.032173901811239e-9
ENSG00000225697,SLC26A6,SLC26A6,protein_coding,386.1001131013861,0.851190785219655,0.13928448283628833,1.0453602546588997e-10,2.0854423930249915e-9
ENSG00000161381,PLXDC1,PLXDC1,protein_coding,492.15594140286635,-1.265632685752277,0.21375648113684506,1.202893092847532e-10,2.3963517300648873e-9
ENSG00000153207,AHCTF1,AHCTF1,protein_coding,1848.167587411412,1.165601660235376,0.19597969538345922,1.2356180259731506e-10,2.4581022099919012e-9
ENSG00000124496,TRERF1,TRERF1,protein_coding,486.51837676122994,-0.8159365743166317,0.1341535658282062,1.2849548515450782e-10,2.5526812581532388e-9
ENSG00000137872,SEMA6D,SEMA6D,protein_coding,290.31992262075573,-1.3164130678139576,0.22251464331542684,1.3713301997309368e-10,2.720474304180313e-9
ENSG00000105419,MEIS3,MEIS3,protein_coding,887.452936754958,0.6560699087565488,0.10702561492919328,1.4784341465832536e-10,2.928864526601699e-9
ENSG00000197872,FAM49A,FAM49A,protein_coding,310.4912182234526,-0.8359575581682167,0.13785715310156096,1.4826580658854158e-10,2.93314719459724e-9
ENSG00000083720,OXCT1,OXCT1,protein_coding,889.3903708379042,0.6555006195534702,0.1069792530606267,1.49355001410492e-10,2.950591027865053e-9
ENSG00000111450,STX2,STX2,protein_coding,1140.951687186617,0.6139885001822216,0.10045066320285173,1.5049541410696024e-10,2.9689969074305165e-9
ENSG00000067167,TRAM1,TRAM1,protein_coding,9797.65305984749,0.5777700880687873,0.09391064284221858,1.5789550701603667e-10,3.1106727033187057e-9
ENSG00000152990,GPR125,GPR125,protein_coding,653.2985754051864,-0.7760819914257705,0.1278430263099497,1.585502586435385e-10,3.1192515614739857e-9
ENSG00000108828,VAT1,VAT1,protein_coding,12595.936247488666,-0.6107653379369462,0.09954139182793491,1.6048368049825705e-10,3.1529279991812272e-9
ENSG00000198467,TPM2,TPM2,protein_coding,19246.25152785177,0.7054472668857683,0.11610821625051881,1.6153775071382613e-10,3.1692592636599486e-9
ENSG00000079257,LXN,LXN,protein_coding,1740.6000782983324,-1.0425395387534009,0.17589326816432987,1.700200800382733e-10,3.3310821190969694e-9
ENSG00000163251,FZD5,FZD5,protein_coding,54.33791941471471,2.26429090591966,0.3900565226558547,1.7038806931273182e-10,3.333699997117328e-9
ENSG00000198932,GPRASP1,GPRASP1,protein_coding,193.278768625718,-0.9642371114774376,0.1605259710627735,1.8628323155088387e-10,3.63968775491727e-9
ENSG00000067445,TRO,TRO,protein_coding,654.7580524643554,-0.7325842037454487,0.12104139228474185,1.8964102270501248e-10,3.700211120653083e-9
ENSG00000042286,AIFM2,AIFM2,protein_coding,596.2753934952041,0.6703200066752781,0.11021353834768233,1.9004543442451038e-10,3.7030222729510077e-9
ENSG00000116679,IVNS1ABP,IVNS1ABP,protein_coding,747.6872202535749,-0.7628766155897393,0.12653462473305074,2.0192146632535665e-10,3.929043689482726e-9
ENSG00000134762,DSC3,DSC3,protein_coding,302.42387994424126,1.1978893834326427,0.20232934026281132,2.0342196170969136e-10,3.952833310599249e-9
ENSG00000147459,DOCK5,DOCK5,protein_coding,1158.0434158836085,0.725466857171094,0.12017321895364166,2.0635214539561578e-10,4.0043013862308855e-9
ENSG00000196123,KIAA0895L,KIAA0895L,protein_coding,303.41077757947835,-0.9297115509209793,0.15565515249547807,2.0687506242004368e-10,4.008979411257086e-9
ENSG00000226950,DANCR,DANCR,processed_transcript,221.38786837483678,1.0700964792705903,0.18039556109396204,2.1965749079783287e-10,4.250895440963775e-9
ENSG00000175197,DDIT3,DDIT3,protein_coding,436.2988861357128,-1.002978624244152,0.16937752125573935,2.2254345063911081e-10,4.300894078655859e-9
ENSG00000137880,GCHFR,GCHFR,protein_coding,102.20856156420203,1.2541209080981206,0.21216378638286906,2.3219975940239212e-10,4.481423850392979e-9
ENSG00000182704,TSKU,TSKU,protein_coding,1017.4662086117286,0.8694909750900865,0.14610357417088127,2.366634566431627e-10,4.561383478715917e-9
ENSG00000154767,XPC,XPC,protein_coding,1488.2370055581275,-0.546298743728228,0.08960925829183272,2.4964172528977596e-10,4.805012044007812e-9
ENSG00000215386,LINC00478,LINC00478,lincRNA,102.02476868746275,-1.3022827509905355,0.22138485706669972,2.7015384717056433e-10,5.192795029937983e-9
ENSG00000011198,ABHD5,ABHD5,protein_coding,1162.2564763308799,1.062526262460385,0.18181814086096254,2.7693204226469813e-10,5.315899283634368e-9
ENSG00000078124,ACER3,ACER3,protein_coding,306.0286046853817,0.8091949354178494,0.13561696194736822,2.8629046556319254e-10,5.488134207777427e-9
ENSG00000111452,GPR133,GPR133,protein_coding,7944.51399023148,0.7054684455905518,0.11773895690537246,2.9938285146745856e-10,5.731388531996138e-9
ENSG00000070193,FGF10,FGF10,protein_coding,116.1340504172627,-1.2122910027256257,0.2058669823145318,3.1378828579724373e-10,5.999092173629025e-9
ENSG00000229619,MBNL1-AS1,MBNL1-AS1,antisense,489.21496428405953,0.7012809776767611,0.11697192964189135,3.275733099401371e-10,6.2542318934073966e-9
ENSG00000130529,TRPM4,TRPM4,protein_coding,528.5624124203802,0.6744630065911,0.1130122242323241,3.3074578631526263e-10,6.3063378881344445e-9
ENSG00000198585,NUDT16,NUDT16,protein_coding,1306.0724827019894,0.6172888218370493,0.10285740809626627,3.455635476150401e-10,6.580048060610884e-9
ENSG00000135744,AGT,AGT,protein_coding,661.1982075294728,-1.107505236758287,0.1914092806112868,3.6272950642912156e-10,6.897679812096023e-9
ENSG00000172831,CES2,CES2,protein_coding,1203.4700874306538,-0.5310286248217345,0.0879089475176044,3.6884252192180857e-10,7.004560790141262e-9
ENSG00000171469,ZNF561,ZNF561,protein_coding,606.155295150729,-0.6447655519130265,0.10771441908849513,3.808897257043749e-10,7.223700611225371e-9
ENSG00000093144,ECHDC1,ECHDC1,protein_coding,1530.1709002867376,0.6945289380344952,0.11660991890735829,3.9031736816629627e-10,7.39264213688069e-9
ENSG00000177469,PTRF,PTRF,protein_coding,19604.152560945902,0.6154772973471746,0.10361273469387663,4.279792059671764e-10,8.09518115116638e-9
ENSG00000116016,EPAS1,EPAS1,protein_coding,22176.438181728947,-0.6456958171950811,0.10811685153909215,4.3697235872473416e-10,8.254309203852084e-9
ENSG00000025708,TYMP,TYMP,protein_coding,144.99397069670198,1.162029637465232,0.2004812256757828,4.544084578275784e-10,8.57228899753246e-9
ENSG00000132170,PPARG,PPARG,protein_coding,517.2991248172796,0.9845328014527679,0.16984688255637423,4.868701236009756e-10,9.172504156424208e-9
ENSG00000246705,H2AFJ,H2AFJ,protein_coding,705.7070063794547,0.7305624115581223,0.12370609734416475,4.981212581993117e-10,9.372059228342604e-9
ENSG00000131370,SH3BP5,SH3BP5,protein_coding,286.04377146190853,-0.9578351428971482,0.1646816200976609,5.16327857591236e-10,9.701779982004943e-9
ENSG00000142875,PRKACB,PRKACB,protein_coding,1015.7471526954195,-0.5807216691982576,0.09760022522859381,5.430630230334041e-10,1.0177727368018202e-8
ENSG00000226121,AHCTF1P1,AHCTF1P1,pseudogene,508.0638047561133,1.1734741213484077,0.20549148205738696,5.430887986730748e-10,1.0177727368018202e-8
ENSG00000140450,ARRDC4,ARRDC4,protein_coding,1275.939658478895,-0.7106207824958581,0.12098078432824966,5.795374643948691e-10,1.084650117572713e-8
ENSG00000204219,TCEA3,TCEA3,protein_coding,436.9390054775808,-0.7000209706158106,0.11901819640443077,6.032691693185172e-10,1.1275822160823375e-8
ENSG00000105711,SCN1B,SCN1B,protein_coding,101.8978773558549,-1.2374816279157548,0.21454449381621926,6.25552130195272e-10,1.167697309697841e-8
ENSG00000108797,CNTNAP1,CNTNAP1,protein_coding,1579.1889047798968,-0.5919110290464015,0.10002131785111364,6.27970577413422e-10,1.1706754250496085e-8
ENSG00000008513,ST3GAL1,ST3GAL1,protein_coding,1575.224175829975,-0.5834188532755697,0.09861384158180576,6.325687042615261e-10,1.1777038284575847e-8
ENSG00000065320,NTN1,NTN1,protein_coding,4258.038776544484,0.5063130523921092,0.08486818081973725,6.438125616129839e-10,1.1970705720762201e-8
ENSG00000071127,WDR1,WDR1,protein_coding,9767.850873625774,0.7801284339546857,0.13418420178469606,6.858683121000699e-10,1.2736019414244641e-8
ENSG00000177409,SAMD9L,SAMD9L,protein_coding,819.5917132972821,-0.5634855517542406,0.0952667133524278,6.924356149257307e-10,1.2841204937032065e-8
ENSG00000197321,SVIL,SVIL,protein_coding,8227.38279979985,-0.5020877504587347,0.08446406930728959,7.019733976602224e-10,1.3001132302498702e-8
ENSG00000008130,NADK,NADK,protein_coding,1669.3145469766027,0.7344328089531892,0.12599341400638028,7.130240662077286e-10,1.3188627201220717e-8
ENSG00000137331,IER3,IER3,protein_coding,136.9161166093972,-1.2422148333583425,0.21773301439195025,7.670887239947986e-10,1.417022079234028e-8
ENSG00000134121,CHL1,CHL1,protein_coding,120.22926279123041,1.3234953799003064,0.2320718494530213,8.337116057225201e-10,1.538095185447098e-8
ENSG00000154127,UBASH3B,UBASH3B,protein_coding,417.15485587111164,0.9983805224125617,0.1753699429751029,8.724272007330939e-10,1.60743581648025e-8
ENSG00000105486,LIG1,LIG1,protein_coding,144.31920081883968,-0.9795562012086603,0.17044557455171533,8.832766860921067e-10,1.625320515261853e-8
ENSG00000087266,SH3BP2,SH3BP2,protein_coding,402.158664637905,-0.7722149978572519,0.1334305105500312,9.160143498304833e-10,1.6833834770011362e-08
ENSG00000074047,GLI2,GLI2,protein_coding,366.0708187878168,-0.8837220681970045,0.1539905210572334,9.213600915874101e-10,1.6910227022889448e-8
ENSG00000185716,C16orf52,C16orf52,protein_coding,426.689283470035,0.8135208249176185,0.14117608914779387,9.423965704511778e-10,1.7274031982084476e-8
ENSG00000143772,ITPKB,ITPKB,protein_coding,1248.4657274313172,-0.8764167256193335,0.15325673748001264,9.495186144499575e-10,1.7382178599660486e-8
ENSG00000136156,ITM2B,ITM2B,protein_coding,15087.576097702637,0.48777416916359573,0.08253127980589356,9.580179353853309e-10,1.751522765156934e-8
ENSG00000100994,PYGB,PYGB,protein_coding,3054.0930500119625,0.556789791841957,0.09477746923382649,9.612764551689174e-10,1.7552241718000873e-8
ENSG00000169750,RAC3,RAC3,protein_coding,73.83153701614985,1.3872097599762363,0.24476368387546812,9.781144455047356e-10,1.783679470879405e-8
ENSG00000123643,SLC36A1,SLC36A1,protein_coding,790.8276346721441,0.6948355752871744,0.12083132485700902,1.020074812289129e-9,1.8578161498080117e-8
ENSG00000226608,FTLP3,FTLP3,pseudogene,1934.4488455725889,-0.597937546548926,0.10295632495870741,1.0291659311479713e-9,1.8719764967581514e-8
ENSG00000113140,SPARC,SPARC,protein_coding,30025.716642918018,-0.5273509063715557,0.09054585877036693,1.0408212242990305e-9,1.8907587604635263e-8
ENSG00000095637,SORBS1,SORBS1,protein_coding,44.37892302704724,1.7843549562461112,0.31673787584411267,1.0452253866465125e-9,1.8963374872015297e-8
ENSG00000126705,AHDC1,AHDC1,protein_coding,597.149031767941,-0.636497076462925,0.10936293825170665,1.0503211462100045e-9,1.9031551571581023e-8
ENSG00000158467,AHCYL2,AHCYL2,protein_coding,535.5446155335635,-0.7045463534882086,0.12184439398548791,1.0952657780831445e-9,1.9820687566736195e-8
ENSG00000137193,PIM1,PIM1,protein_coding,748.9531692919579,-0.823333502326771,0.1442663046729744,1.1396201929196108e-9,2.0597150729464477e-8
ENSG00000137959,IFI44L,IFI44L,protein_coding,102.40858875221205,1.7514051415967173,0.32021459304487465,1.1667976402809264e-9,2.1061585831669924e-8
ENSG00000170873,MTSS1,MTSS1,protein_coding,1490.2923098199606,1.7272277749829814,0.31384535227309784,1.1717578875902548e-9,2.112431456664611e-8
ENSG00000138032,PPM1B,PPM1B,protein_coding,837.8951749826094,0.7223623208193531,0.12576631663296511,1.2088245292985602e-9,2.176496215790218e-8
ENSG00000134987,WDR36,WDR36,protein_coding,1080.2812458621936,-0.6932848890528777,0.12046664625969568,1.216302427039666e-9,2.1871916210129216e-8
ENSG00000142227,EMP3,EMP3,protein_coding,2293.4129592316935,-0.5956444127381263,0.10277338030654468,1.2453983529119913e-9,2.236685122704566e-8
ENSG00000126561,STAT5A,STAT5A,protein_coding,871.4294375147375,0.5732737970353424,0.0984933739800235,1.251837497183083e-9,2.2454144463975e-8
ENSG00000113657,DPYSL3,DPYSL3,protein_coding,4758.358725322331,-0.5947777519511277,0.10254849084641614,1.3373783110105594e-9,2.3958273420420905e-8
ENSG00000165072,MAMDC2,MAMDC2,protein_coding,642.1717887004086,2.518878673499775,0.47194852536988746,1.3552028511420235e-9,2.4247050760558667e-8
ENSG00000147655,RSPO2,RSPO2,protein_coding,152.19776680913995,-1.2812450288091681,0.22965657893840907,1.3925535790722093e-9,2.488402274965214e-8
ENSG00000129250,KIF1C,KIF1C,protein_coding,7194.701692589482,0.4837551091931875,0.0827934867640267,1.425335898989625e-9,2.5437864275067037e-8
ENSG00000183023,SLC8A1,SLC8A1,protein_coding,919.2779491727015,-0.8249393174609089,0.14599996953037808,1.465224571349693e-9,2.611698534195242e-8
ENSG00000178573,MAF,MAF,protein_coding,1439.2066875042478,-0.6571525905538042,0.11442860059264465,1.476317450613615e-9,2.628177649252573e-8
ENSG00000073712,FERMT2,FERMT2,protein_coding,3868.916020861424,0.5871096047461882,0.10169047090758111,1.5107956899235013e-9,2.6861947366839857e-8
ENSG00000076716,GPC4,GPC4,protein_coding,466.9814668832253,0.9303952183354065,0.1653879276708244,1.5525278671654887e-9,2.75694836236728e-8
ENSG00000135919,SERPINE2,SERPINE2,protein_coding,9425.166672627309,-0.6113695172336229,0.10620873037507293,1.6068961555925891e-9,2.8499365233352855e-8
ENSG00000086062,B4GALT1,B4GALT1,protein_coding,3127.8593262399395,-0.5814020601397955,0.10092894426006699,1.6196812253204338e-9,2.8690343398453114e-8
ENSG00000160613,PCSK7,PCSK7,protein_coding,2075.127156499597,0.7530580581886852,0.13276590059130372,1.757437986079347e-9,3.109178845023959e-8
ENSG00000164023,SGMS2,SGMS2,protein_coding,1608.5871919597405,0.5269463655801018,0.09112957715474014,1.7922407838526313e-9,3.166811541555258e-8
ENSG00000114698,PLSCR4,PLSCR4,protein_coding,2231.7786246105074,0.5014840621480856,0.08655201521699464,1.8343490988844685e-9,3.2371937447311016e-8
ENSG00000147649,MTDH,MTDH,protein_coding,3491.5222136935977,0.5004077646741885,0.0863940835487122,1.8573236722921946e-9,3.273676817185152e-8
ENSG00000181072,CHRM2,CHRM2,protein_coding,2973.1181192051195,-0.68675053513361894,0.12182835520145939,1.9120699960198013e-9,3.3660004484388185e-8
ENSG00000069020,MAST4,MAST4,protein_coding,839.6448148224188,-0.7321148448821185,0.1295748604476357,1.9323557058557675e-9,3.3975064969211916e-8
ENSG00000117602,RCAN3,RCAN3,protein_coding,280.05435422580945,0.8419878805814066,0.14937344580861273,1.937126966250744e-9,3.4016906133272325e-8
ENSG00000117643,MAN1C1,MAN1C1,protein_coding,968.2492467576975,-0.534259487763779,0.09265072659409387,1.942711697117642e-9,3.4030949728819384e-8
ENSG00000245532,NEAT1,NEAT1,lincRNA,24491.171201737747,-0.47128553758936664,0.08058525249569955,1.942180010232569e-9,3.4030949728819384e-8
ENSG00000074527,NTN4,NTN4,protein_coding,4104.348063182474,0.9445988449596378,0.17026438363360635,1.9485704395841808e-9,3.409159401309396e-8
ENSG00000242539,AC007620.3,AC007620.3,antisense,168.99868004370026,0.9694838793766557,0.17322208154726973,2.001342254701452e-9,3.497185777748582e-8
ENSG00000105327,BBC3,BBC3,protein_coding,294.0648496885741,-0.7362491529491776,0.12996579511017042,2.004464987127295e-9,3.498344782441551e-8
ENSG00000115963,RND3,RND3,protein_coding,17571.60379393603,-0.7353547304314273,0.1307087336083198,2.157292600894803e-9,3.760457102344078e-8
ENSG00000235109,ZSCAN31,ZSCAN31,protein_coding,71.79286079914978,-1.635330567274318,0.29937939611564524,2.16086823372138e-9,3.7620795295535997e-8
ENSG00000160460,SPTBN4,SPTBN4,protein_coding,176.72819139812762,-1.033022172212634,0.18583953974191114,2.1706203429711016e-9,3.7744381122763995e-8
ENSG00000017797,RALBP1,RALBP1,protein_coding,3353.2262710510763,0.5347926547787359,0.09316923023258152,2.179839987402667e-9,3.785841755899332e-8
ENSG00000126458,RRAS,RRAS,protein_coding,2027.9133547292417,0.5410407499581541,0.0944217014731397,2.2514392504873905e-9,3.905423402308859e-8
ENSG00000133069,TMCC2,TMCC2,protein_coding,144.83092487910483,-0.9909588199337858,0.1781175090510136,2.3707611285285136e-9,4.10739418906085e-8
ENSG00000226964,RHEBP2,RHEBP2,pseudogene,160.74708359880287,0.9054305550463426,0.16253291642913173,2.499625978855723e-9,4.3253868519761316e-8
ENSG00000204941,PSG5,PSG5,protein_coding,1864.9071934892472,-0.7314754558027632,0.13059689111902567,2.571448913003457e-9,4.4442635891325844e-8
ENSG00000138468,SENP7,SENP7,protein_coding,329.82687333434916,-0.7281558099976287,0.12945347054191944,2.5761817762496476e-9,4.4470399982251194e-8
ENSG00000166473,PKD1L2,PKD1L2,polymorphic_pseudogene,147.1772559506467,-1.4126414535145397,0.26190083760400246,2.7088178218851144e-9,4.670330266484105e-8
ENSG00000166780,C16orf45,C16orf45,protein_coding,1197.8648131290593,0.5031707387642544,0.08796763194421034,2.718665759430518e-9,4.6816345959006886e-8
ENSG00000114767,RRP9,RRP9,protein_coding,205.46958225040484,0.8759300616045508,0.15754278906689456,2.724052359751018e-9,4.6852383029139635e-8
ENSG00000134769,DTNA,DTNA,protein_coding,302.31424062052326,-0.8547310058152557,0.15360792262485992,2.7784606522153164e-9,4.773046415109984e-8
ENSG00000110906,KCTD10,KCTD10,protein_coding,2897.7727062088343,0.4983344562151737,0.08704656093294613,2.849772285235545e-9,4.889645474691242e-8
ENSG00000182670,TTC3,TTC3,protein_coding,6576.660940169059,-0.5408440543430726,0.09509067181629563,2.8928607554572675e-9,4.957596552484841e-8
ENSG00000152642,GPD1L,GPD1L,protein_coding,245.33490078478764,0.7858294957514954,0.1407487607144718,3.024115707241833e-9,5.176296247870979e-8
ENSG00000134201,GSTM5,GSTM5,protein_coding,411.70799420454995,-0.6868160173273884,0.12227080786133027,3.0465806850431764e-9,5.2084812096218925e-8
ENSG00000116704,SLC35D1,SLC35D1,protein_coding,635.9317949885442,0.7951817933345211,0.14324812025978848,3.096673936738275e-9,5.287765915506029e-8
ENSG00000165821,SALL2,SALL2,protein_coding,342.5115768181507,-0.7914768906683827,0.14212358698940553,3.1429491108275724e-9,5.360348699329903e-8
ENSG00000124702,KLHDC3,KLHDC3,protein_coding,1048.222025313883,0.5735476991449168,0.10147926102779023,3.15290129612409e-9,5.3708823995292275e-8
ENSG00000116001,TIA1,TIA1,protein_coding,1341.4723381953436,-0.4973963617592773,0.08734981992754784,3.236731613970487e-9,5.507089769989977e-8
ENSG00000176845,METRNL,METRNL,protein_coding,1144.1094643353601,-0.5530076329540472,0.0976364770947651,3.265891344916842e-9,5.5500643357344285e-8
ENSG00000198369,SPRED2,SPRED2,protein_coding,896.5299494782976,0.5982299650190959,0.1061486653887736,3.3504491357731716e-9,5.686967602295655e-8
ENSG00000179295,PTPN11,PTPN11,protein_coding,7643.323381695443,0.4734501029402372,0.08302243970145035,3.3949426370017586e-9,5.755621462301908e-8
ENSG00000067113,PPAP2A,PPAP2A,protein_coding,1197.0701754186389,-0.9034985133264162,0.16466787908835365,3.405593782601493e-9,5.7668054718718614e-8
ENSG00000185650,ZFP36L1,ZFP36L1,protein_coding,3967.1065757985984,-0.6250057009039229,0.11150255874509063,3.435334437735858e-9,5.810249351052895e-8
ENSG00000116649,SRM,SRM,protein_coding,1254.25213611287,0.7253755871425838,0.13069199416814903,3.451795607244056e-9,5.8311568548027856e-8
ENSG00000022267,FHL1,FHL1,protein_coding,10430.96944664595,0.4840145272029632,0.08506066009973164,3.557034409358155e-9,6.001809897830415e-8
ENSG00000133687,TMTC1,TMTC1,protein_coding,5729.384288374666,0.6434292739913693,0.11513187409220527,3.6289608369860312e-9,6.115916936645653e-8
ENSG00000204291,COL15A1,COL15A1,protein_coding,1384.8352953833232,-0.9107344232763155,0.1671075113479217,3.642672565875274e-9,6.131760304971587e-8
ENSG00000031698,SARS,SARS,protein_coding,2860.5493406738465,-0.5266852796377345,0.09319294552613913,3.704360503298094e-9,6.228229763464786e-8
ENSG00000261597,RP11-353B9.1,RP11-353B9.1,sense_overlapping,185.78937883793583,-1.0002201582688983,0.18283177570094233,3.728253900139829e-9,6.261001590978623e-8
ENSG00000118257,NRP2,NRP2,protein_coding,1760.017995937107,0.945768725915173,0.1741823490746618,3.9126224212404335e-9,6.555140320344396e-8
ENSG00000196476,C20orf96,C20orf96,protein_coding,125.3839755315111,-1.003925555208188,0.18321981609325422,3.909482164797205e-9,6.555140320344396e-8
ENSG00000072310,SREBF1,SREBF1,protein_coding,1565.7077400354879,-0.6770343618687223,0.12213371308577473,4.011726040281475e-9,6.713269552583964e-8
ENSG00000102221,JADE3,JADE3,protein_coding,229.46554606252383,-0.870589709598115,0.15833627516406243,4.048867923800168e-9,6.767461498018048e-8
ENSG00000114745,GORASP1,GORASP1,protein_coding,987.9180773819423,0.5222672773733137,0.09258926968666749,4.219058425801725e-9,7.043648714624851e-8
ENSG00000272870,RP11-798M19.6,RP11-798M19.6,antisense,130.99744381199184,0.9876611523141905,0.18087488026150822,4.430989108382697e-9,7.388791216604394e-8
ENSG00000198018,ENTPD7,ENTPD7,protein_coding,248.53699126385814,-0.8093363776701868,0.1472289267495045,4.4767870987842986e-9,7.456419167811225e-8
ENSG00000131236,CAP1,CAP1,protein_coding,7166.679561171395,0.4922242864318314,0.08745476290796632,4.86222809288556e-9,8.088927765287042e-8
ENSG00000253304,TMEM200B,TMEM200B,protein_coding,420.12129022263287,0.741858144184231,0.13475427333157458,5.014880708594137e-9,8.333138224187266e-8
ENSG00000261888,AC144831.1,AC144831.1,lincRNA,325.7180046021643,-0.7115036818202284,0.12922552678013505,5.192131178309248e-9,8.617604886846061e-8
ENSG00000183621,ZNF438,ZNF438,protein_coding,497.9466727981612,0.6541244535459815,0.11849869425422868,5.366597194237705e-9,8.896792364899432e-8
ENSG00000109339,MAPK10,MAPK10,protein_coding,778.5581802240255,-0.7330493509173516,0.13408073504604112,5.499367525621566e-9,9.106286808433195e-8
ENSG00000204103,MAFB,MAFB,protein_coding,128.83097803947484,-1.8196136504385483,0.3539214010057839,5.509360742937002e-9,9.112226419480919e-8
ENSG00000121691,CAT,CAT,protein_coding,2102.8484406195776,0.7025355058865894,0.1282814195168294,5.516673851999113e-9,9.113724607530242e-8
ENSG00000205581,HMGN1,HMGN1,protein_coding,1977.387587063328,-0.5429839632409565,0.09739888081076652,5.597580379757742e-9,9.236656997874028e-8
ENSG00000175538,KCNE3,KCNE3,protein_coding,105.62721529905953,-1.1406731981034348,0.21201779283993494,5.615070936819427e-9,9.25478204001385e-8
ENSG00000123610,TNFAIP6,TNFAIP6,protein_coding,324.5254787608198,-2.4102634914260785,0.47427139257785983,5.710159277667467e-9,9.400614070085884e-8
ENSG00000187720,THSD4,THSD4,protein_coding,3133.243256076149,-0.7184890373966899,0.13179888169519158,5.9747832488865215e-09,9.824892130885766e-8
ENSG00000066697,MSANTD3,MSANTD3,protein_coding,550.0984779490916,-0.6465231271873798,0.11723815522219726,5.984532628939544e-9,9.829560290304396e-8
ENSG00000109680,TBC1D19,TBC1D19,protein_coding,598.6904742785728,-0.6871173513553412,0.12530854404590952,6.074015083017326e-9,9.965027744041344e-8
ENSG00000159842,ABR,ABR,protein_coding,4102.104128345955,-0.4463781698618609,0.07955919908438631,6.167159635140328e-9,1.0106184176294472e-7
ENSG00000269728,RP11-145M9.4,RP11-145M9.4,lincRNA,302.5790164893763,1.0269957234516454,0.19239223810481398,6.435901793559282e-9,1.0534438102599221e-7
ENSG00000057252,SOAT1,SOAT1,protein_coding,1229.9663652061915,0.6196738531875164,0.11253512218988726,6.446756937744742e-9,1.0540077089940369e-7
ENSG00000272341,RP1-151F17.2,RP1-151F17.2,lincRNA,64.96238491999887,-1.4100218113607719,0.2648376082926501,6.491883889042535e-9,1.0601671232806088e-7
ENSG00000213064,SFT2D2,SFT2D2,protein_coding,1550.5763302079831,0.7550741790064042,0.13925302376744972,6.544015802635784e-9,1.0674550547785712e-7
ENSG00000164932,CTHRC1,CTHRC1,protein_coding,2383.8464675757637,0.8638412151086428,0.1609467569868011,6.911485180857136e-9,1.1261049852521409e-7
ENSG00000158813,EDA,EDA,protein_coding,82.10247903767085,1.3859917847835797,0.2616232757192564,6.943556998629719e-9,1.1293348298310945e-7
ENSG00000169692,AGPAT2,AGPAT2,protein_coding,598.0815029281382,0.5918601711590045,0.10727755758142238,6.947187683508209e-9,1.1293348298310945e-7
ENSG00000141574,SECTM1,SECTM1,protein_coding,631.7117132818112,-0.6576314409543733,0.12014407889414838,6.982069068317559e-9,1.1337094797688238e-7
ENSG00000062716,VMP1,VMP1,protein_coding,3084.6976797805964,0.518230503551393,0.09329104647587717,7.12609896651757e-9,1.1557768722890068e-7
ENSG00000164761,TNFRSF11B,TNFRSF11B,protein_coding,7660.471229915231,-1.5413416041088548,0.2966904346603462,7.136173154285662e-9,1.1560925620337047e-7
ENSG00000118680,MYL12B,MYL12B,protein_coding,5788.513275516025,0.45028497775280274,0.08049856900419773,7.1500138358505675e-9,1.1570170284543627e-7
ENSG00000148468,FAM171A1,FAM171A1,protein_coding,542.5180918749984,-0.6596496043170947,0.12058086763731461,7.159291786784134e-9,1.1572018906274719e-7
ENSG00000244462,RBM12,RBM12,protein_coding,974.960715144305,0.5986939297870636,0.10883887030051023,7.345226186671138e-9,1.1859080281408657e-7
ENSG00000074181,NOTCH3,NOTCH3,protein_coding,876.5091506836816,0.5435738863988936,0.09828318146027538,7.361828177644719e-9,1.1872408616646087e-7
ENSG00000214548,MEG3,MEG3,lincRNA,9641.072884702537,-0.5284830120148895,0.09577744990079304,7.395561142793411e-9,1.1913302570225761e-7
ENSG00000172738,TMEM217,TMEM217,protein_coding,51.102189729292206,-1.7105232822164098,0.3250411260145975,7.515221561417271e-9,1.209236555312209e-7
ENSG00000115084,SLC35F5,SLC35F5,protein_coding,1716.7954458703405,0.6603329261227818,0.12083914653602407,7.525093720377098e-9,1.2094568709451282e-7
ENSG00000183049,CAMK1D,CAMK1D,protein_coding,316.841994797213,-0.7558112150306364,0.13943014524800304,7.850292213410053e-9,1.2602997341257856e-7
ENSG00000010278,CD9,CD9,protein_coding,3894.5817425924324,0.5373989599719788,0.09751750323292505,8.001586469084879e-9,1.283140540431379e-7
ENSG00000134333,LDHA,LDHA,protein_coding,14173.861583618798,0.8299960490136338,0.155614751562903,8.534689235647387e-9,1.3670880595478426e-7
ENSG00000149131,SERPING1,SERPING1,protein_coding,20492.67549836466,0.4249048397028197,0.07595215316144006,8.610998035419533e-9,1.3777596856671252e-7
ENSG00000180891,CUEDC1,CUEDC1,protein_coding,1093.421021650067,0.5188380587917275,0.0941475426033107,8.891707859562818e-9,1.4210747482519272e-7
ENSG00000182621,PLCB1,PLCB1,protein_coding,271.431986752556,-0.7363647203224847,0.13627944575229728,9.080771305636321e-9,1.4496620768952978e-7
ENSG00000131634,TMEM204,TMEM204,protein_coding,391.6155770524413,0.707845853187471,0.13136465849227083,9.120012863274573e-9,1.4542944278836047e-7
ENSG00000143384,MCL1,MCL1,protein_coding,5952.153731766091,0.5561686151999328,0.101754310697952,9.335793186983385e-9,1.4870360838930758e-7
ENSG00000235649,MXRA5P1,MXRA5P1,pseudogene,137.55596001133628,-1.0612917007686846,0.2011380808003435,1.0105870794917789e-8,1.6078960423591794e-7
ENSG00000148082,SHC3,SHC3,protein_coding,841.8291824016261,0.6431801152805903,0.11951506025232414,1.0149670020467893e-8,1.6130604063814003e-7
ENSG00000165533,TTC8,TTC8,protein_coding,716.4101066931972,-0.5544245618826824,0.10147927742290629,1.0293922533257785e-8,1.6341602021546735e-7
ENSG00000147130,ZMYM3,ZMYM3,protein_coding,1014.5003549637274,-0.5741150148546177,0.10558060469644003,1.0889147672164848e-8,1.7248021880720802e-7
ENSG00000162604,TM2D1,TM2D1,protein_coding,869.5702079034708,0.5955376073381723,0.10965501588721416,1.0883872438224437e-8,1.7248021880720802e-7
ENSG00000010017,RANBP9,RANBP9,protein_coding,1861.9563993025492,0.6777071456555577,0.1260594237848268,1.1039211685692509e-8,1.7466267743858757e-7
ENSG00000140022,STON2,STON2,protein_coding,257.54582686711154,-1.0020155026097382,0.1905308818964955,1.1102823505188297e-8,1.7547395726422036e-7
ENSG00000141458,NPC1,NPC1,protein_coding,938.9985726663962,0.7853139135604338,0.1476442346835399,1.1195549058383102e-8,1.7674305194943535e-7
ENSG00000270504,RP11-420L9.5,RP11-420L9.5,antisense,409.08628203588506,0.6946191009686375,0.12910516448732345,1.1211612626560082e-8,1.7680041906894746e-7
ENSG00000171608,PIK3CD,PIK3CD,protein_coding,403.92185968113625,0.739213456482748,0.13803280868223103,1.1280743752941248e-8,1.776935760153226e-7
ENSG00000198728,LDB1,LDB1,protein_coding,2105.5022002957003,-0.523627050757728,0.09587881066723383,1.1470178249462357e-8,1.8047767192516875e-7
ENSG00000138678,AGPAT9,AGPAT9,protein_coding,118.38141949128578,1.098225440284541,0.2098177401447853,1.207429505842069e-8,1.8977322973588496e-7
ENSG00000130402,ACTN4,ACTN4,protein_coding,13569.053939444326,0.7359017885736994,0.13763848281876162,1.2103614601813365e-8,1.9002407736886678e-7
ENSG00000167553,TUBA1C,TUBA1C,protein_coding,2804.083559554266,-0.8301933912021225,0.15711269389423294,1.2253911538202496e-8,1.921715961625053e-7
ENSG00000173706,HEG1,HEG1,protein_coding,12155.883200394168,0.7006728871400469,0.1302618779580136,1.2828029650284348e-8,2.0095362747317684e-07
ENSG00000157216,SSBP3,SSBP3,protein_coding,1533.2366796245626,0.7004446630225286,0.1311554902299938,1.295763038093197e-8,2.0276054404661864e-7
ENSG00000142871,CYR61,CYR61,protein_coding,5230.944762169292,1.6184342918286045,0.3191958325258321,1.3008373995331571e-8,2.0333089198856732e-7
ENSG00000104687,GSR,GSR,protein_coding,1147.1814537600408,0.755955401641321,0.14267306054436008,1.3425940837191397e-8,2.0962742312646588e-7
ENSG00000065526,SPEN,SPEN,protein_coding,1443.1800708757398,0.6171552587575808,0.114816974433305,1.3534121872038622e-8,2.1062292068695552e-7
ENSG00000110492,MDK,MDK,protein_coding,1560.444498790851,-0.4808248741760507,0.08804014977107874,1.3532766287703935e-8,2.1062292068695552e-7
ENSG00000181827,RFX7,RFX7,protein_coding,782.7877874407408,-0.552543034681566,0.10203302939333585,1.3530934839274955e-8,2.1062292068695552e-7
ENSG00000196739,COL27A1,COL27A1,protein_coding,441.46210742292106,-1.0504710854856694,0.20386509453600282,1.417393269414738e-8,2.2033881818748886e-7
ENSG00000110057,UNC93B1,UNC93B1,protein_coding,336.2787722318925,0.651363242969391,0.12176984279471377,1.4239627629370327e-8,2.2111840982550604e-7
ENSG00000084764,MAPRE3,MAPRE3,protein_coding,312.460791818577,-0.7262496252271335,0.13631319374914685,1.4304123925210951e-8,2.218777085193027e-7
ENSG00000135749,PCNXL2,PCNXL2,protein_coding,541.9583427347802,-0.5844455225642399,0.10855496566500068,1.445219462177202e-8,2.2393030098048497e-7
ENSG00000154608,CEP170P1,CEP170P1,pseudogene,829.7431832598891,-0.5971873940878243,0.11099445301405447,1.4504187806740293e-8,2.2449136818615225e-7
ENSG00000130956,HABP4,HABP4,protein_coding,1047.2334000854357,0.5373986627011363,0.09935392252815556,1.4919372325182164e-8,2.3066646951455556e-7
ENSG00000068305,MEF2A,MEF2A,protein_coding,1570.7631133749755,0.49918231101636923,0.09199003301683717,1.537587610405388e-8,2.3746629935294504e-7
ENSG00000115091,ACTR3,ACTR3,protein_coding,3637.1120454749334,0.5320259644077704,0.09877611808648684,1.682776910417093e-8,2.5960757889124434e-7
ENSG00000170791,CHCHD7,CHCHD7,protein_coding,390.3987262467206,0.6646576885752781,0.12610921373124356,1.715963546826967e-8,2.644405795240171e-7
ENSG00000162998,FRZB,FRZB,protein_coding,89.61043053385123,1.5240070880171654,0.300612709721985,1.7189382097460827e-8,2.646123062275788e-7
ENSG00000154217,PITPNC1,PITPNC1,protein_coding,190.82171495325107,0.8309898179526061,0.15846093423688357,1.7745116459321306e-8,2.728719313701473e-7
ENSG00000148400,NOTCH1,NOTCH1,protein_coding,245.79485140048504,-0.7632053383567478,0.14463684682102348,1.7797242645851672e-8,2.733779475103609e-7
ENSG00000185532,PRKG1,PRKG1,protein_coding,1391.633468154813,-0.5104776294295561,0.09397292572992294,1.8060573283343524e-8,2.7712361853535953e-7
ENSG00000148541,FAM13C,FAM13C,protein_coding,91.63581951813,-1.364238728201949,0.2679705932346747,1.8511846131100452e-8,2.837419174232466e-7
ENSG00000124225,PMEPA1,PMEPA1,protein_coding,143.28621770625446,-1.0191828824581084,0.19665660215126582,1.8642896830335857e-8,2.854430188532801e-7
ENSG00000261490,RP11-448G15.3,RP11-448G15.3,sense_overlapping,64.40055392738253,1.3272820853516614,0.25854214197336994,1.8795202698551038e-8,2.8746555181095694e-7
ENSG00000172667,ZMAT3,ZMAT3,protein_coding,4229.231767933255,-0.4675999313320672,0.08644384210768873,1.9261080565056647e-8,2.942745541969557e-7
ENSG00000176974,SHMT1,SHMT1,protein_coding,157.66579567330973,0.8622318360148707,0.16508652382287514,1.9511623923554524e-8,2.977825522410296e-7
ENSG00000144746,ARL6IP5,ARL6IP5,protein_coding,5748.239913512004,0.47084238462413286,0.08725418245855333,1.9620632687382354e-8,2.991252726102107e-7
ENSG00000109265,KIAA1211,KIAA1211,protein_coding,81.95483545268065,-1.2149841558263481,0.23609599534516712,1.9692580016397438e-8,2.9990070466085346e-7
ENSG00000111642,CHD4,CHD4,protein_coding,4557.052942666075,-0.4338678968802566,0.08011686935553987,1.997022350141989e-8,3.0380369955529043e-7
ENSG00000078018,MAP2,MAP2,protein_coding,1841.485635616177,0.7803371889574677,0.1501246039675857,2.1325022242859455e-8,3.2406743203251375e-7
ENSG00000132613,MTSS1L,MTSS1L,protein_coding,1017.74623526882,0.6843450994481033,0.1303671255064767,2.1642954193060477e-8,3.285478980171742e-7
ENSG00000090565,RAB11FIP3,RAB11FIP3,protein_coding,1998.41657665468,0.4632729453154509,0.08618278711217305,2.244549361762348e-8,3.4036748530605154e-7
ENSG00000184575,XPOT,XPOT,protein_coding,3468.204248525818,-0.569839460541281,0.10744294691156554,2.257781798440987e-8,3.4200946007480934e-7
ENSG00000248290,TNXA,TNXA,pseudogene,1251.862801172957,-0.4842264429484711,0.09011818009501882,2.2651295224693505e-8,3.4275747157025574e-7
ENSG00000183723,CMTM4,CMTM4,protein_coding,520.8372941458568,0.7397141612769251,0.14142599867788652,2.2725133526096448e-8,3.43509350983205e-7
ENSG00000066322,ELOVL1,ELOVL1,protein_coding,1040.0039063121337,0.4977345291450777,0.09272216867898983,2.338690380378134e-8,3.531372820647407e-7
ENSG00000120149,MSX2,MSX2,protein_coding,162.84031218262368,-0.9751297124849543,0.18925481548151782,2.3652743404335893e-8,3.567726640331641e-7
ENSG00000105499,PLA2G4C,PLA2G4C,protein_coding,123.71716523500533,-0.9825838295836675,0.19056284851187366,2.3934008177682535e-8,3.606327672874538e-7
ENSG00000168917,SLC35G2,SLC35G2,protein_coding,238.80426345228838,0.7566362605345254,0.14505307292637085,2.4021529432625394e-8,3.615685022747763e-7
ENSG00000148908,RGS10,RGS10,protein_coding,410.22476149181324,-0.6151001765459975,0.11644236557619433,2.40701099293165e-8,3.6191674802811616e-7
ENSG00000187955,COL14A1,COL14A1,protein_coding,6498.865679769849,-0.8259609954136867,0.16108403059239285,2.4564520609238176e-8,3.6896065590897973e-7
ENSG00000145901,TNIP1,TNIP1,protein_coding,2579.087646892581,0.5284465168410816,0.10019456414721119,2.482331776186824e-8,3.723807927992913e-7
ENSG00000166347,CYB5A,CYB5A,protein_coding,967.5246139189625,0.5551995837142578,0.10549691642844354,2.484458467143753e-8,3.723807927992913e-7
ENSG00000133103,COG6,COG6,protein_coding,616.0010458290403,-0.5584811716597341,0.10532864526784243,2.522582755899298e-8,3.776970223148591e-7
ENSG00000132541,HRSP12,HRSP12,protein_coding,433.63392045248025,-0.6210015425180241,0.11824560427064681,2.5883152046069824e-8,3.867247423353962e-7
ENSG00000152495,CAMK4,CAMK4,protein_coding,69.49132924531642,-1.2516057427784144,0.24582789278356065,2.586788213744332e-8,3.867247423353962e-7
ENSG00000149792,MRPL49,MRPL49,protein_coding,686.1518760285462,-0.5311699756359456,0.09962479589970473,2.591740863642313e-8,3.868302418095305e-7
ENSG00000064115,TM7SF3,TM7SF3,protein_coding,1451.7283153164547,0.7620569829247968,0.14734115409777027,2.602268243299565e-8,3.879943762336794e-7
ENSG00000163803,PLB1,PLB1,protein_coding,103.06560416578347,1.3180607520285161,0.26204588302183507,2.6057706228111256e-8,3.881097522394288e-7
ENSG00000122863,CHST3,CHST3,protein_coding,1047.769378495327,0.7551809704197368,0.14584461186694286,2.6476290457413486e-8,3.939317525797588e-7
ENSG00000130635,COL5A1,COL5A1,protein_coding,9373.219797491689,-0.5528284185971473,0.10443797452696386,2.6775204687225255e-8,3.979629168976928e-7
ENSG00000159167,STC1,STC1,protein_coding,925.2930536883829,1.8234070081428002,0.37351512959024236,2.7407903067144244e-8,4.0694155869212915e-7
ENSG00000168781,PPIP5K1,PPIP5K1,protein_coding,318.35309824794587,-0.8318560860550148,0.16157571879164365,2.775799629535988e-8,4.1170984286256407e-7
ENSG00000178764,ZHX2,ZHX2,protein_coding,839.6093491616363,-0.6351516760457061,0.12154445162887487,2.797162466450713e-8,4.14446238779114e-7
ENSG00000107338,SHB,SHB,protein_coding,118.96906479653178,-0.9604610410592722,0.18735565879616495,2.8307307683279133e-8,4.186720980876489e-7
ENSG00000211455,STK38L,STK38L,protein_coding,492.340669540873,0.5677987966103967,0.10758152292889238,2.8315702921844645e-8,4.186720980876489e-7
ENSG00000159216,RUNX1,RUNX1,protein_coding,3478.2344058253084,0.46205615053174176,0.08644831229103936,2.86525927955537e-8,4.2321337479123137e-7
ENSG00000134046,MBD2,MBD2,protein_coding,1400.1307142198918,0.5134089637638589,0.09699577707987632,3.040769398252471e-8,4.486712024973356e-7
ENSG00000084636,COL16A1,COL16A1,protein_coding,3045.7120913631484,-0.5461743030645163,0.1047936456537883,3.080353233441133e-8,4.5404087453333345e-7
ENSG00000186198,SLC51B,SLC51B,protein_coding,52.8931007551651,-1.5305020303126515,0.3047904469563529,3.146057868366345e-8,4.6324562235655166e-7
ENSG00000054938,CHRDL2,CHRDL2,protein_coding,93.89789530599516,-1.4197773586138291,0.286558809912822,3.1996717129110854e-8,4.706528484430949e-7
ENSG00000146247,PHIP,PHIP,protein_coding,1495.995934627731,-0.45273590414057213,0.08509849836739786,3.264262460178791e-8,4.795925348503534e-7
ENSG00000166260,COX11,COX11,protein_coding,776.2497226334281,0.9477006448843972,0.18816365783863268,3.267190426532568e-8,4.795925348503534e-7
ENSG00000197555,SIPA1L1,SIPA1L1,protein_coding,2239.249179556395,-0.506147984796152,0.09595810888365665,3.2716296839537e-8,4.797490786036848e-7
ENSG00000123983,ACSL3,ACSL3,protein_coding,2706.0473796086326,-0.4326733407447118,0.08137996175695938,3.332565380852638e-8,4.879425854476391e-7
ENSG00000184640,SEPT9,SEPT9,protein_coding,8403.967497482849,-0.4247230638300112,0.0797771562394589,3.334365811692247e-8,4.879425854476391e-7
ENSG00000125965,GDF5,GDF5,protein_coding,245.70488945170933,-1.2192287821141428,0.2470085470966754,3.366098950536176e-8,4.920800767978064e-7
ENSG00000231924,PSG1,PSG1,protein_coding,171.5595848899358,-1.0180661399411162,0.20109414096869258,3.4303974260800854e-8,5.009648150776503e-7
ENSG00000109625,CPZ,CPZ,protein_coding,41.750200080516315,-1.7012857611323986,0.3422729851303392,3.459239449801082e-8,5.046586865022626e-7
ENSG00000168303,MPLKIP,MPLKIP,protein_coding,323.7707718345608,0.6995287247659522,0.1354540376153182,3.59689347253879e-8,5.242029995224565e-7
ENSG00000197045,GMFB,GMFB,protein_coding,1858.467336819632,0.5866159249422211,0.11220419046377444,3.6859459288907516e-8,5.366314727998163e-7
ENSG00000105643,ARRDC2,ARRDC2,protein_coding,322.4017027355607,0.7333213384540509,0.14269460167514317,3.715405983951953e-8,5.403674306312125e-7
ENSG00000163660,CCNL1,CCNL1,protein_coding,1737.548303553949,0.47099621615278897,0.08900001718334967,3.7461573954915717e-8,5.442833788914415e-7
ENSG00000102385,DRP2,DRP2,protein_coding,111.56430546452953,-1.0202988095768906,0.20246117486850201,3.8073735845996886e-8,5.526130802790405e-7
ENSG00000111816,FRK,FRK,protein_coding,89.29997641308071,-1.0887431484999914,0.21660420370404096,3.8235808024538615e-8,5.543997281763887e-7
ENSG00000080200,CRYBG3,CRYBG3,protein_coding,494.73234430118623,-0.6122658028240581,0.11797992798351203,3.903658506525321e-8,5.65434201596906e-7
ENSG00000188312,CENPP,CENPP,protein_coding,77.38287412094618,-1.2264728266160851,0.24442555914259959,3.9225832285703045e-8,5.675973941320855e-7
ENSG00000123358,NR4A1,NR4A1,protein_coding,181.0507400167104,1.1649019688118065,0.23543162651986455,3.957140521971067e-8,5.71435195781893e-7
ENSG00000236104,ZBTB22,ZBTB22,protein_coding,392.83435250532295,-0.6171990563928891,0.11889160280401362,3.956089185734647e-8,5.71435195781893e-7
ENSG00000006114,SYNRG,SYNRG,protein_coding,1000.2652583691922,-0.5017170006332432,0.09568957894768923,3.9694551039840815e-8,5.726321440067908e-7
ENSG00000031081,ARHGAP31,ARHGAP31,protein_coding,330.75422359986123,-0.6772897681787878,0.13161948611220295,4.1714729699651004e-8,6.011654663098641e-7
ENSG00000109501,WFS1,WFS1,protein_coding,1978.7270992635317,0.4964358076445199,0.09471670640105348,4.264289073562233e-8,6.139195119670972e-7
ENSG00000137273,FOXF2,FOXF2,protein_coding,2271.0062302825577,-0.7264331105722454,0.14323754700505195,4.309384479019544e-8,6.197844775487764e-7
ENSG00000137076,TLN1,TLN1,protein_coding,19769.288998323842,0.5210346491920005,0.10022147451962123,4.4334201289609094e-8,6.36979473882222e-7
ENSG00000196526,AFAP1,AFAP1,protein_coding,1853.8904221336677,-0.5942931761743365,0.1152277564425572,4.44613380724996e-8,6.381615264815685e-7
ENSG00000189007,ADAT2,ADAT2,protein_coding,170.65772338957956,-1.0313523420247073,0.20688317129822,4.479863956373284e-8,6.423546866477177e-7
ENSG00000121753,BAI2,BAI2,protein_coding,511.0248694537534,-0.6256635053381928,0.12157251446626635,4.584918155741745e-8,6.567560508285054e-7
ENSG00000165637,VDAC2,VDAC2,protein_coding,2151.6556153254332,0.49477750209054605,0.09463718443201695,4.608966164467642e-8,6.595365666336795e-7
ENSG00000070081,NUCB2,NUCB2,protein_coding,1632.4456361301104,-0.4477010742561329,0.08530128444657815,4.6922362261623084e-8,6.707775686525897e-7
ENSG00000074219,TEAD2,TEAD2,protein_coding,432.64811517626583,-0.6908695883623416,0.13520742011342968,4.697574190009869e-8,6.708664184608472e-7
ENSG00000156239,N6AMT1,N6AMT1,protein_coding,234.34624422392392,-0.7241431854642219,0.14136708010697877,4.7303549393098346e-8,6.748702974598103e-7
ENSG00000181027,FKRP,FKRP,protein_coding,536.2754050646415,0.5983424355841872,0.11627239391380617,5.018805512695823e-8,7.153055071401341e-7
ENSG00000006025,OSBPL7,OSBPL7,protein_coding,161.11931958475586,-0.903127882475961,0.17984512122114993,5.036480539569869e-8,7.163889919484181e-7
ENSG00000233608,TWIST2,TWIST2,protein_coding,2072.0080858011156,0.6600532210756993,0.12971337400076832,5.033797986441228e-8,7.163889919484181e-7
ENSG00000108960,MMD,MMD,protein_coding,1726.3049227006,1.559630613222132,0.3237416439813249,5.041711906789978e-8,7.164166849368696e-7
ENSG00000182551,ADI1,ADI1,protein_coding,1377.113846305971,0.5178814500356227,0.0997113195982856,5.080265389794877e-8,7.211745998447339e-7
ENSG00000185499,MUC1,MUC1,protein_coding,394.5358921119398,0.7682736209322482,0.15204195901802303,5.0994613193929834e-8,7.231778445368475e-7
ENSG00000074935,TUBE1,TUBE1,protein_coding,265.6791067796403,-0.6853993854287472,0.13428805003750402,5.15927345038106e-8,7.309313302611574e-7
ENSG00000206052,DOK6,DOK6,protein_coding,194.35323350447442,-1.0661899562804669,0.21609479598000175,5.168775392563867e-8,7.315488675007805e-7
ENSG00000164920,OSR2,OSR2,protein_coding,4622.441490924959,-0.7498674170514247,0.14900395867423682,5.303161564438368e-8,7.498227643396753e-7
ENSG00000108861,DUSP3,DUSP3,protein_coding,2111.2244192598555,0.4685781292506427,0.08994628553890062,5.3309446970771545e-8,7.530025558215039e-7
ENSG00000273131,RP6-42F4.1,RP6-42F4.1,processed_transcript,389.1759065771261,0.6537786511811058,0.1281848161856131,5.539799644786136e-8,7.817272832087103e-7
ENSG00000088325,TPX2,TPX2,protein_coding,257.73679027759346,-0.8223988235576892,0.16389278150614645,5.624676498297977e-8,7.921326585325784e-7
ENSG00000119673,ACOT2,ACOT2,protein_coding,443.36550984539684,0.7088924332491279,0.14000635425719524,5.6201702113227374e-8,7.921326585325784e-7
ENSG00000226137,BAIAP2-AS1,BAIAP2-AS1,lincRNA,478.366020142269,-0.5641149173235903,0.10987803350716399,5.6926705831505264e-8,8.009153944088338e-7
ENSG00000160712,IL6R,IL6R,protein_coding,740.2215796893652,0.6032994813032249,0.11818244918518878,5.968078920059182e-8,8.388335430723499e-7
ENSG00000259758,CASC7,CASC7,lincRNA,1097.0256082167127,0.6868606846283957,0.13595551337546466,6.057504926953486e-8,8.50562192309836e-7
ENSG00000109881,CCDC34,CCDC34,protein_coding,67.4108065927908,-1.2589696137853066,0.2566456999718609,6.181002150744923e-8,8.670470867080452e-7
ENSG00000173757,STAT5B,STAT5B,protein_coding,1595.9789269702378,0.4778661263870378,0.09225394160801055,6.208533988386968e-8,8.700511078898151e-7
ENSG00000101134,DOK5,DOK5,protein_coding,332.47316976320053,-0.8657429625513999,0.17445098005901663,6.29590574467338e-8,8.814268042542732e-7
ENSG00000111231,GPN3,GPN3,protein_coding,241.19730173688794,0.7002800685600001,0.13851341244281654,6.387922381702957e-8,8.925521410348022e-7
ENSG00000113083,LOX,LOX,protein_coding,12451.917327947318,0.4405295223266012,0.08477718589433882,6.386532157692511e-8,8.925521410348022e-7
ENSG00000130224,LRCH2,LRCH2,protein_coding,372.19094017690213,0.7209943573803306,0.14269625582660259,6.448927882266662e-8,8.99309315660402e-7
ENSG00000259660,DNM1P47,DNM1P47,pseudogene,200.05055132853514,-0.9823708206764873,0.19947144857609797,6.448090025962276e-8,8.99309315660402e-7
ENSG00000122641,INHBA,INHBA,protein_coding,882.459297580551,0.9041131146089844,0.18403606224497515,6.495851186714431e-8,9.049655952970232e-7
ENSG00000108468,CBX1,CBX1,protein_coding,1460.9891958095347,-0.4594521909201378,0.08871874878987858,6.523726899443141e-8,9.079597986074289e-7
ENSG00000244486,SCARF2,SCARF2,protein_coding,799.8617264883361,0.5087693429069663,0.09869351526471204,6.548285632282975e-8,9.10486948519971e-7
ENSG00000136141,LRCH1,LRCH1,protein_coding,518.567498419508,-0.5927767684438672,0.11622056415515103,6.614447806619443e-8,9.187514500832702e-7
ENSG00000241644,INMT,INMT,protein_coding,685.2417792778352,1.0251194794906566,0.21101209063867152,6.62064283137902e-8,9.187514500832702e-7
ENSG00000197312,DDI2,DDI2,protein_coding,477.69721530771045,0.9668718838840384,0.1974705337546006,6.690042015030384e-8,9.274771698030427e-7
ENSG00000139354,GAS2L3,GAS2L3,protein_coding,124.85207483459087,-1.0722694673405062,0.21837942827126774,6.805078227641682e-8,9.425066476141703e-7
ENSG00000137965,IFI44,IFI44,protein_coding,216.4238557599117,-0.8029150061389464,0.1606632711995421,6.844273610234922e-8,9.470131112060461e-7
ENSG00000138356,AOX1,AOX1,protein_coding,4465.645924446437,1.4370790462441763,0.2995947548303017,6.924315248115778e-8,9.571570465422626e-7
ENSG00000174899,C3orf55,C3orf55,protein_coding,287.676780836105,0.7143877621495223,0.14210552763741868,7.153476458068855e-8,9.878742634909844e-7
ENSG00000140511,HAPLN3,HAPLN3,protein_coding,146.8553517097856,1.375683388893579,0.29001902249244293,7.234620009400547e-8,9.98110911869189e-7
ENSG00000136531,SCN2A,SCN2A,protein_coding,269.3180103664912,-0.8272491925563645,0.16608285762666689,7.357571357561921e-8,1.014090067732178e-6
ENSG00000168077,SCARA3,SCARA3,protein_coding,2122.156140724752,-0.5937734008252242,0.11722654193790877,7.403486099388016e-8,1.0194306512845608e-6
ENSG00000182985,CADM1,CADM1,protein_coding,121.26598497614894,-1.1884802934639502,0.2451566123306585,7.673837753760715e-8,1.055635089066658e-6
ENSG00000163069,SGCB,SGCB,protein_coding,3084.179889812696,0.48376537190003904,0.09422684500755832,8.245718468500531e-8,1.1332086907821407e-6
ENSG00000204371,EHMT2,EHMT2,protein_coding,1083.6847719290643,-0.49689466830583656,0.09703382462544786,8.291398727888064e-8,1.1383866361532801e-6
ENSG00000021355,SERPINB1,SERPINB1,protein_coding,623.8473590388993,0.5577530636640101,0.11020591536176244,8.425800453012926e-8,1.1540667126339926e-6
ENSG00000164305,CASP3,CASP3,protein_coding,519.0792115102405,0.6890226989066783,0.13797498917455503,8.429944561492676e-8,1.1540667126339926e-6
ENSG00000221829,FANCG,FANCG,protein_coding,164.4833934073803,-0.8868559558400758,0.1800975086785811,8.418232848258985e-8,1.1540667126339926e-6
ENSG00000172935,MRGPRF,MRGPRF,protein_coding,2094.8567347362978,0.5101225214980087,0.10005381486143415,8.502417229538691e-8,1.162869064163061e-6
ENSG00000120899,PTK2B,PTK2B,protein_coding,392.5310409198419,0.9187854329174954,0.18815630273049783,8.537211380249982e-8,1.1665061928210928e-6
ENSG00000106524,ANKMY2,ANKMY2,protein_coding,342.4567246409572,-0.6242545901596581,0.12408947364034538,8.566431199427723e-8,1.1693754067241836e-6
ENSG00000149289,ZC3H12C,ZC3H12C,protein_coding,398.74422500344974,0.6781330222434885,0.13572425278571454,8.789442013922305e-8,1.1986675283416192e-6
ENSG00000100234,TIMP3,TIMP3,protein_coding,44002.13988317592,-0.6722409705993012,0.13517450137559858,8.834883950425183e-8,1.2025587493861034e-6
ENSG00000123352,SPATS2,SPATS2,protein_coding,630.7033612465387,-0.5704340441427141,0.11275647848634514,8.829010959300737e-8,1.2025587493861034e-6
ENSG00000139793,MBNL2,MBNL2,protein_coding,1677.3171872850437,0.47875894386475865,0.09343594802188587,8.85455742958632e-8,1.204084367862675e-6
ENSG00000131711,MAP1B,MAP1B,protein_coding,6572.800274302721,-0.45145071198250875,0.08819648827808951,8.959022605599852e-8,1.2159650528821784e-6
ENSG00000133026,MYH10,MYH10,protein_coding,14526.038320433663,0.5717541912870309,0.11485963428737671,8.953612829427162e-8,1.2159650528821784e-6
ENSG00000177706,FAM20C,FAM20C,protein_coding,1903.902243355516,0.8424618557143471,0.17248223475265914,8.990661283992144e-8,1.2190959590419853e-6
ENSG00000156011,PSD3,PSD3,protein_coding,2007.6583583828792,-0.5229634760434201,0.10322192503624668,9.214380332647928e-8,1.248241389062706e-6
ENSG00000094916,CBX5,CBX5,protein_coding,2133.139572030924,-0.5448156020583225,0.1079879869351439,9.325797203536126e-8,1.2621326300960787e-6
ENSG00000185561,TLCD2,TLCD2,protein_coding,169.8072299794294,0.9345493757287809,0.1919736365702877,9.344099300934083e-8,1.2634074948335208e-6
ENSG00000162817,C1orf115,C1orf115,protein_coding,646.9985815646471,1.061965385193178,0.22238008207801202,9.359199077432631e-8,1.2642473663570915e-6
ENSG00000125675,GRIA3,GRIA3,protein_coding,440.83753948165355,-0.6808483056525593,0.13635929197521127,9.381653745489294e-8,1.2660782056531283e-6
ENSG00000111885,MAN1A1,MAN1A1,protein_coding,5725.465243366907,0.7245308658478042,0.1470234358022327,9.441352061920497e-8,1.2729269358176033e-6
ENSG00000196843,ARID5A,ARID5A,protein_coding,479.9639736582874,0.6594506738458187,0.13222226075776683,9.645199504426457e-8,1.2991791453689574e-6
ENSG00000147202,DIAPH2,DIAPH2,protein_coding,1234.0105395190637,0.6230988054818108,0.12534361087103008,9.664821943211212e-8,1.3005906085168994e-6
ENSG00000148158,SNX30,SNX30,protein_coding,798.2967273343653,-0.5503089829569189,0.10927669117988882,9.720218665604818e-8,1.3068089820374567e-6
ENSG00000213626,LBH,LBH,protein_coding,4687.308321208538,1.432769521217535,0.30449484725436177,9.754261024419808e-8,1.3101473919862829e-6
ENSG00000117122,MFAP2,MFAP2,protein_coding,691.0704475535309,-0.6237944560570968,0.1247950503636959,9.836835850294418e-8,1.3199920107036585e-6
ENSG00000169946,ZFPM2,ZFPM2,protein_coding,476.6003725156386,-0.573285212172612,0.11383679617514252,9.956537840445085e-8,1.3347954217011393e-6
ENSG00000127863,TNFRSF19,TNFRSF19,protein_coding,1994.907533393501,-0.838662638545455,0.17312907525318796,1.014323719992051e-7,1.3585443119742875e-6
ENSG00000135070,ISCA1,ISCA1,protein_coding,764.1164098343676,0.5035767544870133,0.09926664605626309,1.0371566590031255e-7,1.3865146915094414e-6
ENSG00000184009,ACTG1,ACTG1,protein_coding,52341.67289860679,0.5780690124338774,0.11537616134600306,1.0362337859907588e-7,1.3865146915094414e-6
ENSG00000113319,RASGRF2,RASGRF2,protein_coding,396.520263606389,-0.6154012767096316,0.12310848154527236,1.0417938548845158e-7,1.391406177641066e-6
ENSG00000104695,PPP2CB,PPP2CB,protein_coding,1938.99646908958,0.5184056479716307,0.10254997287698703,1.0799742861733298e-7,1.4383477758922698e-6
ENSG00000148180,GSN,GSN,protein_coding,13072.725755213836,0.4817096509688135,0.09517717329071673,1.0793487698420781e-7,1.4383477758922698e-6
ENSG00000153208,MERTK,MERTK,protein_coding,80.64529635334124,-1.162177343504765,0.2410108764428201,1.0791454451391792e-7,1.4383477758922698e-6
ENSG00000101460,MAP1LC3A,MAP1LC3A,protein_coding,472.8784182290073,0.550418374333131,0.10955267019093562,1.1463149378647775e-7,1.5252744318230678e-6
ENSG00000156671,SAMD8,SAMD8,protein_coding,1559.4919940965253,0.5597861900259745,0.11174843105619302,1.1561160679434252e-7,1.536878032750213e-6
ENSG00000131669,NINJ1,NINJ1,protein_coding,482.0607170371321,-0.5969961333061301,0.11975764576907812,1.172396061726048e-7,1.5570645734819147e-6
ENSG00000154188,ANGPT1,ANGPT1,protein_coding,2789.0166834540746,0.5245160219064273,0.10428359208951675,1.181745848347758e-7,1.566556658611231e-6
ENSG00000162664,ZNF326,ZNF326,protein_coding,914.8656421732223,-0.47408627366653516,0.0936175827903707,1.1811057943307613e-7,1.566556658611231e-6
ENSG00000225151,GOLGA2P7,GOLGA2P7,pseudogene,426.4974627008058,-0.7284470449399313,0.14864785154899116,1.1969435974353417e-7,1.5852258593966759e-6
ENSG00000106571,GLI3,GLI3,protein_coding,814.6650137946292,-0.5022757694562027,0.0997178199803531,1.210544436269985e-7,1.6017473545585364e-6
ENSG00000156869,FRRS1,FRRS1,protein_coding,183.1358200651788,-0.7675908829183922,0.15684502204470985,1.2155981028163982e-7,1.606939350786287e-6
ENSG00000140443,IGF1R,IGF1R,protein_coding,4578.828315417564,0.5203242406385945,0.10410430810906125,1.2219881678578192e-7,1.613886694485573e-6
ENSG00000170921,TANC2,TANC2,protein_coding,2032.7516776396426,0.559647470118992,0.11204806726768042,1.2267566028469552e-7,1.6186814396006577e-6
ENSG00000151491,EPS8,EPS8,protein_coding,1719.0758927490506,0.5001450806318967,0.09952680412700404,1.2443656175393782e-7,1.6403944897015862e-6
ENSG00000143771,CNIH4,CNIH4,protein_coding,1084.354422321392,0.4776775603157447,0.09466305405546632,1.2720539927599854e-7,1.6753422215757438e-6
ENSG00000143028,SYPL2,SYPL2,protein_coding,99.95159940248179,1.1278048665600542,0.23592139169661783,1.2829055204690663e-7,1.688071056720814e-6
ENSG00000065882,TBC1D1,TBC1D1,protein_coding,806.7361837469037,0.5407316531742121,0.1080523175617472,1.2930005914937373e-7,1.6997819236050756e-6
ENSG00000136560,TANK,TANK,protein_coding,1189.482489918335,0.5037076873645772,0.10070032514303716,1.3084259252073455e-7,1.7184718707432394e-6
ENSG00000088826,SMOX,SMOX,protein_coding,261.14540944723507,-0.7484939230839955,0.1532891881800894,1.3475476523186506e-7,1.7682211998690486e-6
ENSG00000272565,RP11-485G4.2,RP11-485G4.2,lincRNA,297.2822539339392,0.7679333326951369,0.1578537913222492,1.3728834686304639e-7,1.799805940811034e-6
ENSG00000197457,STMN3,STMN3,protein_coding,415.0592889186305,-0.6008878585195221,0.12135993725568611,1.3901013952578628e-7,1.8207000226655469e-6
ENSG00000147140,NONO,NONO,protein_coding,4222.930853090655,-0.4021395141451772,0.07883167001599523,1.394624503170983e-7,1.8249437840942099e-6
ENSG00000250722,SEPP1,SEPP1,protein_coding,3163.4719547483046,0.4538500568865592,0.08994737036519002,1.4033458816423353e-7,1.8346683658529943e-6
ENSG00000121210,KIAA0922,KIAA0922,protein_coding,437.43718930017985,-0.592441973521423,0.11947961132014387,1.40760667511955e-7,1.8385488840128998e-6
ENSG00000106991,ENG,ENG,protein_coding,2751.30330332485,-0.42026557314831203,0.08278382043672813,1.4155293255695218e-7,1.8470076367672975e-6
ENSG00000168792,ABHD15,ABHD15,protein_coding,345.22660994641376,0.6113179554304624,0.12371135550797804,1.4166797888871776e-7,1.8470076367672975e-6
ENSG00000214575,CPEB1,CPEB1,protein_coding,324.2175890071562,-0.7969082529451144,0.1646913027907137,1.4221283782969495e-7,1.8524133748073084e-6
ENSG00000130600,H19,H19,processed_transcript,109.05015924102861,-1.2374117871480217,0.26214867433855077,1.4378829270801585e-7,1.8712211120574726e-6
ENSG00000138496,PARP9,PARP9,protein_coding,875.8375760217206,-0.4958163569125598,0.09901491664318031,1.4502534340326613e-7,1.885594592841003e-6
ENSG00000161267,BDH1,BDH1,protein_coding,64.2748237511463,1.339141189042251,0.28537402167823256,1.4635896559625518e-7,1.9011962800375652e-6
ENSG00000165915,SLC39A13,SLC39A13,protein_coding,3043.2126078402657,0.5757986795381633,0.11662888674358418,1.5359225734402902e-7,1.9933360113699534e-6
ENSG00000067177,PHKA1,PHKA1,protein_coding,497.13535751411484,0.8178049390642872,0.17046416002543344,1.5425365411229758e-7,1.999555492698211e-6
ENSG00000077264,PAK3,PAK3,protein_coding,82.260411473882,-1.136884258942461,0.2394394575278491,1.54407484861133e-7,1.999555492698211e-6
ENSG00000091262,ABCC6,ABCC6,protein_coding,124.40504439903599,-1.005147284335288,0.21109418269383232,1.544932147409543e-7,1.999555492698211e-6
ENSG00000070018,LRP6,LRP6,protein_coding,1845.3672750673102,-0.45253077140402914,0.09029588570363253,1.6480503148890107e-7,2.13107887990739e-6
ENSG00000130227,XPO7,XPO7,protein_coding,1721.2606853355833,-0.41726307020178166,0.08294657031768576,1.6800022747122865e-7,2.169718926887072e-6
ENSG00000260841,CTC-205M6.5,CTC-205M6.5,sense_overlapping,69.51825462819758,1.1406619647432432,0.24076324773991473,1.680983026876795e-7,2.169718926887072e-6
ENSG00000166165,CKB,CKB,protein_coding,468.5966079207782,0.7521279857280125,0.1564782401535989,1.7150959996449369e-7,2.2117430189437517e-6
ENSG00000153066,TXNDC11,TXNDC11,protein_coding,701.9696027355799,0.5040972127258776,0.10150681262379314,1.7746864519453562e-7,2.2844470671919227e-6
ENSG00000171877,FRMD5,FRMD5,protein_coding,91.63288344273997,-1.2063770883894496,0.25750993445421416,1.7736800540610145e-7,2.2844470671919227e-6
ENSG00000179981,TSHZ1,TSHZ1,protein_coding,630.4779129572246,-0.628485462450646,0.12891787398256194,1.819566736444052e-7,2.340101018009059e-6
ENSG00000112290,WASF1,WASF1,protein_coding,631.7061090466698,0.5015701639057683,0.10113763247306296,1.831140721826056e-7,2.3507351649146044e-6
ENSG00000145911,N4BP3,N4BP3,protein_coding,65.80308795277533,-1.2842727245636698,0.2748314787578206,1.8304398077992394e-7,2.3507351649146044e-6
ENSG00000143702,CEP170,CEP170,protein_coding,2145.1885884981075,-0.4705603957575955,0.09459602997283131,1.8544463637770706e-7,2.3785072207723222e-6
ENSG00000254254,RP11-17A4.2,RP11-17A4.2,antisense,69.04740522069524,1.3300410719831004,0.2864064163518318,1.875568492013094e-7,2.40343119192741e-6
ENSG00000128805,ARHGAP22,ARHGAP22,protein_coding,359.635627112479,-0.7225042306504637,0.150052115138124,1.9311179875061254e-7,2.4723872416100022e-6
ENSG00000136826,KLF4,KLF4,protein_coding,1274.5814016819284,-0.7623906916579664,0.16020537067069643,1.9746938447527789e-7,2.5259033496190223e-6
ENSG00000149257,SERPINH1,SERPINH1,protein_coding,6941.757361395012,-0.6678545807719302,0.13913046185999822,1.987469296184308e-7,2.5399607609097572e-06
ENSG00000164543,STK17A,STK17A,protein_coding,1068.3976978747905,-0.6239848214428978,0.128528245853187,2.0103657357670745e-7,2.5669158191697368e-6
ENSG00000153721,CNKSR3,CNKSR3,protein_coding,426.65995142098296,-0.6996836838526471,0.1453880068149182,2.0297962165032467e-7,2.589401020945487e-6
ENSG00000080824,HSP90AA1,HSP90AA1,protein_coding,15308.876989967723,-0.3944048051893373,0.07872824286522062,2.0438790249547563e-7,2.6050300404082845e-6
ENSG00000078699,CBFA2T2,CBFA2T2,protein_coding,499.01197989399,-0.5606890654044518,0.11451059326592597,2.0934197215651668e-7,2.6657835380074244e-6
ENSG00000181826,RELL1,RELL1,protein_coding,154.88936124722994,0.890662226698009,0.18818062206149397,2.1307193238226063e-7,2.7108543525986365e-6
ENSG00000185418,TARSL2,TARSL2,protein_coding,198.45913457201885,-0.762301796073402,0.159327146922339,2.1479292426087794e-7,2.730307913035503e-6
ENSG00000089060,SLC8B1,SLC8B1,protein_coding,926.2196476374331,0.46570834331332256,0.09398497387262476,2.1535164498116764e-7,2.734965891260829e-6
ENSG00000057657,PRDM1,PRDM1,protein_coding,213.06863604468472,1.105534329602526,0.2409752755381338,2.181510866455385e-7,2.7669378939444835e-6
ENSG00000101079,NDRG3,NDRG3,protein_coding,855.4525565627374,-0.5100431233813915,0.10363829936992558,2.1825817751727434e-7,2.7669378939444835e-6
ENSG00000020129,NCDN,NCDN,protein_coding,1041.359064143669,-0.49046471669012004,0.09943793555195854,2.189464764582901e-7,2.7731920580077637e-6
ENSG00000110400,PVRL1,PVRL1,protein_coding,151.40515304836904,-0.8564350718435491,0.18063728751289906,2.2029831477787944e-7,2.7878320546268305e-6
ENSG00000186073,C15orf41,C15orf41,protein_coding,327.9470956993738,-0.6370141516072484,0.13171909170194068,2.2116520177929114e-7,2.7963145156521222e-6
ENSG00000113552,GNPDA1,GNPDA1,protein_coding,1606.803792987221,-0.5545820127738674,0.11405398865462278,2.2225631077729145e-7,2.807614355680456e-6
ENSG00000167191,GPRC5B,GPRC5B,protein_coding,2751.180895224217,1.6025396503403195,0.35648295665951435,2.2262139977481908e-7,2.8097309586486483e-6
ENSG00000143850,PLEKHA6,PLEKHA6,protein_coding,633.7526209055077,-0.9153851389008287,0.19720610235733227,2.3065966731005174e-7,2.9086020459380993e-6
ENSG00000189339,SLC35E2B,SLC35E2B,protein_coding,2593.593875862649,-0.4309357554839881,0.0871644555828595,2.3489769800793115e-7,2.9594197134320747e-6
ENSG00000151917,BEND6,BEND6,protein_coding,301.46563229489703,-0.6195970795355481,0.12807517616726388,2.353269113488168e-7,2.9622035283412127e-6
ENSG00000112078,KCTD20,KCTD20,protein_coding,2398.03795498147,0.5327161865985908,0.10887062508931954,2.3944049879323813e-7,3.0113188813749066e-6
ENSG00000155975,VPS37A,VPS37A,protein_coding,944.1426575818524,0.4524152078836941,0.09149301061032665,2.434571640839e-7,3.0591295953439877e-6
ENSG00000136378,ADAMTS7,ADAMTS7,protein_coding,1783.052047368078,0.6884619660174799,0.14429379580249246,2.451635442035008e-7,3.0778519441752824e-6
ENSG00000124608,AARS2,AARS2,protein_coding,354.53489556656575,-0.750129553799964,0.15833335244032168,2.471607422669205e-7,3.1001890634961883e-6
ENSG00000129353,SLC44A2,SLC44A2,protein_coding,4014.674243146151,0.5212874847435752,0.10686579888518455,2.567280283614332e-7,3.217356366002666e-6
ENSG00000147274,RBMX,RBMX,protein_coding,2958.6080921819994,-0.4724665223373078,0.0961877041546674,2.5790103678139583e-7,3.229211573220576e-6
ENSG00000170776,AKAP13,AKAP13,protein_coding,2434.4431983155605,0.5188071730598642,0.10657085943846833,2.5834336762229113e-7,3.231905066894872e-6
ENSG00000084652,TXLNA,TXLNA,protein_coding,3859.44369372998,0.38602499733345597,0.07758204755144432,2.6063202716382366e-7,3.2576713131618872e-6
ENSG00000165895,ARHGAP42,ARHGAP42,protein_coding,109.08834806550851,-1.2869454917370038,0.2838763083085792,2.614215222190715e-7,3.264670528572496e-6
ENSG00000186480,INSIG1,INSIG1,protein_coding,283.81805710728304,-0.9153178650288402,0.19682403270050616,2.6365057580375976e-7,3.289619114239192e-6
ENSG00000112218,GPR63,GPR63,protein_coding,58.66869535689608,1.2989115159570803,0.28172011755149906,2.6705889087209317e-7,3.329224946331861e-6
ENSG00000110628,SLC22A18,SLC22A18,protein_coding,248.00354850970783,0.6555287861246626,0.1367251253622712,2.7175996699996493e-7,3.3819018115551192e-6
ENSG00000187446,CHP1,CHP1,protein_coding,2404.408534746486,0.4276007152488995,0.08613123181547987,2.7175938661867264e-7,3.3819018115551192e-6
ENSG00000147100,SLC16A2,SLC16A2,protein_coding,1319.5658380653854,-0.4648887222846018,0.09399770157904987,2.725644333843295e-7,3.3889479899114534e-6
ENSG00000129484,PARP2,PARP2,protein_coding,200.283906289721,-0.7319245541469205,0.15400510549873278,2.7450649860847553e-7,3.4101139180846775e-6
ENSG00000105281,SLC1A5,SLC1A5,protein_coding,5253.397630959794,0.38415522751177156,0.07746402092839073,2.8176894545596863e-7,3.4972787785040996e-6
ENSG00000267023,LRRC37A16P,LRRC37A16P,pseudogene,729.1463872700523,-0.5255232571007789,0.10831533486089703,2.8231362366881595e-7,3.500984292123137e-6
ENSG00000125945,ZNF436,ZNF436,protein_coding,736.1318004935167,-0.49045411110997694,0.10045330681582994,2.8371696283292105e-7,3.5153223687591197e-6
ENSG00000162512,SDC3,SDC3,protein_coding,3155.0100548862465,-0.4681622145302279,0.09601021451881138,2.8718455495365244e-7,3.5551898256403418e-6
ENSG00000017483,SLC38A5,SLC38A5,protein_coding,447.99216328602455,-0.9492635042885664,0.20563424874410832,2.8945245416102594e-7,3.5801493112925504e-6
ENSG00000151612,ZNF827,ZNF827,protein_coding,563.2287324571364,-0.5117342392122759,0.10524624700665057,2.9141824251559756e-7,3.6013319561614767e-6
ENSG00000176890,TYMS,TYMS,protein_coding,153.9302993236473,-0.9150886405881707,0.1970127489157588,2.9362400175853697e-7,3.625440799490824e-6
ENSG00000197217,ENTPD4,ENTPD4,protein_coding,1672.3363675513915,0.5582132405962745,0.11574559767534855,2.9458887618751953e-7,3.6341996313020624e-6
ENSG00000143416,SELENBP1,SELENBP1,protein_coding,1370.4111008905802,-0.633030931224226,0.13364353867314838,2.995341257556796e-7,3.69200468349115e-6
ENSG00000182158,CREB3L2,CREB3L2,protein_coding,3010.6011490117367,0.5032897524227605,0.10370713298893867,3.0631875287397614e-7,3.7723618535752697e-6
ENSG00000179954,SSC5D,SSC5D,protein_coding,1386.8394322229756,-0.5321008917575016,0.11051283067479857,3.197526046684199e-7,3.934395370937374e-6
ENSG00000134013,LOXL2,LOXL2,protein_coding,2704.0008490643004,-0.7490409884341847,0.16044294794809594,3.2044125873887546e-7,3.939461075455285e-6
ENSG00000164985,PSIP1,PSIP1,protein_coding,1529.5481333261191,-0.45882821676020197,0.09376227167788215,3.2102099349792885e-7,3.943180148112728e-6
ENSG00000071564,TCF3,TCF3,protein_coding,1224.4168067490948,-0.4610976672217475,0.09457267058854206,3.25832015261729e-7,3.9988219025736266e-6
ENSG00000122420,PTGFR,PTGFR,protein_coding,1762.1820689175333,-0.6471474969773754,0.13715694912508927,3.2804944054515354e-7,4.02256486406402e-6
ENSG00000079432,CIC,CIC,protein_coding,2044.2479352851637,-0.452203263103549,0.09281881657744095,3.335504332856996e-7,4.086495575414118e-6
ENSG00000203727,SAMD5,SAMD5,protein_coding,324.5351779260129,-0.9886160944463095,0.21717798167732205,3.3545110146061527e-7,4.106244808240784e-6
ENSG00000165732,DDX21,DDX21,protein_coding,1275.6726022851808,0.46925871177411677,0.09657474987966169,3.4406723746401965e-7,4.20809319491678e-6
ENSG00000272695,GAS6-AS2,GAS6-AS2,lincRNA,208.21912433572442,0.7479140187519673,0.15958855849351505,3.5007052835497035e-7,4.27783779666761e-6
ENSG00000048540,LMO3,LMO3,protein_coding,60.185305788451565,1.281587258009009,0.281658505896914,3.5135770104571407e-7,4.289881493282607e-6
ENSG00000034152,MAP2K3,MAP2K3,protein_coding,1148.3522229229975,0.8234924279725943,0.17866552469510288,3.555515839956372e-7,4.3336467272955816e-6
ENSG00000148926,ADM,ADM,protein_coding,17374.146305796214,0.6318172829476031,0.13407238160238485,3.5536433152083703e-7,4.3336467272955816e-6
ENSG00000053747,LAMA3,LAMA3,protein_coding,1199.3524632134088,0.8793326303046725,0.19233780740885748,3.560604765128456e-7,4.336133748218079e-6
ENSG00000105792,C7orf63,C7orf63,protein_coding,247.92683467168612,0.7744200462166809,0.16602596922890248,3.619157844861265e-7,4.403669904645564e-6
ENSG00000011485,PPP5C,PPP5C,protein_coding,969.6280732032297,0.5129784544609554,0.10641730666647943,3.6436612314564837e-7,4.429695500533079e-6
ENSG00000153936,HS2ST1,HS2ST1,protein_coding,1562.627752879841,0.7514726407200351,0.16152302456067444,3.6816493762844423e-7,4.472056424275825e-6
ENSG00000160145,KALRN,KALRN,protein_coding,42.37109339483164,-1.5120072792605819,0.335056738677274,3.6961702841094017e-7,4.485864003512981e-6
ENSG00000105552,BCAT2,BCAT2,protein_coding,509.6402001780929,0.6862060499879754,0.14626266048698086,3.744079551016268e-7,4.536268103377802e-6
ENSG00000132256,TRIM5,TRIM5,protein_coding,562.5449885464897,-0.5842033620366592,0.12274095915520936,3.742217276721858e-7,4.536268103377802e-6
ENSG00000117280,RAB7L1,RAB7L1,protein_coding,1228.3667507915277,0.49675577105929636,0.10307058793274423,3.7917260721501344e-7,4.586182963457782e-6
ENSG00000166949,SMAD3,SMAD3,protein_coding,4854.037509182008,-0.3803681419158504,0.07742809056037772,3.791432072489661e-7,4.586182963457782e-6
ENSG00000149212,SESN3,SESN3,protein_coding,2835.807338064571,-0.5266800253135258,0.10984814458222353,3.8385794415896675e-7,4.638908579198932e-6
ENSG00000224389,C4B,C4B,protein_coding,1172.416024368467,-0.5695482780208307,0.1199298941964749,3.8421105498771134e-7,4.63923433458846e-6
ENSG00000006607,FARP2,FARP2,protein_coding,880.8655140976045,0.5571904344792833,0.11694595866061751,3.996435796614188e-7,4.821484543769314e-6
ENSG00000170584,NUDCD2,NUDCD2,protein_coding,457.1446149066738,0.561577207607713,0.11777002502842199,4.008387027269345e-7,4.831804836938912e-6
ENSG00000082458,DLG3,DLG3,protein_coding,385.2953890285886,-0.6333719827187689,0.1344264488857941,4.10684967789655e-7,4.946302270821382e-6
ENSG00000023608,SNAPC1,SNAPC1,protein_coding,233.83668856216676,0.6720307501013574,0.14314290365495405,4.1178936121697206e-7,4.955407676776828e-6
ENSG00000135926,TMBIM1,TMBIM1,protein_coding,5297.563237109004,0.4961228893503522,0.1038204617510697,4.1269574894475013e-7,4.957925956917336e-6
ENSG00000171604,CXXC5,CXXC5,protein_coding,675.4067192865912,-0.5578168321529426,0.11734815116466378,4.125345621722964e-7,4.957925956917336e-6
ENSG00000107882,SUFU,SUFU,protein_coding,739.9389296001149,-0.4806175019252014,0.09997510066600954,4.200614680418508e-7,5.042155545508258e-6
ENSG00000100644,HIF1A,HIF1A,protein_coding,6224.463606020828,0.5108996917196537,0.10870573704773437,4.2117451564847426e-7,5.051253212971246e-6
ENSG00000172939,OXSR1,OXSR1,protein_coding,1233.2805217355888,0.43455614979657903,0.08977368331801266,4.3137747252103715e-7,5.169261305087812e-6
ENSG00000131437,KIF3A,KIF3A,protein_coding,369.3150263100627,-0.5848726884126602,0.1236304823699765,4.3828111507951003e-7,5.2475678290327866e-6
ENSG00000116128,BCL9,BCL9,protein_coding,479.4494959971566,-0.5309765302841947,0.11121849564700455,4.5525873921075365e-7,5.446257616933356e-6
ENSG00000166483,WEE1,WEE1,protein_coding,2904.1900071040986,0.5721372990482029,0.12153729417695092,4.638016814186028e-7,5.543794215544711e-6
ENSG00000114626,ABTB1,ABTB1,protein_coding,1019.7965813713301,0.5309543046851487,0.11188234024327508,4.799538272813972e-7,5.732043022040801e-6
ENSG00000164929,BAALC,BAALC,protein_coding,57.514897307865105,-1.2782221908805316,0.2848323858290584,4.808936474508552e-7,5.7384490279706075e-6
ENSG00000170802,FOXN2,FOXN2,protein_coding,291.080768715851,0.8334239221416111,0.1826354444608796,4.83915011325016e-7,5.7696622976421026e-6
ENSG00000106483,SFRP4,SFRP4,protein_coding,440.4879911026585,-1.030909968012653,0.2320633416551977,4.889263887068776e-7,5.824530111362334e-6
ENSG00000139112,GABARAPL1,GABARAPL1,protein_coding,6354.847373858659,0.42973409931141004,0.08958044581852737,4.945893451095795e-7,5.887061794844066e-6
ENSG00000181830,SLC35C1,SLC35C1,protein_coding,733.4606359891072,0.5712655947784754,0.12226910762845664,4.969272627452434e-7,5.909944302080554e-6
ENSG00000093183,SEC22C,SEC22C,protein_coding,1350.1831254995113,0.5092933963995695,0.10703880184924278,5.001332808394518e-7,5.943104249507404e-6
ENSG00000100014,SPECC1L,SPECC1L,protein_coding,878.867140428696,0.4565486851203457,0.09542623296607575,5.07065307793601e-7,6.0204481953724374e-6
ENSG00000130584,ZBTB46,ZBTB46,protein_coding,179.9933477506351,-0.726278656157972,0.15723648419890673,5.113443841927743e-7,6.0661905927923445e-6
ENSG00000162341,TPCN2,TPCN2,protein_coding,429.02939660042694,0.5523490768992602,0.11694575775601833,5.139300276969458e-7,6.091783928301131e-6
ENSG00000080573,COL5A3,COL5A3,protein_coding,314.5715603546846,0.8334133494490316,0.18400872014804148,5.192311263348353e-7,6.1494950382903385e-6
ENSG00000167771,RCOR2,RCOR2,protein_coding,45.8608802207859,-1.3571050820531796,0.30408456971317455,5.203311087281141e-7,6.157395749208564e-6
ENSG00000101938,CHRDL1,CHRDL1,protein_coding,196.6036695154213,0.9596872522336528,0.2132575951199131,5.230901610639016e-7,6.184899792994959e-6
ENSG00000118507,AKAP7,AKAP7,protein_coding,100.76335315582624,0.9456526128048806,0.2083822414047717,5.300540636429286e-7,6.26203405420018e-6
ENSG00000135424,ITGA7,ITGA7,protein_coding,2212.5595476516464,-0.46491360744011956,0.09753650794427404,5.406808624489405e-7,6.382277665953303e-6
ENSG00000122970,IFT81,IFT81,protein_coding,571.162921267794,0.5149894036647564,0.10894644548508811,5.675679899543592e-7,6.694102063939308e-6
ENSG00000085377,PREP,PREP,protein_coding,605.3260973140983,0.49977354610928615,0.10546556485262797,5.71255852653321e-7,6.732015947092658e-6
ENSG00000146281,PM20D2,PM20D2,protein_coding,411.1755158928707,0.53772735910098,0.11538992390915967,5.769339596295698e-7,6.793301855770696e-6
ENSG00000137343,ATAT1,ATAT1,protein_coding,160.74351558426065,-0.7423314942462985,0.1624040132709761,5.976462668395632e-7,7.031365177440816e-6
ENSG00000123411,IKZF4,IKZF4,protein_coding,246.2632102142488,-0.6285221686540797,0.13520640008914742,5.992847152886783e-7,7.039348473247474e-6
ENSG00000198736,MSRB1,MSRB1,protein_coding,329.122521925108,0.6420667792884672,0.13861915529501515,5.993146091888843e-7,7.039348473247474e-6
ENSG00000175745,NR2F1,NR2F1,protein_coding,3454.126286565917,-0.45479938679363624,0.09593964002096876,6.023668715908152e-7,7.069361700913989e-6
ENSG00000157657,ZNF618,ZNF618,protein_coding,657.1730350878612,-0.6456673251938065,0.1401075488659263,6.133316290083012e-7,7.192109720539223e-6
ENSG00000113441,LNPEP,LNPEP,protein_coding,1036.0932286450818,0.4791506578972488,0.10149391069806028,6.313597337806036e-7,7.39741421194012e-6
ENSG00000172974,AC007318.5,AC007318.5,pseudogene,960.8211345484125,0.4999034584494904,0.10629317854031783,6.393543821674546e-7,7.484919120946398e-6
ENSG00000259673,IQCH-AS1,IQCH-AS1,lincRNA,142.05173512017424,0.8692871403227145,0.19265699412116133,6.567602075540288e-7,7.682366112046468e-6
ENSG00000096384,HSP90AB1,HSP90AB1,protein_coding,10658.280092749019,-0.36459432892679416,0.07628075148588609,6.65264893306069e-7,7.775454266545215e-6
ENSG00000100266,PACSIN2,PACSIN2,protein_coding,1004.0992313697228,0.527052301703841,0.11282456215467884,6.677355576980159e-7,7.797923294496371e-6
ENSG00000171385,KCND3,KCND3,protein_coding,119.72872011373829,1.3200663932402938,0.30776689445694616,6.72243424192147e-7,7.844126715101804e-6
ENSG00000151151,IPMK,IPMK,protein_coding,337.346576690097,0.6016532720478373,0.130041550275912,6.881445467607331e-7,8.023088551741532e-6
ENSG00000167797,CDK2AP2,CDK2AP2,protein_coding,312.52339265080604,0.7924686016220047,0.17628230896308208,7.048838493996621e-7,8.21152160021359e-6
ENSG00000080493,SLC4A4,SLC4A4,protein_coding,293.29707627394083,-0.7660718985621412,0.169588665136412,7.114927952979974e-7,8.281729558362288e-6
ENSG00000137124,ALDH1B1,ALDH1B1,protein_coding,673.9128176884096,0.8805736093219537,0.19898853643775036,7.127417901133438e-7,8.283203681331311e-6
ENSG00000166526,ZNF3,ZNF3,protein_coding,412.4151452769574,-0.5574154728682821,0.11976724654248265,7.127841188097248e-7,8.283203681331311e-6
ENSG00000147475,ERLIN2,ERLIN2,protein_coding,1671.8985248045867,-0.40123262579057944,0.08435940666206967,7.135638108835846e-7,8.285495221231108e-6
ENSG00000041982,TNC,TNC,protein_coding,3725.2711257776555,-0.761879567804739,0.1706122731595871,7.143982753200556e-7,8.288418489520777e-6
ENSG00000010256,UQCRC1,UQCRC1,protein_coding,1800.9265525476367,0.4421592272900461,0.0933428456870454,7.271591770224815e-7,8.42959424121253e-6
ENSG00000112320,SOBP,SOBP,protein_coding,311.4588702179831,-0.891753651281096,0.20092884663766497,7.318374386154104e-7,8.476918344353092e-6
ENSG00000198121,LPAR1,LPAR1,protein_coding,7217.285960441018,0.46622684987799035,0.09918257348566983,7.401936447891274e-7,8.566732630984986e-6
ENSG00000107611,CUBN,CUBN,protein_coding,41.32852666385292,-1.421781849666365,0.3245227060172392,7.425012925772207e-7,8.58645397204747e-6
ENSG00000100647,KIAA0247,KIAA0247,protein_coding,841.5626658026858,0.6083143243453256,0.1323287542230457,7.445526500473036e-7,8.603181879994188e-6
ENSG00000173947,PIFO,PIFO,protein_coding,78.44275848999239,-1.120040350269642,0.2549439533102792,7.683021594659136e-7,8.870397659288275e-6
ENSG00000132589,FLOT2,FLOT2,protein_coding,2007.8896113918408,0.44561383810894206,0.09482185506434011,8.001071456548926e-7,9.230108710296182e-6
ENSG00000177663,IL17RA,IL17RA,protein_coding,930.058573363675,0.45364426245911654,0.096027276152572,8.020000764248777e-7,9.244448206699726e-6
ENSG00000174807,CD248,CD248,protein_coding,12995.376006434162,-0.7352103117210829,0.1646009969801511,8.032041465683498e-7,9.250830591731342e-6
ENSG00000165124,SVEP1,SVEP1,protein_coding,58344.32388488284,0.6040319488435724,0.13327734577519065,8.319305692172714e-7,9.573932375846658e-6
ENSG00000072571,HMMR,HMMR,protein_coding,36.70884180700699,1.422714584359195,0.32639869249930986,8.428554265979952e-7,9.691815349983738e-6
ENSG00000150977,RILPL2,RILPL2,protein_coding,515.3214932161046,0.5035745197640344,0.1081304717577232,8.485008964256777e-7,9.748850364102454e-6
ENSG00000145386,CCNA2,CCNA2,protein_coding,172.08811904335101,0.8670227110857336,0.19543979735527756,8.585659015076788e-7,9.856530575500585e-6
ENSG00000123104,ITPR2,ITPR2,protein_coding,207.539535950399,0.7764049538442777,0.1736373586506037,8.758560631525671e-7,1.0046916647001704e-5
ENSG00000172123,SLFN12,SLFN12,protein_coding,409.2373706181127,0.6070693473469079,0.13270541578044823,8.794926875641424e-7,1.0080502810565965e-5
ENSG00000244405,ETV5,ETV5,protein_coding,494.0652038892652,0.7379557860819432,0.16481801446209207,8.863531297715204e-7,1.0150955650459021e-5
ENSG00000085511,MAP3K4,MAP3K4,protein_coding,748.086345707215,-0.5232928923707033,0.11316924220701628,9.006570394333144e-7,1.030647283097302e-5
ENSG00000080815,PSEN1,PSEN1,protein_coding,1786.0102073573153,0.474312248297052,0.10225541959578047,9.084271590200931e-7,1.0378689084258478e-5
ENSG00000136193,SCRN1,SCRN1,protein_coding,4962.1354761790935,0.4028277880542002,0.08532793325666879,9.080697844285675e-7,1.0378689084258478e-5
ENSG00000112276,BVES,BVES,protein_coding,437.36552917405436,0.5308973588135855,0.11464918784375677,9.110812114811891e-7,1.040065742544818e-5
ENSG00000188483,IER5L,IER5L,protein_coding,319.9767501957273,-0.6679420633709379,0.14748394618960112,9.235573077759083e-7,1.053462642005174e-5
ENSG00000144827,ABHD10,ABHD10,protein_coding,332.4100199436292,-0.6021094389454692,0.13072818961740504,9.277014728016697e-7,1.0573418068213903e-5
ENSG00000180155,LYNX1,LYNX1,protein_coding,1146.7673791775342,-0.4481291909976842,0.09579757252049409,9.343731834450737e-7,1.0640932074717956e-5
ENSG00000157445,CACNA2D3,CACNA2D3,protein_coding,110.6309796048582,-0.8616903693376814,0.19381194326838375,9.364613162982813e-7,1.0656180610421403e-5
ENSG00000215700,PNRC2,PNRC2,protein_coding,1649.8403599412286,0.38990631559617134,0.08261659055004587,9.373871904671964e-7,1.065818976595156e-5
ENSG00000124226,RNF114,RNF114,protein_coding,1521.360927278357,-0.45079940858761947,0.09638552046493164,9.405962689455246e-7,1.0677606807247519e-5
ENSG00000139436,GIT2,GIT2,protein_coding,938.968649398545,0.4739999164549282,0.10265616830017633,9.404319036959655e-7,1.0677606807247519e-5
ENSG00000153443,UBALD1,UBALD1,protein_coding,328.2441466089565,0.5875341143296531,0.12852998587351355,9.474439792962092e-7,1.0746764881586349e-5
ENSG00000224259,LINC01133,LINC01133,lincRNA,145.14076650205635,-0.8081340267677999,0.18143853797319373,9.547379761473736e-7,1.0820870894597803e-5
ENSG00000129038,LOXL1,LOXL1,protein_coding,3799.008515152654,-0.5034547379182075,0.1097389063915662,9.740469411140765e-7,1.1022150907244729e-5
ENSG00000136270,TBRG4,TBRG4,protein_coding,570.9886689373345,0.4860664973666604,0.10452728448628124,9.736006085472764e-7,1.1022150907244729e-5
ENSG00000101384,JAG1,JAG1,protein_coding,1110.1259787060128,-0.5089389471610299,0.11037786844639841,9.867723147512e-7,1.1148410965068365e-5
ENSG00000136235,GPNMB,GPNMB,protein_coding,26500.96408014362,-0.3993997101309307,0.08465921389945635,9.866885853598245e-7,1.1148410965068365e-5
ENSG00000101782,RIOK3,RIOK3,protein_coding,1433.0031568559689,0.4965699652376393,0.10736295755611157,9.899660810723283e-7,1.1166754589351942e-5
ENSG00000176390,CRLF3,CRLF3,protein_coding,221.51858034860177,0.6829031245322738,0.15150937251766586,9.898743592296083e-7,1.1166754589351942e-5
ENSG00000164574,GALNT10,GALNT10,protein_coding,3137.3575187609445,0.4207473536472556,0.08999044626903753,9.923566687376492e-7,1.1184850440669035e-5
ENSG00000106211,HSPB1,HSPB1,protein_coding,8394.558756876419,0.44744568136550344,0.09611214204354042,9.9943581969255e-7,1.1250977117658777e-5
ENSG00000130311,DDA1,DDA1,protein_coding,638.0138453935185,0.4820061643568737,0.1043270516468768,9.9980561562997e-7,1.1250977117658777e-5
ENSG00000044090,CUL7,CUL7,protein_coding,1108.2698659693003,-0.4940338834627168,0.10691900467447997,1.0073377167570057e-6,1.1326776034111976e-5
ENSG00000107929,LARP4B,LARP4B,protein_coding,1244.202843699627,0.5412610230091826,0.11818222302606923,1.0241513196032738e-6,1.1506736469223513e-5
ENSG00000145687,SSBP2,SSBP2,protein_coding,734.819651930815,-0.6727126392153955,0.1502188378687999,1.0394793355019414e-6,1.1669734860441685e-5
ENSG00000171862,PTEN,PTEN,protein_coding,2184.5954152658423,-0.3923486605428054,0.0837011706371402,1.0436668159338331e-6,1.1707505354765648e-5
ENSG00000170017,ALCAM,ALCAM,protein_coding,6149.830147708739,0.7161471850960858,0.16340009500938696,1.0617704823195908e-6,1.1901200425936849e-5
ENSG00000134853,PDGFRA,PDGFRA,protein_coding,16411.972100126037,0.519719922978075,0.11346945059318206,1.0679766306480148e-6,1.1961338263257766e-5
ENSG00000154027,AK5,AK5,protein_coding,748.218081048091,0.8232360377763973,0.18878159528997893,1.089206487181611e-6,1.2189514613431343e-5
ENSG00000103222,ABCC1,ABCC1,protein_coding,5110.1681143362,-0.39776631292238884,0.08517545572488036,1.1017018294396753e-6,1.2319659451218508e-5
ENSG00000184227,ACOT1,ACOT1,protein_coding,215.7801483608697,0.7884820623756158,0.17883081271421122,1.1060667966409339e-6,1.235875421478448e-5
ENSG00000164692,COL1A2,COL1A2,protein_coding,205459.58813453096,-0.4247885687867851,0.09137950419427712,1.1109255545205045e-6,1.2403300696624533e-5
ENSG00000087191,PSMC5,PSMC5,protein_coding,1248.7456722756428,0.441860782493719,0.09526527484200635,1.1162295482597573e-6,1.2452744387801403e-5
ENSG00000139946,PELI2,PELI2,protein_coding,388.65777634071,-0.6458924667631122,0.14389653972948965,1.1314562661869034e-6,1.261272251586404e-5
ENSG00000140682,TGFB1I1,TGFB1I1,protein_coding,1832.6947146467962,0.5758344941234149,0.12703403529729757,1.1586283621906724e-6,1.2905504952075275e-5
ENSG00000244731,C4A,C4A,protein_coding,1112.3184892789743,-0.5462728644932358,0.12018069526809498,1.1601085912570515e-6,1.2911881535242802e-5
ENSG00000006451,RALA,RALA,protein_coding,1100.2257134144454,-0.5360716468477321,0.11782773996069588,1.1634286064968847e-6,1.2929069480081803e-5
ENSG00000137821,LRRC49,LRRC49,protein_coding,248.2698364451223,-0.6116907271133795,0.13548734498695791,1.1634708193549429e-6,1.2929069480081803e-5
ENSG00000189266,PNRC2,PNRC2,protein_coding,1697.9477781749472,0.387718078113474,0.08288698963540907,1.1654962839169035e-6,1.2941466933984415e-5
ENSG00000220785,MTMR9LP,MTMR9LP,pseudogene,367.40716286149933,-0.6047728626378848,0.13405752625303877,1.1673145389785414e-6,1.2951546023736954e-5
ENSG00000168092,PAFAH1B2,PAFAH1B2,protein_coding,1606.3466764253126,0.44832691637146455,0.09712690399600687,1.2001171561768496e-6,1.3305118027637965e-5
ENSG00000140564,FURIN,FURIN,protein_coding,2488.628380887053,0.46138067332018273,0.10038766145158752,1.2015740364799427e-6,1.3310894933715504e-5
ENSG00000188452,CERKL,CERKL,protein_coding,570.6535222654073,0.5957773272479446,0.1321372120440462,1.203215171944645e-6,1.3318702416918779e-5
ENSG00000167995,BEST1,BEST1,protein_coding,318.9919954180948,-0.7077776837702,0.1585192360207861,1.2061332759253512e-6,1.3340621863734212e-5
ENSG00000083097,DOPEY1,DOPEY1,protein_coding,458.23624828506206,-0.5974086172242626,0.1326765836431831,1.2226982394127522e-6,1.3513333144838374e-5
ENSG00000233280,CRYBG3,CRYBG3,protein_coding,542.2426250137538,-0.6211477956260363,0.13879065654268052,1.2499635971131328e-6,1.3803945811597205e-5
ENSG00000186470,BTN3A2,BTN3A2,protein_coding,586.3735894621838,-0.5180324587856568,0.11376220546236473,1.2657565539135789e-6,1.3967510646134015e-5
ENSG00000085719,CPNE3,CPNE3,protein_coding,2738.6916664663327,0.39456552637203873,0.08480365650271719,1.29396747563566e-6,1.426774680111754e-5
ENSG00000198833,UBE2J1,UBE2J1,protein_coding,1408.0259800139015,0.40192153090894495,0.08663258136427031,1.3173905372910415e-6,1.4514766074692313e-5
ENSG00000125676,THOC2,THOC2,protein_coding,1824.6180265797925,0.6027641491493088,0.13445152715914052,1.3184445475063545e-6,1.4515135637562218e-5
ENSG00000163812,ZDHHC3,ZDHHC3,protein_coding,2014.2502110731498,0.465305897531214,0.1016058407691117,1.3411831271567033e-6,1.4754051663323238e-5
ENSG00000145681,HAPLN1,HAPLN1,protein_coding,1075.7581788033947,0.6199595216800077,0.13897566550394136,1.3452428161721945e-6,1.4787274974677972e-5
ENSG00000166401,SERPINB8,SERPINB8,protein_coding,341.5987611167089,0.5919611550710335,0.1318296551199668,1.3501158787542494e-6,1.4829380895289918e-5
ENSG00000160408,ST6GALNAC6,ST6GALNAC6,protein_coding,3018.2584832107605,0.37479955557371997,0.08067827181456343,1.3553201569582736e-6,1.4875057031307471e-5
ENSG00000108840,HDAC5,HDAC5,protein_coding,2782.705266186969,0.5237976754360879,0.11595296403916217,1.3581469099704092e-6,1.4894588779814264e-5
ENSG00000143067,ZNF697,ZNF697,protein_coding,221.8858815481901,-0.7102452497299239,0.16084117054846295,1.3617187604289253e-6,1.4922255507196483e-5
ENSG00000142279,WTIP,WTIP,protein_coding,533.7816402263679,0.5952900753910573,0.1329060615992986,1.3742526825075955e-6,1.5048013976896103e-5
ENSG00000204072,RP4-545K15.3,RP4-545K15.3,pseudogene,348.84370070187435,-0.5498510915876755,0.12169583204183264,1.3986424957358105e-6,1.5303300661035513e-5
ENSG00000136379,ABHD17C,ABHD17C,protein_coding,507.6211062706386,0.5591251681866174,0.12420119147683698,1.4095977970120274e-6,1.541131365464956e-5
ENSG00000065833,ME1,ME1,protein_coding,679.0578147011349,-0.6143580258753054,0.13794448352088173,1.4335545212347389e-6,1.566119778037091e-5
ENSG00000206384,COL6A6,COL6A6,protein_coding,1434.2617042547215,-0.7577848210591747,0.17478742345343848,1.4490748233166117e-6,1.5818603443480803e-5
ENSG00000156931,VPS8,VPS8,protein_coding,829.0392183292222,-0.47233926136437876,0.10368148102124279,1.4679710516383379e-6,1.60125922074415e-5
ENSG00000100600,LGMN,LGMN,protein_coding,1181.3186931889081,0.45794546737367725,0.10100832133171417,1.4793336908983468e-6,1.6124170436274394e-5
ENSG00000151893,CACUL1,CACUL1,protein_coding,1067.549233677024,0.5782800674448932,0.12934457743118985,1.5304686112570914e-6,1.6668748488913377e-5
ENSG00000185252,ZNF74,ZNF74,protein_coding,140.9227147004339,-0.7627608088360015,0.17433693440512738,1.5771837857548076e-6,1.7164393396003355e-5
ENSG00000121879,PIK3CA,PIK3CA,protein_coding,1073.935471604367,0.5414491526347494,0.12083565710956662,1.6174126210842462e-6,1.758874397729535e-5
ENSG00000172301,COPRS,COPRS,protein_coding,792.9337333796793,-0.5190392591957431,0.11540704191288521,1.624965732513202e-6,1.765738164955522e-5
ENSG00000186918,ZNF395,ZNF395,protein_coding,1760.8359887181193,0.7121991004176821,0.16416614741716046,1.6867835796836802e-6,1.8315121860626465e-5
ENSG00000197121,PGAP1,PGAP1,protein_coding,370.0724542386925,-0.5814933718369564,0.13057576429719275,1.6904399472721363e-6,1.834082212814559e-5
ENSG00000132199,ENOSF1,ENOSF1,protein_coding,354.24064792327005,-0.701249583840511,0.16097140396612605,1.6949592761331775e-6,1.837583898149262e-5
ENSG00000198793,MTOR,MTOR,protein_coding,2004.414471285668,0.6245096257318681,0.14256503305166449,1.699247979196801e-6,1.84083040792805e-5
ENSG00000154813,DPH3,DPH3,protein_coding,842.1110416963348,0.43356938670650663,0.09505058806791912,1.7121721093524363e-6,1.853419793259441e-5
ENSG00000244490,RWDD4P1,RWDD4P1,pseudogene,75.41812061234624,1.0512901663746455,0.2477645921603636,1.7163601330750413e-6,1.8565404207497632e-5
ENSG00000162458,FBLIM1,FBLIM1,protein_coding,1732.7118805820699,0.43523094093718845,0.09583389036428185,1.7457783678691916e-6,1.8869264061224453e-5
ENSG00000117479,SLC19A2,SLC19A2,protein_coding,263.5342165721427,0.9067023543865209,0.21435650444356372,1.7472448335504034e-6,1.8870774876553483e-5
ENSG00000137752,CASP1,CASP1,protein_coding,265.19004508385564,-0.6437078916104555,0.14610153249569202,1.7570015953824917e-6,1.8961753181123342e-5
ENSG00000177425,PAWR,PAWR,protein_coding,465.7590125700794,0.8191729539104707,0.19213115058263114,1.7611223254487688e-6,1.8991814978910758e-5
ENSG00000143106,PSMA5,PSMA5,protein_coding,1045.2202438198585,0.4332620983574649,0.09509648976746014,1.768336919128021e-6,1.9040745145856904e-5
ENSG00000171792,RHNO1,RHNO1,protein_coding,331.9559389562648,-0.5542841299767715,0.12437447355366768,1.7682292687254798e-6,1.9040745145856904e-5
ENSG00000119408,NEK6,NEK6,protein_coding,2474.4175683339713,-0.5573943233262645,0.12569112736962226,1.7929121065637234e-6,1.929075779407141e-5
ENSG00000169902,TPST1,TPST1,protein_coding,1966.6465061351141,-0.46765920653546067,0.10300294045053038,1.7957125289034548e-6,1.930628496683503e-5
ENSG00000065717,TLE2,TLE2,protein_coding,240.60664756978164,0.706324682793923,0.16224416122843346,1.8011495845301658e-6,1.93501145697561e-5
ENSG00000096968,JAK2,JAK2,protein_coding,713.885827685888,0.7155706579974774,0.16555044958684773,1.8446474179476552e-6,1.9797457554247573e-5
ENSG00000171824,EXOSC10,EXOSC10,protein_coding,1111.477242602186,0.5980127863561909,0.13644434717469023,1.84557288504867e-6,1.9797457554247573e-5
ENSG00000247903,RP11-421F16.3,RP11-421F16.3,antisense,175.02180013403353,0.8766219126282974,0.20608418727534167,1.8687113429769761e-6,2.003055775622043e-5
ENSG00000167291,TBC1D16,TBC1D16,protein_coding,2736.80120793102,0.5039191851884329,0.11261736493783386,1.8779078174261536e-6,2.011397650231145e-5
ENSG00000078269,SYNJ2,SYNJ2,protein_coding,1097.122288629136,-0.618241612408909,0.14106974602545233,1.8825139348226351e-6,2.014814011205204e-5
ENSG00000103365,GGA2,GGA2,protein_coding,1210.4394608407122,-0.40167045770328513,0.08835548797708853,1.8867627939375313e-6,2.0178431564637175e-5
ENSG00000168874,ATOH8,ATOH8,protein_coding,558.8903718968828,0.6155589955009455,0.14026903999015233,1.8944129415274955e-6,2.0245026055812994e-5
ENSG00000196152,ZNF79,ZNF79,protein_coding,135.4041669834791,-0.7518485551097006,0.17360619581183545,1.9066265631069595e-6,2.03602524276527e-5
ENSG00000163399,ATP1A1,ATP1A1,protein_coding,4617.330525576696,0.37930384237156006,0.08270097290472907,1.9091355728383923e-6,2.037175122884718e-5
ENSG00000214391,RP11-121L10.3,RP11-121L10.3,pseudogene,297.1542831470823,-0.8157016924452317,0.19172749789437024,1.9346684053454187e-6,2.0628728184132858e-5
ENSG00000008441,NFIX,NFIX,protein_coding,10848.941191603895,-0.32414082372519,0.07041937249330694,1.9394539289855728e-6,2.0664264184187856e-5
ENSG00000105137,SYDE1,SYDE1,protein_coding,1408.2432820214774,0.48711186684223623,0.10884452043509919,1.9450083839272843e-6,2.0707933572591086e-5
ENSG00000272761,RP11-572C15.6,RP11-572C15.6,lincRNA,37241.361626242404,0.45215048839377797,0.10056052283840809,2.027012220924234e-6,2.156486299957091e-5
ENSG00000261801,LOXL1-AS1,LOXL1-AS1,antisense,203.65633061210156,-0.6507819618725172,0.1488939378249604,2.0398687562283367e-6,2.168542091823009e-5
ENSG00000170242,USP47,USP47,protein_coding,2877.3737804575476,0.44210553672803377,0.09814255520001636,2.0770524892599204e-6,2.2064223007642352e-5
ENSG00000211448,DIO2,DIO2,protein_coding,664.2696437885132,1.5204991157669492,0.380902887313291,2.160053528177619e-6,2.2928807003580932e-5
ENSG00000100304,TTLL12,TTLL12,protein_coding,570.3377589120182,0.5126056476108745,0.11527971006011777,2.1623188576481476e-6,2.2935737085150822e-5
ENSG00000106086,PLEKHA8,PLEKHA8,protein_coding,471.18263100113876,0.6194345637070645,0.14237692046117525,2.1869993068089463e-6,2.318023706412105e-5
ENSG00000100767,PAPLN,PAPLN,protein_coding,209.4037016920024,0.9215244046283654,0.220216311375657,2.198342938779765e-6,2.328311985197571e-5
ENSG00000143631,FLG,FLG,protein_coding,268.874836154507,-0.8111439109928883,0.19122623866435665,2.2004790536888916e-6,2.3288403318207436e-5
ENSG00000011347,SYT7,SYT7,protein_coding,149.04591390941954,-0.8548499482884505,0.20103498926106286,2.237814184584928e-6,2.366592487846544e-5
ENSG00000237172,B3GNT9,B3GNT9,protein_coding,672.121248756879,-0.5332959747224727,0.12069742002177423,2.2408500343082952e-6,2.368042413670222e-5
ENSG00000115828,QPCT,QPCT,protein_coding,346.2048829167076,1.064169652044658,0.26223369024311544,2.26365729911701e-6,2.3903683313021788e-5
ENSG00000160256,FAM207A,FAM207A,protein_coding,152.3230178614619,0.8654036917277556,0.20510988942551062,2.2677409584525287e-6,2.3929041092751313e-5
ENSG00000197771,MCMBP,MCMBP,protein_coding,1095.9798915104393,0.4229650325604982,0.09357524516189311,2.270897667425117e-6,2.394458741397692e-5
ENSG00000213949,ITGA1,ITGA1,protein_coding,1187.6608194369294,0.5732861257696482,0.13122805515894304,2.3159484568555936e-6,2.4401519148380713e-5
ENSG00000072682,P4HA2,P4HA2,protein_coding,3717.1177655236224,-0.35756857523030683,0.07823021397445996,2.346459657124205e-6,2.4704694421121164e-5
ENSG00000085415,SEH1L,SEH1L,protein_coding,329.58537290203475,0.6211222427103769,0.14289509898025754,2.3644614547296216e-6,2.4875813411297443e-5
ENSG00000129048,ACKR4,ACKR4,protein_coding,1450.4288543687048,-1.3256093592439975,0.3304018365179697,2.3987154182600673e-6,2.5217537405270657e-5
ENSG00000130150,MOSPD2,MOSPD2,protein_coding,832.9348608745235,0.6257029310389103,0.14516631935689922,2.459719900328346e-6,2.5839775378338546e-5
ENSG00000196139,AKR1C3,AKR1C3,protein_coding,1856.2266049502712,-0.621587802472011,0.14411551835550424,2.4909972606812874e-6,2.6149036926886075e-5
ENSG00000116005,PCYOX1,PCYOX1,protein_coding,8520.83532156394,0.4067302842699978,0.09031294979277013,2.4984086891106002e-6,2.6207496455685235e-5
ENSG00000101558,VAPA,VAPA,protein_coding,2569.849482239283,0.46212566720146203,0.10390201050305146,2.533690450515524e-6,2.6558005134954174e-5
ENSG00000142002,DPP9,DPP9,protein_coding,1301.6788430078925,0.4112483068210945,0.09191000985837153,2.561633776105583e-6,2.6831133160033734e-5
ENSG00000100968,NFATC4,NFATC4,protein_coding,3776.165461154509,-0.4998778400974843,0.11342121695153912,2.6890315540982066e-6,2.8144801196094844e-5
ENSG00000156162,DPY19L4,DPY19L4,protein_coding,1102.572357048262,0.4281235926619668,0.09541685602068793,2.697994100302967e-6,2.8217844178462798e-5
ENSG00000184985,SORCS2,SORCS2,protein_coding,67.02402360235236,1.0728929061737436,0.25879154116249065,2.735900362748728e-6,2.8593274621409193e-5
ENSG00000108829,LRRC59,LRRC59,protein_coding,1667.2048615796107,0.4493767097964982,0.1013879922851277,2.7516945303490632e-6,2.8737226872015474e-5
ENSG00000259583,RP11-66B24.4,RP11-66B24.4,antisense,70.23884905565006,-1.0126212700581196,0.2441480486709301,2.7799958026636493e-6,2.9011489579668195e-5
ENSG00000233901,RP11-65J3.1,RP11-65J3.1,lincRNA,103.76122130639192,-0.8933800463358779,0.21363668287746804,2.7974627001085643e-6,2.9172367629284617e-5
ENSG00000165868,HSPA12A,HSPA12A,protein_coding,334.06088455242275,-0.7239864345503048,0.17126422620477413,2.8322723643262755e-6,2.9513730483646113e-5
ENSG00000196305,IARS,IARS,protein_coding,2987.582559332156,-0.6200812666585316,0.14535308736836672,2.882175665934099e-6,3.001176183912637e-5
ENSG00000119537,KDSR,KDSR,protein_coding,2627.1009741203443,0.5363338997956771,0.12336388309988648,2.8855284009349086e-6,3.0024693471030097e-5
ENSG00000206527,PTPLB,PTPLB,protein_coding,620.8014280267626,0.5602938375638347,0.12892718369681808,2.950834951269094e-6,3.0681780955300875e-5
ENSG00000166681,NGFRAP1,NGFRAP1,protein_coding,2957.5548764517653,0.3630444521885123,0.08046028362291263,2.955819544545039e-6,3.0711159387588486e-5
ENSG00000125772,GPCPD1,GPCPD1,protein_coding,326.2679573847146,-0.5411017040810532,0.12408310736760594,2.9731697582769586e-6,3.0868880760387925e-5
ENSG00000198108,CHSY3,CHSY3,protein_coding,41.07644744721646,1.2914445396707719,0.3169349209673078,2.976813034163079e-6,3.0884163820521985e-5
ENSG00000150990,DHX37,DHX37,protein_coding,368.92860755715196,0.5562395041055971,0.12859521607314006,3.023438951777004e-6,3.129941459248625e-5
ENSG00000154736,ADAMTS5,ADAMTS5,protein_coding,3787.536041899537,2.0294370525788517,0.5449473545458388,3.019297709286654e-6,3.129941459248625e-5
ENSG00000176597,B3GNT5,B3GNT5,protein_coding,139.63395145729035,0.784632848107393,0.1865646086077619,3.022251135450925e-6,3.129941459248625e-5
ENSG00000110002,VWA5A,VWA5A,protein_coding,934.4109619972016,-0.46296593804695046,0.10556173520243378,3.0302652170571463e-6,3.134726723448789e-5
ENSG00000000971,CFH,CFH,protein_coding,5837.312524209319,0.39432419042333583,0.08903163146364977,3.0587061201713575e-6,3.159733264566854e-5
ENSG00000109674,NEIL3,NEIL3,protein_coding,48.17563804531052,-1.302781219468919,0.3214840742301741,3.0588812607624845e-6,3.159733264566854e-5
ENSG00000028137,TNFRSF1B,TNFRSF1B,protein_coding,520.505417386605,0.7733316887636916,0.18560762586788757,3.0796648929013524e-6,3.178893573049988e-5
ENSG00000162944,RFTN2,RFTN2,protein_coding,250.94909384313425,-0.7982260810229755,0.19171915222874458,3.120476693993914e-6,3.218684589947022e-5
ENSG00000167371,PRRT2,PRRT2,protein_coding,295.90397596974907,-0.7160281068026654,0.17007130092999703,3.209425260476317e-6,3.308033688769213e-5
ENSG00000169756,LIMS1,LIMS1,protein_coding,1710.745496242163,-0.41197776950651666,0.09284899569269003,3.2223872194419036e-6,3.318988834854572e-5
ENSG00000253833,RP11-367E12.4,RP11-367E12.4,pseudogene,85.18058474358038,1.0434755362552202,0.2556809346267026,3.22657342854328e-6,3.320895835571607e-5
ENSG00000185551,NR2F2,NR2F2,protein_coding,3185.6601784624327,0.7072998352511483,0.16885035727251446,3.273334575311697e-6,3.36658792474574e-5
ENSG00000197119,SLC25A29,SLC25A29,protein_coding,340.7739812193036,-0.6187024064509787,0.14463201830156674,3.302405180421385e-6,3.3940326073926144e-5
ENSG00000141522,ARHGDIA,ARHGDIA,protein_coding,2538.6758421510203,0.4212590201921694,0.09559671975660389,3.3267833457281643e-6,3.414153413393752e-5
ENSG00000168386,FILIP1L,FILIP1L,protein_coding,2135.0702726993122,-0.5615308350092899,0.1307786947859635,3.3264605343554913e-6,3.414153413393752e-5
ENSG00000075975,MKRN2,MKRN2,protein_coding,933.8762615953337,0.45401359648806117,0.10333258848471186,3.344341060284461e-6,3.429697710272976e-5
ENSG00000104043,ATP8B4,ATP8B4,protein_coding,798.7276244776093,-0.4986935708870834,0.11450508648209506,3.3715818278586723e-6,3.4551426454943626e-5
ENSG00000148516,ZEB1,ZEB1,protein_coding,10728.83108210447,0.372698021566527,0.08435769816395157,3.3936859239834824e-6,3.47529075469698e-5
ENSG00000164465,DCBLD1,DCBLD1,protein_coding,655.6012386583056,-0.5219934162387654,0.12023720509844392,3.434060411308403e-6,3.514106136003649e-5
ENSG00000120942,UBIAD1,UBIAD1,protein_coding,286.02506402553513,0.6416757244226705,0.15125934261974805,3.4474288754976056e-6,3.525250059315453e-5
ENSG00000214274,ANG,ANG,protein_coding,62.19941627572018,1.0182236096727164,0.24843381749343912,3.4714238367668587e-6,3.547236541247974e-5
ENSG00000105971,CAV2,CAV2,protein_coding,1477.9280495703067,0.5590769894516577,0.13040434734590042,3.5144669263049264e-6,3.588641605151563e-5
ENSG00000197496,SLC2A10,SLC2A10,protein_coding,2121.1085512063246,0.4497168403327366,0.10265477148513717,3.519528153662505e-6,3.5912315966782975e-5
ENSG00000133059,DSTYK,DSTYK,protein_coding,1635.6560576194383,-0.4419978398885741,0.10084478469926378,3.5658412616109114e-6,3.635880007537893e-5
ENSG00000180672,AC007362.1,AC007362.1,pseudogene,133.5653010601517,1.1501677766244367,0.29112648614033493,3.653437146345963e-6,3.7225279347868896e-5
ENSG00000223756,TSSC2,TSSC2,pseudogene,493.8401299861983,-0.5252126291632951,0.12169238274504744,3.670671927485466e-6,3.737411417076111e-5
ENSG00000124422,USP22,USP22,protein_coding,3931.5485731796316,-0.3383135642276034,0.0758753792737344,3.7017132038569972e-6,3.7663210737955605e-5
ENSG00000151729,SLC25A4,SLC25A4,protein_coding,362.26391400774696,0.6066047557079041,0.14246201964943464,3.7236689631902883e-6,3.785951917971312e-5
ENSG00000144824,PHLDB2,PHLDB2,protein_coding,1783.4805650192213,-0.3709558948810769,0.0835306419249328,3.7526017991202174e-6,3.812643427906141e-5
ENSG00000179909,ZNF154,ZNF154,protein_coding,224.39062854395848,-0.6132510514910893,0.14439141327988309,3.7909621631269095e-6,3.8456743333793944e-5
ENSG00000198046,ZNF667,ZNF667,protein_coding,208.11872987765594,-0.6509636964851292,0.1538934003365028,3.789037941097372e-6,3.8456743333793944e-5
ENSG00000198668,CALM1,CALM1,protein_coding,3729.512598264095,0.40299719602538303,0.09149912486229633,3.7932234882812785e-6,3.8456743333793944e-5
ENSG00000115841,RMDN2,RMDN2,protein_coding,182.12369780846183,0.7074263466265578,0.16872281342580664,3.826318467564539e-6,3.876463951754844e-5
ENSG00000108582,CPD,CPD,protein_coding,7746.882575741623,0.5063542413459667,0.11725411396842901,3.842409902461794e-6,3.889995619403314e-5
ENSG00000198862,LTN1,LTN1,protein_coding,911.824531239746,0.5405332918558313,0.12620359338237205,3.864540861395431e-6,3.909618009423088e-5
ENSG00000165195,PIGA,PIGA,protein_coding,152.0021864546219,0.8332717622941219,0.20299574939534257,3.929427344618105e-6,3.972436002121387e-5
ENSG00000145623,OSMR,OSMR,protein_coding,6455.8085464238175,0.4246295149200421,0.09802484960290449,3.957527055097495e-6,3.9980017636155374e-5
ENSG00000170899,GSTA4,GSTA4,protein_coding,443.5503672306809,-0.7110340256041465,0.171457460043615,4.063050754706468e-6,4.100815093001357e-5
ENSG00000171680,PLEKHG5,PLEKHG5,protein_coding,145.77933457694886,-0.7377068236032404,0.1772378788848564,4.065065580098365e-6,4.100815093001357e-5
ENSG00000170315,UBB,UBB,protein_coding,2620.8466701664993,-0.3842452053446659,0.08716059820464965,4.113615609404757e-6,4.1468510579853485e-5
ENSG00000134874,DZIP1,DZIP1,protein_coding,1613.6736180766807,-0.410673574665813,0.09377298055293312,4.1336497707655116e-6,4.164095916385881e-5
ENSG00000148219,ASTN2,ASTN2,protein_coding,127.89012927326365,-0.7516309407232057,0.18089577978137722,4.140006792365392e-6,4.167548238825572e-5
ENSG00000186340,THBS2,THBS2,protein_coding,14503.136086168503,-0.5075073332343947,0.11752585397532701,4.148569894430003e-6,4.173214864099884e-5
ENSG00000075142,SRI,SRI,protein_coding,1212.4754228877853,0.44485342533230265,0.10220459188979672,4.260694217273685e-6,4.282976293038932e-5
ENSG00000169857,AVEN,AVEN,protein_coding,278.1345489516702,0.5765791330915081,0.13558996922606922,4.2718249291635235e-6,4.291132612459178e-5
ENSG00000224945,RP11-82L18.2,RP11-82L18.2,sense_intronic,153.55083966656238,0.7828576043297559,0.1899665354914441,4.330026515789751e-6,4.3465276754123794e-5
ENSG00000056736,IL17RB,IL17RB,protein_coding,74.25432010219372,-0.9349989972675294,0.22958095360058642,4.369163500520276e-6,4.382720848476757e-5
ENSG00000124486,USP9X,USP9X,protein_coding,5364.116114819174,0.3832719992126013,0.08725927768619822,4.459446299848584e-6,4.470131372025811e-5
ENSG00000105088,OLFM2,OLFM2,protein_coding,53.56030395101345,-1.2678284823651578,0.3199945361322528,4.479456088597228e-6,4.4855780339678966e-05
ENSG00000112414,GPR126,GPR126,protein_coding,774.1580048398315,0.6425108789514412,0.1540986224545842,4.4811630949580855e-6,4.4855780339678966e-05
ENSG00000101004,NINL,NINL,protein_coding,444.97628845596984,-0.5579292320031614,0.13153056672151553,4.544930875018062e-6,4.5462093365862804e-5
ENSG00000137831,UACA,UACA,protein_coding,2804.442511646084,-0.43709231536933335,0.10080688569044519,4.551305718956398e-6,4.5493866863271824e-5
ENSG00000064687,ABCA7,ABCA7,protein_coding,143.97483174269837,-0.7516690192045113,0.18268089716458114,4.693287728274751e-6,4.68801437127669e-5
ENSG00000175066,GK5,GK5,protein_coding,537.1337724515635,0.5519824668200254,0.13021668231855185,4.710350442995226e-6,4.7017561193799365e-5
ENSG00000150510,FAM124A,FAM124A,protein_coding,319.28672038906757,0.6607406579440444,0.15918792132469844,4.726745029119823e-6,4.714812152468468e-5
ENSG00000167657,DAPK3,DAPK3,protein_coding,1308.095771613621,0.39694500871906846,0.09096457110180478,4.828594711183435e-6,4.8130295144970694e-5
ENSG00000151067,CACNA1C,CACNA1C,protein_coding,1326.07355935338,-0.5394355613763876,0.12756570308351045,4.841964267021541e-6,4.822976171856751e-5
ENSG00000173083,HPSE,HPSE,protein_coding,49.86007536957913,1.2193186765768487,0.3079023468318745,4.868946192920773e-6,4.8464584078450016e-5
ENSG00000181381,DDX60L,DDX60L,protein_coding,685.9871725518045,0.4598137526250502,0.1068902500020637,4.873304108279156e-6,4.84740403050089e-5
ENSG00000157601,MX1,MX1,protein_coding,200.26999322881903,-0.925086489180724,0.23209531595211402,4.886076504102889e-6,4.8567122427924174e-5
ENSG00000080822,CLDND1,CLDND1,protein_coding,781.4674059167108,0.4638777179345439,0.10780974640321635,4.925653885306457e-6,4.8926327419412735e-05
ENSG00000109794,FAM149A,FAM149A,protein_coding,115.48288424225757,-0.9294483558083559,0.23073927936719227,4.934455944547723e-6,4.8979554330249e-5
ENSG00000153879,CEBPG,CEBPG,protein_coding,382.79975670232915,-0.5794476154087915,0.13779224860164058,4.987910803576487e-6,4.9475622921946965e-5
ENSG00000176531,PHLDB3,PHLDB3,protein_coding,186.54416815497922,-0.7659340123422334,0.18799647472370906,5.131114880992232e-6,5.083662020474198e-5
ENSG00000197879,MYO1C,MYO1C,protein_coding,8329.094677150277,0.481054189584834,0.1136419549493745,5.1322684627397e-6,5.083662020474198e-5
ENSG00000157827,FMNL2,FMNL2,protein_coding,1647.7914040059954,0.4666804149369584,0.10896771889648942,5.146742530611027e-6,5.0944513399729466e-5
ENSG00000258016,HIGD1AP1,HIGD1AP1,pseudogene,41.61779652854019,1.2655188091969816,0.32072360223041685,5.159738049879995e-6,5.103763144749169e-5
ENSG00000160746,ANO10,ANO10,protein_coding,1361.466861215908,0.38878049827897215,0.08924701378421711,5.224324735746389e-6,5.1640580292742623e-05
ENSG00000185189,NRBP2,NRBP2,protein_coding,1350.964413328793,0.4564137732784726,0.10649508919077189,5.284894909532001e-6,5.22030174952661e-5
ENSG00000179862,CITED4,CITED4,protein_coding,55.30745891480209,1.2644911193694799,0.3255735280041619,5.334158745999634e-6,5.265307009236557e-5
ENSG00000139291,TMEM19,TMEM19,protein_coding,527.622273576759,0.6355670657984956,0.1535602496265144,5.357932195631838e-6,5.281443350704593e-5
ENSG00000163017,ACTG2,ACTG2,protein_coding,1161.0552662618036,1.4524789847524167,0.3840212757294947,5.355861429383867e-6,5.281443350704593e-5
ENSG00000143753,DEGS1,DEGS1,protein_coding,2500.6352637394916,0.36412619089466514,0.08329068922535722,5.365103357723304e-6,5.28484973408977e-5
ENSG00000128487,SPECC1,SPECC1,protein_coding,117.44850317551564,-0.8149651523021142,0.20054970405115072,5.380251900507234e-6,5.296104016111758e-5
ENSG00000181472,ZBTB2,ZBTB2,protein_coding,572.9303694467839,-0.5507564729398459,0.1312343308785179,5.436881634522104e-6,5.348146913516073e-5
ENSG00000165891,E2F7,E2F7,protein_coding,40.19845561497396,-1.4317384270423272,0.36905086797578945,5.442664511497945e-6,5.350135453458658e-5
ENSG00000006576,PHTF2,PHTF2,protein_coding,1075.475311308229,-0.41854993920974776,0.09697421020681962,5.541109569030737e-6,5.441292347905736e-5
ENSG00000038274,MAT2B,MAT2B,protein_coding,1706.7129967075962,0.4864612216393689,0.11444157317347613,5.543048799293737e-6,5.441292347905736e-5
ENSG00000087842,PIR,PIR,protein_coding,201.12405111049225,-0.6514472732798342,0.1570900999749808,5.580099889075745e-6,5.4738855739457516e-5
ENSG00000008853,RHOBTB2,RHOBTB2,protein_coding,560.3185256621199,0.5043512622461197,0.11906987633335818,5.58734139971976e-6,5.477211858691514e-5
ENSG00000130517,PGPEP1,PGPEP1,protein_coding,1186.4700423637687,-0.5313637498162206,0.12637988680163076,5.669791700602e-6,5.5542091700663127e-5
ENSG00000240859,AC093627.10,AC093627.10,lincRNA,51.51535730216311,1.1258143070066076,0.28551820402753963,5.6841506441736306e-6,5.564443135769149e-5
ENSG00000176225,RTTN,RTTN,protein_coding,174.58937256607973,-0.6465918275839795,0.15635164566410956,5.7444491282566365e-6,5.619604154079944e-5
ENSG00000032742,IFT88,IFT88,protein_coding,222.81677145155624,-0.6095091979790581,0.14585217674854795,5.748447730348011e-6,5.619650894602757e-5
ENSG00000090776,EFNB1,EFNB1,protein_coding,549.9512485324893,-0.5821234045291888,0.13994331762534512,5.753801047904543e-6,5.621021023722131e-5
ENSG00000135596,MICAL1,MICAL1,protein_coding,1345.9652523241061,0.3985614826674057,0.09217996541675275,5.794780466484347e-6,5.6571693449055154e-5
ENSG00000090861,AARS,AARS,protein_coding,2936.1422031739003,-0.5502576594396487,0.13183178873810897,5.855534657015066e-6,5.712560011068745e-5
ENSG00000260822,GS1-358P8.4,GS1-358P8.4,sense_overlapping,146.5082063610758,0.7527664390030349,0.18540289953282132,6.042323092249027e-6,5.8907473381871256e-5
ENSG00000115183,TANC1,TANC1,protein_coding,1156.0573416560753,-0.4579692595404226,0.10760054729734057,6.098047046400062e-6,5.9410014512324985e-5
ENSG00000163359,COL6A3,COL6A3,protein_coding,85130.4994953344,-0.3405897579492312,0.07819396309333101,6.193472096512339e-6,6.02983895282625e-5
ENSG00000135976,ANKRD36,ANKRD36,protein_coding,399.9455327824614,-0.5137649697414834,0.12207616132760382,6.2284267565817435e-6,6.059722447716738e-5
ENSG00000109846,CRYAB,CRYAB,protein_coding,1740.8759964212118,0.4444146070846864,0.10421315292924611,6.247979933640182e-6,6.0704417060176196e-5
ENSG00000173546,CSPG4,CSPG4,protein_coding,939.6506299002818,-0.5454097074276799,0.13091216136278508,6.244004382464234e-6,6.0704417060176196e-5
ENSG00000108256,NUFIP2,NUFIP2,protein_coding,2449.5215006319145,0.36341807451954455,0.08366704974754244,6.302650497745184e-6,6.119378886001877e-5
ENSG00000164220,F2RL2,F2RL2,protein_coding,2203.062724541653,-0.3919690094131678,0.09072531664394197,6.371974365092903e-6,6.182466805530794e-5
ENSG00000166912,MTMR10,MTMR10,protein_coding,531.1669770893844,0.6373243492532805,0.15534824653424373,6.454618213141752e-6,6.258383739858779e-5
ENSG00000120896,SORBS3,SORBS3,protein_coding,3058.4597769494994,0.3949224080561863,0.09170759212558556,6.518339140320931e-6,6.315862120703332e-5
ENSG00000101439,CST3,CST3,protein_coding,3950.7125336514723,0.33782828631165956,0.0780786148881653,6.558596695980333e-6,6.350543186087425e-5
ENSG00000166946,CCNDBP1,CCNDBP1,protein_coding,986.7466247580533,0.3919957577788261,0.0910561326074772,6.6490862948866555e-6,6.433782548195087e-5
ENSG00000172296,SPTLC3,SPTLC3,protein_coding,158.08421295579672,-0.7670443814015249,0.19045145166349622,6.673756605306182e-6,6.453264034933726e-5
ENSG00000102760,RGCC,RGCC,protein_coding,1137.7331712818198,2.4798746859650445,0.7401245273646839,6.746223925915165e-6,6.518905511020197e-5
ENSG00000101447,FAM83D,FAM83D,protein_coding,161.75671586963298,1.095272509329115,0.2853275445672143,6.782983191520539e-6,6.549976436944205e-5
ENSG00000132824,SERINC3,SERINC3,protein_coding,6983.582795791602,0.3831466570691733,0.08909001302097763,6.889054887503221e-6,6.647891229297545e-5
ENSG00000164402,SEPT8,SEPT8,protein_coding,1990.2044818413374,-0.3511303324740074,0.08109401728079567,6.9352333097031395e-6,6.687915837099489e-5
ENSG00000153823,PID1,PID1,protein_coding,1400.791960698561,0.5509660446867325,0.13268944568070162,7.069027577506221e-6,6.812320342984315e-5
ENSG00000164039,BDH2,BDH2,protein_coding,648.7197476072512,-0.44274226838245556,0.10437862008485162,7.131760304428156e-6,6.868121771847399e-5
ENSG00000162066,AMDHD2,AMDHD2,protein_coding,179.48156336883238,-0.6510296696770836,0.15918853276831885,7.1631934276709656e-6,6.893725528768053e-5
ENSG00000213918,DNASE1,DNASE1,protein_coding,403.22649563457475,-0.5371940580961276,0.12918939501674198,7.215466982771944e-6,6.939337549895073e-5
ENSG00000101871,MID1,MID1,protein_coding,2701.9059086714333,-0.4464469441678165,0.1058748439199331,7.240926191887869e-6,6.959117172527909e-5
ENSG00000120526,NUDCD1,NUDCD1,protein_coding,244.88958681766508,0.5717951109819017,0.1386661847721096,7.25227216166584e-6,6.965315275323086e-5
ENSG00000182575,NXPH3,NXPH3,protein_coding,283.74197076455954,0.9532813579782358,0.24754600704942348,7.278404767756329e-6,6.985696991671123e-5
ENSG00000128262,POM121L9P,POM121L9P,pseudogene,161.97253000404828,1.1436981111305744,0.30714775169270075,7.294064235876501e-6,6.996006047950597e-5
ENSG00000121653,MAPK8IP1,MAPK8IP1,protein_coding,214.92551864793487,-0.6672839792179386,0.16461426455475794,7.3018765518783195e-6,6.998779789347521e-5
ENSG00000107438,PDLIM1,PDLIM1,protein_coding,2877.9014009411935,0.6893890730146173,0.17284691957539453,7.322868623870344e-6,7.014173959995405e-5
ENSG00000104313,EYA1,EYA1,protein_coding,90.20983630731698,-0.8960521963287629,0.22731162766860863,7.3713794309345556e-6,7.055888359731703e-5
ENSG00000138311,ZNF365,ZNF365,protein_coding,110.24422908932296,-0.9407594833204188,0.24125569924170906,7.392677685413583e-6,7.071516301097701e-5
ENSG00000104415,WISP1,WISP1,protein_coding,365.96844913106617,-0.8091733451738385,0.20611162478960263,7.460956799774002e-6,7.132032897848481e-5
ENSG00000100320,RBFOX2,RBFOX2,protein_coding,5511.645475587701,-0.35056370290476974,0.08161971104998048,7.49879110093523e-6,7.160219231289552e-5
ENSG00000184319,RPL23AP82,RPL23AP82,pseudogene,787.2450495598473,-0.46642689956159294,0.1110162417079207,7.500510865172547e-6,7.160219231289552e-5
ENSG00000205352,PRR13,PRR13,protein_coding,687.9219859158208,0.43329298544425143,0.10243922115110339,7.531280993307208e-6,7.184771351361617e-5
ENSG00000100906,NFKBIA,NFKBIA,protein_coding,563.7655120904849,0.7224109020571258,0.18168646487721613,7.565825818902758e-6,7.212889172122844e-5
ENSG00000177595,PIDD,PIDD,protein_coding,507.2260204999779,-0.7056308042784963,0.17665759615837856,7.6056612193220325e-6,7.246009724289121e-5
ENSG00000118526,TCF21,TCF21,protein_coding,5884.2899116540875,0.4606059304304559,0.109582023052725,7.616010632738285e-6,7.251013068277735e-5
ENSG00000249839,AC011330.5,AC011330.5,pseudogene,172.62882674864778,-0.7741544692078073,0.1945426749153868,7.669112200851051e-6,7.296685748823101e-5
ENSG00000110422,HIPK3,HIPK3,protein_coding,2518.696364569223,0.5106015894129282,0.12287470906503893,7.68577709550777e-6,7.307653302573698e-5
ENSG00000165644,COMTD1,COMTD1,protein_coding,74.94311980499195,0.9290087880047833,0.23769124584740395,8.004648757608532e-6,7.605753101417753e-5
ENSG00000173611,SCAI,SCAI,protein_coding,559.1935552479497,-0.518274641411811,0.12508416793376717,8.058515507104965e-6,7.651824070297799e-5
ENSG00000100360,IFT27,IFT27,protein_coding,586.0381633925929,-0.44761795397177156,0.10632181306014175,8.101302854781695e-6,7.687320333983643e-5
ENSG00000124831,LRRFIP1,LRRFIP1,protein_coding,2138.4985396089055,0.5655880679555487,0.13764646851011528,8.112094553914873e-6,7.692428862325678e-5
ENSG00000179388,EGR3,EGR3,protein_coding,48.04018343002061,-1.5523418200472505,0.42508037388575315,8.121394206670076e-6,7.696116668599278e-5
ENSG00000143322,ABL2,ABL2,protein_coding,1141.3412883808392,0.48706906184301646,0.11700478704877017,8.286512456005888e-6,7.847360397751516e-5
ENSG00000172379,ARNT2,ARNT2,protein_coding,1483.231337301382,0.5144035316716177,0.12444783879415813,8.311068635652983e-6,7.865378594379776e-5
ENSG00000152926,ZNF117,ZNF117,protein_coding,425.36632311678915,-0.5508114706239942,0.13429628037226773,8.476374597401207e-6,8.01648618839327e-5
ENSG00000131899,LLGL1,LLGL1,protein_coding,1209.6758205401632,-0.4323651303553415,0.10297348839516669,8.514635577165762e-6,8.047320694325967e-5
ENSG00000107130,NCS1,NCS1,protein_coding,1080.741778194821,-0.46790210063602516,0.11224767412976154,8.550782560167913e-6,8.076117605300691e-5
ENSG00000168884,TNIP2,TNIP2,protein_coding,654.242202397463,0.4624855975433603,0.11076278121171565,8.677121359943066e-6,8.190004925270747e-5
ENSG00000073146,MOV10L1,MOV10L1,protein_coding,90.37107452207825,-0.8686373068840468,0.2214811339203252,8.706051798034763e-6,8.211862120374436e-5
ENSG00000151376,ME3,ME3,protein_coding,391.7409811584065,-0.4854129590874667,0.11677233136710523,8.726309161481974e-6,8.225515010796527e-5
ENSG00000139880,CDH24,CDH24,protein_coding,159.35868123007614,-0.692601157018848,0.1728924736904545,8.75364279857535e-6,8.240358382987146e-5
ENSG00000214402,LCNL1,LCNL1,protein_coding,107.73945979735895,-0.8959280295781179,0.22996807956243412,8.749022813596033e-6,8.240358382987146e-5
ENSG00000102547,CAB39L,CAB39L,protein_coding,560.8432122312911,0.5048972510207562,0.1222475572333225,8.797412914315382e-6,8.27608474161521e-5
ENSG00000183696,UPP1,UPP1,protein_coding,109.95973600761812,-1.0594086035573707,0.2800834906438763,8.842358753332047e-6,8.312869194143757e-5
ENSG00000184867,ARMCX2,ARMCX2,protein_coding,1446.0853100895717,-0.3896048501324813,0.09230659330479891,8.920394195550262e-6,8.380692670905345e-5
ENSG00000118997,DNAH7,DNAH7,protein_coding,96.9926586787347,-0.9677532025134945,0.2509616394066304,9.04551782635042e-6,8.492636670759629e-5
ENSG00000130340,SNX9,SNX9,protein_coding,4276.181065078817,-0.44690409683219745,0.1078227390937736,9.326726184944441e-6,8.750880821546816e-5
ENSG00000205730,ITPRIPL2,ITPRIPL2,protein_coding,1642.6804064207581,0.36013158928109734,0.08470879392327146,9.371853672085816e-6,8.787425618440913e-5
ENSG00000119899,SLC17A5,SLC17A5,protein_coding,1515.2037471579938,0.45531731022712013,0.10914278878825043,9.450664475774709e-6,8.85548428876281e-5
ENSG00000104047,DTWD1,DTWD1,protein_coding,1279.3706839841993,-0.4073461273426551,0.09687279291762171,9.485948233976629e-6,8.882694383152309e-5
ENSG00000148730,EIF4EBP2,EIF4EBP2,protein_coding,3293.458158037931,0.6110601396364331,0.15235722580397043,9.631802965095862e-6,9.013339827337076e-5
ENSG00000156050,FAM161B,FAM161B,protein_coding,143.89783044714613,-0.7014772938089306,0.17630797606720947,9.638488321081545e-6,9.01366586976094e-5
ENSG00000163629,PTPN13,PTPN13,protein_coding,2401.81039001307,-0.42406743255991164,0.1015730044426945,9.67031149292683e-6,9.037484275649885e-5
ENSG00000205659,LIN52,LIN52,protein_coding,149.36311977021975,0.6666088477540687,0.16653699139015052,9.707105635642627e-6,9.065914022415019e-5
ENSG00000181852,RNF41,RNF41,protein_coding,1218.7654861261663,0.40337553310476754,0.09673052121069556,9.718256681802016e-6,9.070372903015215e-5
ENSG00000235105,RP11-329A14.1,RP11-329A14.1,pseudogene,139.4562144866861,0.7510946416773506,0.19062876857560523,9.745694309576728e-6,9.090016777666844e-5
ENSG00000106462,EZH2,EZH2,protein_coding,103.72809475170017,-0.8753775577267962,0.22527969370675624,9.775082132836436e-6,9.111452703634696e-5
ENSG00000108846,ABCC3,ABCC3,protein_coding,412.7655870169986,0.671791350562876,0.16934467329219352,9.813509618986722e-6,9.141280996756197e-5
ENSG00000139624,CERS5,CERS5,protein_coding,672.6090685481784,0.43859890934991347,0.10541380356770783,9.948044776718412e-6,9.260535923039444e-5
ENSG00000186665,C17orf58,C17orf58,protein_coding,259.01529898658976,-0.6839929033121288,0.17249810407320046,9.979192994009316e-6,9.283455928501537e-5
ENSG00000138031,ADCY3,ADCY3,protein_coding,1095.3539080428754,0.47015501303990187,0.11383505934774284,1.0123508251386281e-5,9.411554337759378e-5
ENSG00000100401,RANGAP1,RANGAP1,protein_coding,1990.9586794698578,0.34216342633561603,0.08105590258572444,1.0137602849077891e-5,9.41235397684621e-5
ENSG00000111752,PHC1,PHC1,protein_coding,885.4385644448569,-0.39468013863923196,0.09406165695328608,1.0134096564910754e-5,9.41235397684621e-5
ENSG00000186260,MKL2,MKL2,protein_coding,574.4577024741461,-0.42739938235253927,0.10231694740821203,1.0198017889420207e-5,9.456102115978685e-5
ENSG00000203709,C1orf132,C1orf132,processed_transcript,261.7913823306246,0.6279005051854324,0.15700104564184092,1.0194585461714988e-5,9.456102115978685e-5
ENSG00000168477,TNXB,TNXB,protein_coding,7735.31269850069,-0.4801402271070854,0.11659311848103913,1.0335272318984792e-5,9.57712791304493e-5
ENSG00000114021,NIT2,NIT2,protein_coding,632.1131594959425,0.4515268488802621,0.10922041816432194,1.0362406517614713e-5,9.596020202249458e-5
ENSG00000148834,GSTO1,GSTO1,protein_coding,1240.149181684907,0.40131451217976294,0.09626684153795928,1.0420755782767435e-5,9.643775553291086e-5
ENSG00000105974,CAV1,CAV1,protein_coding,12313.43087641571,0.5963446580368679,0.14930729840128434,1.049096287114136e-5,9.702435362751281e-5
ENSG00000119772,DNMT3A,DNMT3A,protein_coding,261.1969272642109,-0.5616120626630349,0.13879243614635187,1.0634697125036151e-5,9.828975432522042e-5
ENSG00000068366,ACSL4,ACSL4,protein_coding,3718.994471709499,-0.3365677077641546,0.07922189717072445,1.0731568558565108e-5,9.912066959547409e-5
ENSG00000143434,SEMA6C,SEMA6C,protein_coding,183.7327671151662,0.7369065165607313,0.18827947447791826,1.0773949946332394e-5,9.944754317756781e-5
ENSG00000236060,HSPB1P1,HSPB1P1,pseudogene,358.1886242338874,0.5342320555514475,0.13113479837542022,1.0835962914063937e-5,9.995508202960144e-5
ENSG00000161921,CXCL16,CXCL16,protein_coding,165.09520231782673,-0.7394078795786482,0.18861147240090242,1.085043138896186e-5,1.000236785979219e-4
ENSG00000185262,UBALD2,UBALD2,protein_coding,385.28734437630936,0.797248570964058,0.20733656855107088,1.0901727464812057e-5,1.0043145819914943e-4
ENSG00000162687,KCNT2,KCNT2,protein_coding,148.8327993483373,0.8009011089408186,0.2073512452093579,1.0969366753985311e-5,1.0098917327423112e-4
ENSG00000156471,PTDSS1,PTDSS1,protein_coding,2286.510528946064,-0.47474174125098806,0.1162428377774018,1.1024476318147839e-5,1.0143088690125152e-4
ENSG00000109814,UGDH,UGDH,protein_coding,1784.550653954374,0.38344300104610657,0.09142493826532308,1.1104742255645623e-5,1.0210333150892264e-4
ENSG00000204366,ZBTB12,ZBTB12,protein_coding,96.98442899179322,-0.8515728046803139,0.21889362621664427,1.1196896720842621e-5,1.0288414661322056e-4
ENSG00000125257,ABCC4,ABCC4,protein_coding,1308.0131914472236,0.5003995854297022,0.12421340191197194,1.1297433978220104e-5,1.0374093021704503e-4
ENSG00000161677,JOSD2,JOSD2,protein_coding,470.6252883775457,0.4544050939854777,0.1110588293790371,1.1339730591085354e-5,1.0406214705006328e-4
ENSG00000099260,PALMD,PALMD,protein_coding,123.64595012016949,-0.8770541216512978,0.229751496597748,1.1541959255110667e-5,1.0584966372965449e-4
ENSG00000110583,NAA40,NAA40,protein_coding,404.1371777400613,-0.5051394537007432,0.12358074125782019,1.1558678043603016e-5,1.0593468846147506e-4
ENSG00000151929,BAG3,BAG3,protein_coding,1178.5192168104425,0.37174443556475617,0.08880997277581475,1.1647780859564882e-5,1.0668257240595679e-4
ENSG00000118971,CCND2,CCND2,protein_coding,3019.618391615516,-0.544132307695767,0.1356054991367534,1.1750084908016491e-5,1.0755032672562843e-4
ENSG00000138686,BBS7,BBS7,protein_coding,641.9106081439196,0.4470943316363853,0.10874358795473649,1.179243179134412e-5,1.0779919652961359e-4
ENSG00000148154,UGCG,UGCG,protein_coding,1664.2066952986486,0.5507602365419485,0.13708360343861564,1.179027437861875e-5,1.0779919652961359e-4
ENSG00000104142,VPS18,VPS18,protein_coding,890.6987744874777,0.4018583460739489,0.09661121847432998,1.1810498486622996e-5,1.0789500993816667e-4
ENSG00000132740,IGHMBP2,IGHMBP2,protein_coding,292.0592700851457,0.555453151261959,0.13796367324655723,1.1835355096215364e-5,1.0805268991564015e-4
ENSG00000162694,EXTL2,EXTL2,protein_coding,913.3631546404506,-0.398631252064952,0.09584486580805786,1.1879973808304555e-5,1.0839047302714817e-4
ENSG00000170836,PPM1D,PPM1D,protein_coding,377.6608451339605,-0.5858359867731691,0.14678497269755042,1.2067189707238196e-5,1.1002801692035647e-4
ENSG00000168724,DNAJC21,DNAJC21,protein_coding,1422.790380858866,0.4395382466396097,0.10698056574814249,1.2107552446186988e-5,1.1032532094462762e-4
ENSG00000120278,PLEKHG1,PLEKHG1,protein_coding,485.7947452616148,-0.46897983822916733,0.11469838924279832,1.2143675718634216e-5,1.1055758252796245e-4
ENSG00000146242,TPBG,TPBG,protein_coding,1785.5076312394722,-0.42839936326047356,0.10391964607529434,1.2148587000225345e-5,1.1055758252796245e-4
ENSG00000144362,PHOSPHO2,PHOSPHO2,protein_coding,62.51276357958471,1.2153144174044859,0.3309764628364412,1.2197547242069204e-5,1.1093216877953476e-4
ENSG00000143398,PIP5K1A,PIP5K1A,protein_coding,1265.624383896824,0.35871882147105605,0.08563221357358805,1.223633682772711e-5,1.112138370847223e-4
ENSG00000166510,CCDC68,CCDC68,protein_coding,130.04322719392655,1.0289980201170668,0.27653061189605715,1.2249882658089824e-5,1.1126585627628969e-4
ENSG00000143493,INTS7,INTS7,protein_coding,315.63130802457096,-0.5501258664007933,0.13685092852331324,1.2352015035154016e-5,1.1212192843652249e-4
ENSG00000075391,RASAL2,RASAL2,protein_coding,923.4124408756991,0.47576319529618233,0.11691535064763979,1.2853913967941747e-5,1.1660336242347156e-4
ENSG00000123416,TUBA1B,TUBA1B,protein_coding,1389.098190633155,-0.7420078856655411,0.19486634501481379,1.3462752480793183e-5,1.2204856041223851e-4
ENSG00000133121,STARD13,STARD13,protein_coding,1020.6515483610972,0.6169147153239362,0.15743092645962875,1.3597742150611303e-5,1.2319381168808609e-4
ENSG00000132612,VPS4A,VPS4A,protein_coding,902.7958729161954,0.3978608635311643,0.0963511253820823,1.3732598886095694e-5,1.24336401372263e-4
ENSG00000133466,C1QTNF6,C1QTNF6,protein_coding,268.1521392951188,-0.6148445328391794,0.15636460039744937,1.3834460571235696e-5,1.251789867463464e-4
ENSG00000118515,SGK1,SGK1,protein_coding,2764.947206214624,0.5074146394642698,0.1263655714085969,1.3845078123140614e-5,1.2519541717962625e-4
ENSG00000100842,EFS,EFS,protein_coding,223.9640595571116,-0.595344996930656,0.15035280469097892,1.3993370745509162e-5,1.2645597552993793e-4
ENSG00000156232,WHAMM,WHAMM,protein_coding,308.68190983732893,0.5075001882140884,0.12603783426525933,1.4119034709961354e-5,1.2751057124729543e-4
ENSG00000165092,ALDH1A1,ALDH1A1,protein_coding,555.717212808895,-0.5167810209282669,0.12902073607656026,1.4332659697056193e-5,1.293577103622635e-4
ENSG00000088766,CRLS1,CRLS1,protein_coding,399.0691305197129,0.515931412386334,0.12939524970084715,1.4358698648622933e-5,1.294284724828977e-4
ENSG00000119318,RAD23B,RAD23B,protein_coding,8643.802049947095,0.45620697058486837,0.11273836829777908,1.4350524944844441e-5,1.294284724828977e-4
ENSG00000133401,PDZD2,PDZD2,protein_coding,91.03249727310799,1.0305738509780953,0.2792115915067396,1.4392034791021059e-5,1.296468035892866e-4
ENSG00000114480,GBE1,GBE1,protein_coding,3603.893131048786,0.3669805847032184,0.08855452778371466,1.4482646372438884e-5,1.3038048227947513e-4
ENSG00000143013,LMO4,LMO4,protein_coding,1515.3077569600719,-0.3777535206773338,0.09060321588507912,1.4599582839689384e-5,1.313500735684641e-4
ENSG00000168453,HR,HR,protein_coding,856.1065604186562,-0.40443768431124894,0.0985408660064583,1.4691355163181495e-5,1.3209218447603893e-4
ENSG00000006118,TMEM132A,TMEM132A,protein_coding,435.80593400244175,-0.47777735257043025,0.1190152893760897,1.496145375765827e-5,1.3443570325264134e-4
ENSG00000166398,KIAA0355,KIAA0355,protein_coding,848.6719239908258,0.4703398185186178,0.11653724517441355,1.5011658568220271e-5,1.3480166128432142e-4
ENSG00000154134,ROBO3,ROBO3,protein_coding,187.16373080349842,-0.5933792935064099,0.1507439257853405,1.5063872455688713e-5,1.3518518726165064e-4
ENSG00000072195,SPEG,SPEG,protein_coding,1215.183611829056,-0.5092148006958804,0.12728371107941028,1.5093803659740465e-5,1.3536838792947565e-4
ENSG00000142632,ARHGEF19,ARHGEF19,protein_coding,83.82478371492454,0.9064828948661171,0.24221513429950117,1.594752760334826e-5,1.4293486618149063e-4
ENSG00000132326,PER2,PER2,protein_coding,93.07935384391075,-1.1143617697854076,0.30918567007113645,1.5996290459807946e-5,1.4328163444603793e-4
ENSG00000100528,CNIH1,CNIH1,protein_coding,1610.69004890938,0.4002240823528887,0.09812128930244764,1.611649700152782e-5,1.4426749738812567e-4
ENSG00000141510,TP53,TP53,protein_coding,786.5734065770542,-0.4135081475906679,0.1014922857485234,1.615333027106152e-5,1.4450627029910631e-4
ENSG00000136717,BIN1,BIN1,protein_coding,730.2864232947471,-0.529859092832164,0.13422706224449885,1.6350585331323945e-5,1.4617896024685846e-4
ENSG00000051620,HEBP2,HEBP2,protein_coding,1179.4533126938657,0.37927548731582944,0.09247205762559604,1.6399768149218722e-5,1.4652657170507983e-4
ENSG00000070610,GBA2,GBA2,protein_coding,787.7772905297459,0.40426866152446256,0.09906262557763267,1.6447458290233952e-5,1.4686041853125407e-4
ENSG00000170854,MINA,MINA,protein_coding,361.9889995559261,-0.5298400681865721,0.13345855051669972,1.6535551537217603e-5,1.475445105300131e-4
ENSG00000197062,RP5-874C20.3,RP5-874C20.3,pseudogene,361.4789287213614,-0.5067981748884579,0.12737789837265007,1.6544818215366344e-5,1.475445105300131e-4
ENSG00000134107,BHLHE40,BHLHE40,protein_coding,327.428225204416,-0.8438229430324552,0.22751105142893938,1.6575382505565534e-5,1.4772446162854896e-4
ENSG00000025772,TOMM34,TOMM34,protein_coding,767.4888875396239,-0.4671230581445316,0.11655035305928184,1.6763997615916402e-5,1.4931189861540069e-4
ENSG00000144063,MALL,MALL,protein_coding,93.66505718639286,-0.9556315524989596,0.25876708858878633,1.6835112343128958e-5,1.498514630592405e-4
ENSG00000068028,RASSF1,RASSF1,protein_coding,753.6705080002921,0.41727510848067684,0.10309240159376838,1.713593882272754e-5,1.5243376723857193e-4
ENSG00000160360,GPSM1,GPSM1,protein_coding,1922.3805759998695,-0.4120148625160271,0.101602937303719,1.7258481982703863e-5,1.5342790482623735e-4
ENSG00000011304,PTBP1,PTBP1,protein_coding,3600.986990956237,0.32516802138759576,0.07884070082483725,1.729741983889892e-5,1.536780136093056e-4
ENSG00000077713,SLC25A43,SLC25A43,protein_coding,582.8735293473067,0.4392897490707678,0.10887776836378239,1.7391576031316284e-5,1.543217576228589e-4
ENSG00000135414,GDF11,GDF11,protein_coding,538.2376455818926,-0.4315837248125215,0.10689674340825946,1.73843171061846e-5,1.543217576228589e-4
ENSG00000120318,ARAP3,ARAP3,protein_coding,302.66299982709927,-0.5318767944325219,0.13465896997628402,1.7434769811981938e-5,1.5453969661347378e-4
ENSG00000187109,NAP1L1,NAP1L1,protein_coding,12137.837381875202,0.41956605176118045,0.10379508688942135,1.743786649779425e-5,1.5453969661347378e-4
ENSG00000151065,DCP1B,DCP1B,protein_coding,405.7400912716567,-0.45812381494050763,0.11427966100322703,1.7516010341250137e-5,1.551355735329651e-4
ENSG00000188257,PLA2G2A,PLA2G2A,protein_coding,97.42505977596147,0.8694638844454319,0.23173535137160745,1.764057406781146e-5,1.561415840327008e-4
ENSG00000142864,SERBP1,SERBP1,protein_coding,5404.597342622466,0.39297727136708493,0.09694867764651396,1.7861728709481355e-5,1.5800076440526296e-4
ENSG00000126218,F10,F10,protein_coding,295.1682954182669,0.6648934553970286,0.1737101101530705,1.7940598665886217e-5,1.5859979827443477e-4
ENSG00000196878,LAMB3,LAMB3,protein_coding,244.3138526362424,-0.6822282953374352,0.17856202948937072,1.8024030487376386e-5,1.5923839108847313e-4
ENSG00000213445,SIPA1,SIPA1,protein_coding,596.1043726152259,0.501131456177195,0.12643470868303117,1.8129761428064492e-5,1.600730766932274e-4
ENSG00000244509,APOBEC3C,APOBEC3C,protein_coding,1518.2210867037697,-0.3875378715483182,0.09529371550487493,1.8176024710765613e-5,1.603819947183189e-4
ENSG00000100116,GCAT,GCAT,protein_coding,122.14305881784568,0.6984465495555504,0.18267438408183012,1.829953488986477e-5,1.6127173746805236e-4
ENSG00000179242,CDH4,CDH4,protein_coding,58.441417931998835,1.159173426218708,0.32168788307678503,1.829350423273218e-5,1.6127173746805236e-4
ENSG00000116106,EPHA4,EPHA4,protein_coding,293.38506733158323,0.992843966200638,0.27898089371922713,1.838783983117319e-5,1.6194961842638233e-4
ENSG00000197702,PARVA,PARVA,protein_coding,5718.003498643634,0.3675144485857569,0.09088587995162849,1.8441522357239266e-5,1.6232191460975948e-4
ENSG00000072121,ZFYVE26,ZFYVE26,protein_coding,1031.8217005002516,-0.38516649644448436,0.09466562166474471,1.869240864767919e-5,1.6442846048521262e-4
ENSG00000133641,C12orf29,C12orf29,protein_coding,266.7374918739596,0.525814760131312,0.13369981269566747,1.8918840619050606e-5,1.6631742210468224e-4
ENSG00000177732,SOX12,SOX12,protein_coding,608.9470311990508,-0.5416583480132949,0.1386290499245833,1.9061501696009714e-5,1.6746806678446087e-4
ENSG00000167323,STIM1,STIM1,protein_coding,1370.6830579711573,0.3769852883308255,0.09276205545602599,1.9155211508724884e-5,1.6818748672845846e-4
ENSG00000107937,GTPBP4,GTPBP4,protein_coding,776.9748090456451,0.44827272191267586,0.11219629931178919,1.917650840791849e-5,1.68270608016183e-4
ENSG00000060138,YBX3,YBX3,protein_coding,4832.450175297005,0.4599564876517592,0.11549417417358052,1.9252906397304595e-5,1.6883683143974142e-4
ENSG00000178028,DMAP1,DMAP1,protein_coding,426.58378829682164,-0.4562582420059457,0.11424975418439397,1.937873556926605e-5,1.6983557285104147e-4
ENSG00000136158,SPRY2,SPRY2,protein_coding,251.28495428265833,0.5685423376163661,0.14581953849546878,1.941451426421864e-5,1.7004436631419084e-4
ENSG00000001167,NFYA,NFYA,protein_coding,370.9277559350571,-0.47702165101665084,0.12012293311475092,1.9601131957361417e-5,1.714677127684556e-4
ENSG00000108262,GIT1,GIT1,protein_coding,1194.7400825972716,0.5287138293009377,0.13515681225352302,1.959002632532526e-5,1.714677127684556e-4
ENSG00000112319,EYA4,EYA4,protein_coding,578.0400561589214,-0.49073661214320624,0.12424831308850676,1.976371007826742e-5,1.7269278029044736e-4
ENSG00000138380,CARF,CARF,protein_coding,238.1697252223332,-0.5414638373460117,0.13829471434024307,1.976545601187066e-5,1.7269278029044736e-4
ENSG00000166997,CNPY4,CNPY4,protein_coding,420.56073518970726,-0.4580716233717933,0.11479773064973953,1.979414691093678e-5,1.728372901541834e-4
ENSG00000132361,CLUH,CLUH,protein_coding,895.6784378474825,0.4328542508880215,0.10813949720207808,1.991914398482148e-5,1.738220270184667e-4
ENSG00000102452,NALCN,NALCN,protein_coding,101.88357839763549,0.8152362339791123,0.2187821533598782,1.9948684756755824e-5,1.7397307908037697e-4
ENSG00000182957,SPATA13,SPATA13,protein_coding,463.5002564952489,-0.516389776701186,0.1314869736178859,2.0064565686712414e-5,1.7487645975967976e-4
ENSG00000237037,NDUFA6-AS1,NDUFA6-AS1,processed_transcript,243.09785500042307,-0.5724941855109928,0.14748561663890444,2.043988103849154e-5,1.7803849840263545e-4
ENSG00000214174,AMZ2P1,AMZ2P1,pseudogene,256.07843038971004,-0.5282821350765975,0.13474562582813926,2.0559550964459878e-5,1.7897126861595917e-4
ENSG00000151914,DST,DST,protein_coding,15485.790922273778,-0.36149173959311665,0.08894923154767408,2.0661554816668733e-5,1.7974920838672543e-4
ENSG00000134697,GNL2,GNL2,protein_coding,979.9884151033052,0.430093906753861,0.10753076533591197,2.074907698316331e-5,1.8040028790251524e-4
ENSG00000100292,HMOX1,HMOX1,protein_coding,2411.3822885848795,-1.1340000488280653,0.3214832973603914,2.094121169115499e-5,1.8184847075396128e-4
ENSG00000188015,S100A3,S100A3,protein_coding,121.64853303502221,-0.7275177341203868,0.1932248996781659,2.093129886533556e-5,1.8184847075396128e-4
ENSG00000117385,LEPRE1,LEPRE1,protein_coding,1430.3918475013984,-0.3581119438403409,0.08751684654082402,2.1298380254229287e-5,1.847655527759828e-4
ENSG00000167702,KIFC2,KIFC2,protein_coding,240.98318299357808,0.5933226715418929,0.15427910514354556,2.1303114915116125e-5,1.847655527759828e-4
ENSG00000185219,ZNF445,ZNF445,protein_coding,617.5785302575144,-0.45377848450058605,0.11422749219241186,2.132016070941874e-5,1.8480071050016583e-4
ENSG00000107623,GDF10,GDF10,protein_coding,4159.858677588622,-0.7038237975719801,0.19009357991468503,2.1379549846215925e-5,1.8503797207631762e-4
ENSG00000108639,SYNGR2,SYNGR2,protein_coding,366.87018436820847,0.6006219921187349,0.15654396367227122,2.1386559764726248e-5,1.8503797207631762e-4
ENSG00000205765,C5orf51,C5orf51,protein_coding,1153.8694618529357,0.38186131915437116,0.09444973443582595,2.1380734315936787e-5,1.8503797207631762e-4
ENSG00000116667,C1orf21,C1orf21,protein_coding,2832.7262208383727,0.7111171128001306,0.1905502139594067,2.1460914922809028e-5,1.8556842180062955e-4
ENSG00000186310,NAP1L3,NAP1L3,protein_coding,79.69885200063608,-0.8981770733552488,0.24444998066721013,2.1477095149873093e-5,1.8559550511044646e-4
ENSG00000133794,ARNTL,ARNTL,protein_coding,278.90054063374924,0.6533406449743355,0.17213577988387083,2.15738514223717e-5,1.8631843511342748e-4
ENSG00000182179,UBA7,UBA7,protein_coding,764.9481573818155,-0.4152228926535187,0.10393508489409757,2.212189667729697e-5,1.909355936516214e-4
ENSG00000141198,TOM1L1,TOM1L1,protein_coding,191.5437784891232,0.6473094546695799,0.17041559778980128,2.2147384486880298e-5,1.910396585454126e-4
ENSG00000205726,ITSN1,ITSN1,protein_coding,1515.9229575350755,0.39638085773382004,0.09888060591783401,2.232558379703985e-5,1.924600629873302e-4
ENSG00000141337,ARSG,ARSG,protein_coding,439.4445146180395,0.4875382077052463,0.12411472275300826,2.2437351707078892e-5,1.933064147071412e-4
ENSG00000163719,MTMR14,MTMR14,protein_coding,606.2290600761057,0.4721089808740672,0.11951610552568603,2.26076081605156e-5,1.9465533806003262e-4
ENSG00000169093,ASMTL,ASMTL,protein_coding,608.0634513197256,0.45192461790663174,0.11438176997696457,2.2682890130717887e-5,1.9518537762814954e-4
ENSG00000114850,SSR3,SSR3,protein_coding,2960.288670269483,0.37037543212688157,0.09189446234134555,2.2859328113539315e-5,1.9658469352296445e-4
ENSG00000137309,HMGA1,HMGA1,protein_coding,3255.670551856508,-0.4451497573090514,0.11304179362003965,2.29551691472169e-5,1.9728962293052155e-4
ENSG00000141867,BRD4,BRD4,protein_coding,1495.5804879284829,0.42116812603070575,0.1059717268812143,2.3053244336108144e-5,1.9801289096425259e-4
ENSG00000004866,ST7,ST7,protein_coding,414.1143958803533,-0.5302899078007586,0.13681071290791602,2.323751774420716e-5,1.9947522775715307e-4
ENSG00000095397,DFNB31,DFNB31,protein_coding,118.53740441194113,-0.7119022174738854,0.1899977059818867,2.4040302366789555e-5,2.0624201499711378e-4
ENSG00000188916,FAM196A,FAM196A,protein_coding,53.22825286321451,1.717299271678325,0.5381727622322731,2.4509958912780267e-5,2.1014445785134812e-4
ENSG00000154102,C16orf74,C16orf74,protein_coding,70.70674335628557,-0.8911897076175697,0.24436145377044477,2.4732496660081097e-5,2.1192471836927322e-4
ENSG00000166123,GPT2,GPT2,protein_coding,312.2385747025953,-0.5375442517943952,0.1393436175039774,2.4881121296214115e-5,2.1306987917962047e-4
ENSG00000100350,FOXRED2,FOXRED2,protein_coding,558.0568683827049,-0.4501346433973966,0.11450331965161062,2.5205254392780306e-5,2.157157271256962e-4
ENSG00000079462,PAFAH1B3,PAFAH1B3,protein_coding,58.61001347433704,-0.9372302813955244,0.2582101953539236,2.5286687192653365e-5,0.00021628252473138995
ENSG00000135111,TBX3,TBX3,protein_coding,1801.1422029540383,-0.4227455745316141,0.10697722888336392,2.5339607901391672e-5,2.1660491754170382e-4
ENSG00000106261,ZKSCAN1,ZKSCAN1,protein_coding,2988.5011276981345,-0.3428810638217509,0.0850408065769944,2.556478069058398e-5,2.1839846278850846e-4
ENSG00000260549,MT1L,MT1L,pseudogene,79.42181028533155,0.8147040849983654,0.22185196333997864,2.612217454002066e-5,2.2302629691311755e-4
ENSG00000150630,VEGFC,VEGFC,protein_coding,1284.0834893271424,-0.41786366983558393,0.10581939029010537,2.6169929759884012e-5,2.2316611565023392e-4
ENSG00000182916,TCEAL7,TCEAL7,protein_coding,403.4100353034052,-0.4980474430375044,0.12807194859743368,2.6168010802405646e-5,2.2316611565023392e-4
ENSG00000171155,C1GALT1C1,C1GALT1C1,protein_coding,544.7938357131617,0.48039069252773065,0.12347318331785581,2.647294455595833e-5,2.2561483724622608e-4
ENSG00000164172,MOCS2,MOCS2,protein_coding,959.4201251481782,-0.4287923637362092,0.10866310535345884,2.6497039074211573e-5,2.2568496035424275e-4
ENSG00000185585,OLFML2A,OLFML2A,protein_coding,1453.628207097157,-1.3714971630176411,0.4087339840017034,2.6921382510518853e-5,2.2916202563113115e-4
ENSG00000188112,C6orf132,C6orf132,protein_coding,322.07285187273726,0.5863527769418809,0.15470676673020772,2.701184742562231e-5,2.2979456805146634e-4
ENSG00000099622,CIRBP,CIRBP,protein_coding,2847.1192564350836,-0.3327489145157719,0.08248048921917614,2.7059597188112668e-5,2.3006318613491607e-4
ENSG00000163659,TIPARP,TIPARP,protein_coding,395.6536642657192,0.5329778365606634,0.13893970423921154,2.7254516211683825e-5,2.315819824342836e-4
ENSG00000182054,IDH2,IDH2,protein_coding,853.3464514624155,0.5143191998460535,0.13399079282902693,2.728399295161523e-5,2.3169403925001492e-4
ENSG00000004799,PDK4,PDK4,protein_coding,915.8606353151916,2.2381672409755913,0.7485919935614487,2.73102357504398e-5,2.3177851629728862e-4
ENSG00000146409,SLC18B1,SLC18B1,protein_coding,176.05754165772595,-0.6743436391560151,0.1806770753548035,2.7637479161153223e-5,2.3441592342769436e-4
ENSG00000213625,LEPROT,LEPROT,protein_coding,4087.323469158542,0.33478210708374334,0.08323274559925353,2.7724220953820176e-5,2.3501151301974862e-4
ENSG00000125520,SLC2A4RG,SLC2A4RG,protein_coding,968.4185490609552,-0.38753842891736057,0.09774006026312591,2.7754500085401274e-5,2.3512805790038577e-4
ENSG00000145861,C1QTNF2,C1QTNF2,protein_coding,92.06259700546464,-0.8839016395138372,0.24579414139007394,2.7932245029551915e-5,2.364930079168729e-4
ENSG00000198406,BZW1P2,BZW1P2,pseudogene,1324.5641400521795,0.3486101840778528,0.08711733014362655,2.828775208145324e-5,2.3936049114014926e-4
ENSG00000173744,AGFG1,AGFG1,protein_coding,1779.0193981978741,0.40522218062249993,0.10317577451694124,2.8365245707225454e-5,2.3982138907553246e-4
ENSG00000182492,BGN,BGN,protein_coding,8987.546969479414,-0.3912828499618565,0.09963612749121427,2.837594191606588e-5,2.3982138907553246e-4
ENSG00000123737,EXOSC9,EXOSC9,protein_coding,434.09446442608004,0.4746866640031417,0.12229375948855474,2.8396386189078167e-5,2.3985166101748686e-4
ENSG00000109572,CLCN3,CLCN3,protein_coding,1739.4312596440177,-0.37415025052843176,0.09479320984439582,2.8757071829867977e-5,2.4275405917391222e-4
ENSG00000139644,TMBIM6,TMBIM6,protein_coding,11029.08365139057,0.2883190834799839,0.07101919585596868,2.89399553582713e-5,2.4406567529113417e-4
ENSG00000139910,NOVA1,NOVA1,protein_coding,308.84064653985456,-0.5574690073090476,0.14641789710241632,2.894676562261975e-5,2.4406567529113417e-4
ENSG00000198925,ATG9A,ATG9A,protein_coding,1984.1473852963534,0.3574499006946721,0.08973286261662106,2.9224478969987038e-5,2.4626124933003297e-4
ENSG00000100979,PLTP,PLTP,protein_coding,6478.073788265965,-0.3089457808656997,0.07724058532311892,2.9274230617738066e-5,2.465015598824387e-4
ENSG00000214110,LDHAP4,LDHAP4,pseudogene,289.814233290459,0.8297724895133866,0.23285059592446117,2.9287657213253748e-5,2.465015598824387e-4
ENSG00000135541,AHI1,AHI1,protein_coding,436.63335933214415,-0.45623004235202397,0.11721732806449205,2.9546249278954227e-5,2.485309578615286e-4
ENSG00000087076,HSD17B14,HSD17B14,protein_coding,256.12077071575214,-0.5840835897508555,0.15505616861839783,2.9587261500391053e-5,2.487288460883938e-4
ENSG00000048052,HDAC9,HDAC9,protein_coding,373.62876358210684,-0.454053949871774,0.11664808564610143,2.9730439573914467e-5,2.4963740997600907e-4
ENSG00000123178,SPRYD7,SPRYD7,protein_coding,190.5409014971189,0.6186208536988461,0.16475470417929042,2.9718041586090575e-5,2.4963740997600907e-4
ENSG00000048342,CC2D2A,CC2D2A,protein_coding,832.8773705588129,-0.39647807782989286,0.1005970229282501,3.008366335667476e-5,2.5220955821078324e-4
ENSG00000109775,UFSP2,UFSP2,protein_coding,325.5999921299117,-0.47846317583747655,0.12379230232774599,3.00899620559406e-5,2.5220955821078324e-4
ENSG00000170456,DENND5B,DENND5B,protein_coding,455.2622667546741,-0.4562060546379364,0.11733173276749345,3.007807765597881e-5,2.5220955821078324e-4
ENSG00000104388,RAB2A,RAB2A,protein_coding,2816.393271151158,0.3773529349730648,0.09543528830247934,3.0348153094476656e-5,2.5422386903170547e-4
ENSG00000132376,INPP5K,INPP5K,protein_coding,747.7409554164628,0.478306860488644,0.12366563152723713,3.048051269211164e-5,2.551823499308982e-4
ENSG00000240694,PNMA2,PNMA2,protein_coding,686.2375856094588,0.6365865142323812,0.17142179571444272,3.054613973983366e-5,2.555813480349376e-4
ENSG00000112851,ERBB2IP,ERBB2IP,protein_coding,2691.4226179702255,0.35061406120525734,0.08811081186450637,3.05992194883477e-5,2.557246169225956e-4
ENSG00000244414,CFHR1,CFHR1,protein_coding,314.5950677505298,0.49536536651847013,0.1287759774673568,3.059519913077406e-5,2.557246169225956e-4
ENSG00000184408,KCND2,KCND2,protein_coding,51.18832558289239,-1.349112272520093,0.395089423130934,3.079550328761948e-5,2.5721388065948295e-4
ENSG00000067798,NAV3,NAV3,protein_coding,706.3114072683968,1.7956677308538282,0.5697284884707237,3.10096951952893e-5,2.58703472931075e-4
ENSG00000169410,PTPN9,PTPN9,protein_coding,1057.6742552095984,0.3619671455838109,0.09115195658546074,3.1010223660537325e-5,2.58703472931075e-4
ENSG00000143153,ATP1B1,ATP1B1,protein_coding,276.007338177275,0.5869715046123982,0.1558824667814401,3.1138333313819266e-5,2.5961996075953415e-4
ENSG00000188906,LRRK2,LRRK2,protein_coding,1021.0696053611041,0.41526326049778944,0.10590124891782979,3.121149168531767e-5,2.600774796320788e-4
ENSG00000167543,TP53I13,TP53I13,protein_coding,519.9441356725571,0.4458798046996874,0.11472374524393891,3.132013627175233e-5,2.6082998731229807e-4
ENSG00000131507,NDFIP1,NDFIP1,protein_coding,2944.478081634683,0.36159423347139785,0.09142860843537261,3.187294804475093e-5,2.6512328244943697e-4
ENSG00000143740,SNAP47,SNAP47,protein_coding,512.6245431350562,-0.42652609049408724,0.1093927262621536,3.185448175246487e-5,2.6512328244943697e-4
ENSG00000150636,CCDC102B,CCDC102B,protein_coding,74.12778443177757,-0.970402516729614,0.27483783283703983,3.199221630200531e-5,2.6595983908809086e-4
ENSG00000134056,MRPS36,MRPS36,protein_coding,287.5543200817845,0.4962556783990662,0.12976874729626162,3.209126155738046e-5,2.666273974253386e-4
ENSG00000230733,AC092171.4,AC092171.4,lincRNA,337.35877877715154,0.5063629623644763,0.13260194776290246,3.291570543826264e-5,2.733175680991523e-4
ENSG00000111696,NT5DC3,NT5DC3,protein_coding,284.26920813703816,0.7473682374717258,0.20680049536173364,3.301388733987093e-5,2.7397289003636176e-4
ENSG00000124357,NAGK,NAGK,protein_coding,1257.3708575413941,-0.3525437727703789,0.0887827663007617,3.3179570465095635e-5,2.7518729463295647e-4
ENSG00000038945,MSR1,MSR1,protein_coding,158.3768938881561,-0.6672247194662092,0.18101661069065794,3.3393161511939345e-5,2.767973947236744e-4
ENSG00000160991,ORAI2,ORAI2,protein_coding,762.2014402981386,-0.5163515718994227,0.1362488380667381,3.342781785892303e-5,2.769232855127089e-4
ENSG00000101333,PLCB4,PLCB4,protein_coding,621.7671011954983,0.5806933988516925,0.15608559943323805,3.350207902442709e-5,2.7737693366906336e-4
ENSG00000171509,RXFP1,RXFP1,protein_coding,35.438857170846276,-1.5477926110258828,0.47174559204495836,3.352682855138659e-5,2.774203660936142e-4
ENSG00000102218,RP2,RP2,protein_coding,422.3167507581756,0.4702852302921856,0.12238876633445993,3.3985653318663885e-5,2.808901410834835e-4
ENSG00000152402,GUCY1A2,GUCY1A2,protein_coding,75.36965083763755,-0.9094217377275958,0.2558052266221064,3.3983933883176286e-5,2.808901410834835e-4
ENSG00000111341,MGP,MGP,protein_coding,2211.569787318855,0.5421001135030722,0.14392769514183976,3.408476913308391e-5,2.815457352781565e-4
ENSG00000182473,EXOC7,EXOC7,protein_coding,1819.7039117378845,-0.39152992295457484,0.10015865613106457,3.426796520469364e-5,2.828946819916206e-4
ENSG00000124615,MOCS1,MOCS1,protein_coding,518.8395807267879,0.43804098761628085,0.11333512180849008,3.481176858323784e-5,2.871316312621043e-4
ENSG00000203965,EFCAB7,EFCAB7,protein_coding,174.61656880508428,-0.6294275411084498,0.16986110178580524,3.482157367316718e-5,2.871316312621043e-4
ENSG00000159720,ATP6V0D1,ATP6V0D1,protein_coding,1490.041665979105,-0.35907998928698076,0.09110506850213289,3.492701570007143e-5,2.8783422440197914e-4
ENSG00000007944,MYLIP,MYLIP,protein_coding,341.17118464490045,-0.47257300463836066,0.12327181826361537,3.4982622312197784e-5,2.8812554705773095e-4
ENSG00000075618,FSCN1,FSCN1,protein_coding,2641.1095922248574,-0.47645691102781734,0.12497029491813781,3.514324752745644e-5,2.892809912213775e-4
ENSG00000056586,RC3H2,RC3H2,protein_coding,1383.453642625849,0.3399862486504374,0.08600463275077622,3.553679815496226e-5,2.923513111371794e-4
ENSG00000254986,DPP3,DPP3,protein_coding,649.2681239924103,0.4137510579999063,0.10653942435462178,3.559070274349843e-5,2.926255235974114e-4
ENSG00000196405,EVL,EVL,protein_coding,867.384440651387,-0.4001190583782422,0.10266197591271967,3.577535228128202e-5,2.939737786533538e-4
ENSG00000108924,HLF,HLF,protein_coding,56.4274525025259,1.1261028710906051,0.3269237640753816,3.598780939461104e-5,2.9554884574419595e-4
ENSG00000241553,ARPC4,ARPC4,protein_coding,891.6804211797665,0.4402311604130081,0.11428176142864874,3.634822786530964e-5,2.9833652230592286e-4
ENSG00000120254,MTHFD1L,MTHFD1L,protein_coding,1427.9750986446938,-0.5751956709687567,0.15565153408376833,3.667632084265126e-5,3.0068241364027175e-4
ENSG00000130479,MAP1S,MAP1S,protein_coding,521.8080415086284,0.45684227499133956,0.11910457350547744,3.666578388277291e-5,3.0068241364027175e-4
ENSG00000138658,C4orf21,C4orf21,protein_coding,64.42931144300151,-0.8978703526227401,0.25387777398936195,3.6816397554283237e-5,3.01656934799611e-4
ENSG00000127946,HIP1,HIP1,protein_coding,1428.205618980651,0.4366732662788387,0.11344118319450967,3.69669553093215e-5,3.027161613815711e-4
ENSG00000127947,PTPN12,PTPN12,protein_coding,1644.433109927924,0.36975562355328934,0.09438973384187041,3.716852413512847e-5,3.041916497687384e-4
ENSG00000163485,ADORA1,ADORA1,protein_coding,46.056365153754506,-1.385226669667867,0.42154403898421844,3.719211423477391e-5,3.0420967962934103e-4
ENSG00000109736,MFSD10,MFSD10,protein_coding,1047.141108160318,0.4536753523590984,0.11846825827543671,3.740732429435157e-5,3.056184840682692e-4
ENSG00000174808,BTC,BTC,protein_coding,48.48373107742434,1.1381038045970584,0.33091669074149527,3.740468779776132e-5,3.056184840682692e-4
ENSG00000087303,NID2,NID2,protein_coding,7420.322791137615,0.4313646151348226,0.11209901026949468,3.760532959662366e-5,3.0705982100021523e-4
ENSG00000005812,FBXL3,FBXL3,protein_coding,1414.0994829268327,0.429541074630868,0.11144318045530473,3.7676550772401194e-5,3.074648641346154e-4
ENSG00000119977,TCTN3,TCTN3,protein_coding,2175.6259830868535,-0.4143454055967302,0.10718840499099455,3.7749157682929845e-5,3.0788074477178565e-4
ENSG00000150093,ITGB1,ITGB1,protein_coding,51817.71374369233,0.2977153803000488,0.07557125551771808,3.781587576391727e-5,3.082481472011228e-4
ENSG00000196924,FLNA,FLNA,protein_coding,72182.0267715176,0.5283867436774364,0.14009414868571538,3.796575405695062e-5,3.092926034971739e-4
ENSG00000244694,PTCHD4,PTCHD4,protein_coding,156.81075756414364,-0.6341412069855514,0.17244383089294163,3.805372188068666e-5,3.098317916604963e-4
ENSG00000166189,HPS6,HPS6,protein_coding,380.70937636223135,0.4683767553561151,0.12283211868934314,3.8485687258641295e-5,3.1316957412294837e-4
ENSG00000269893,SNHG8,SNHG8,lincRNA,908.8061142634057,-0.4431955900118614,0.11556702227464377,3.855131774451409e-5,3.135242673516114e-4
ENSG00000105559,PLEKHA4,PLEKHA4,protein_coding,1212.7217684297846,-0.5230071519416151,0.13999898523359816,3.8780555952775615e-5,3.152083587841602e-4
ENSG00000136238,RAC1,RAC1,protein_coding,4926.2877163127205,0.3029712192811218,0.07702339638253021,3.888390456863574e-5,3.158678804022129e-4
ENSG00000161326,DUSP14,DUSP14,protein_coding,705.5746578540592,0.45390053922244766,0.1187946563279567,3.898117665815935e-5,3.1647731551692846e-4
ENSG00000002834,LASP1,LASP1,protein_coding,7193.618146310175,0.3656397605325564,0.09367909040230796,3.9595794232884995e-5,3.212838432222226e-4
ENSG00000127955,GNAI1,GNAI1,protein_coding,520.7983040926908,0.4966073616641788,0.1299500243507888,4.014262068547742e-5,3.2553514061016577e-4
ENSG00000135917,SLC19A3,SLC19A3,protein_coding,50.750990193666304,1.1418600688051332,0.33742417301757077,4.0855036468944686e-5,3.311236687944554e-4
ENSG00000069667,RORA,RORA,protein_coding,530.3606766146968,0.4312129409440291,0.11235810575680899,4.1161556890097283e-5,3.334179870186468e-4
ENSG00000064652,SNX24,SNX24,protein_coding,270.2432074880487,0.4960561001532944,0.13154232929528833,4.1218521293880543e-5,3.336893835424911e-4
ENSG00000128656,CHN1,CHN1,protein_coding,2084.1630132008604,-0.5270346091020721,0.14190161483819289,4.135157992288846e-5,3.3457615063888825e-4
ENSG00000105855,ITGB8,ITGB8,protein_coding,1843.3770524317124,-0.442335119420446,0.11616891374647838,4.147463793235345e-5,3.353810403353016e-4
ENSG00000117525,F3,F3,protein_coding,517.9139726154252,0.4859568803405789,0.12905173286364116,4.166870318675427e-5,3.366315721781006e-4
ENSG00000189067,LITAF,LITAF,protein_coding,5408.611640039463,-0.35278228175698534,0.0909992145158801,4.16766168873478e-5,3.366315721781006e-4
ENSG00000230606,AC159540.1,AC159540.1,lincRNA,294.7406416777439,-0.541071635612963,0.14533719661415748,4.181748136363384e-5,3.375776702135799e-4
ENSG00000155508,CNOT8,CNOT8,protein_coding,743.7019563604316,0.5350241600461039,0.144202229423648,4.2154965928017235e-5,3.4010903877488213e-4
ENSG00000079950,STX7,STX7,protein_coding,1394.5255700762148,0.42260958311051344,0.11028063516379213,4.220645586315899e-5,3.403314218807106e-4
ENSG00000093000,NUP50,NUP50,protein_coding,1397.341176876714,0.36221364708241266,0.09298907544938392,4.23212903069036e-5,3.410640415441342e-4
ENSG00000149488,TMC2,TMC2,protein_coding,60.17222232418014,0.9884643938818986,0.287376115640424,4.260948430112681e-5,3.431921317662671e-4
ENSG00000174705,SH3PXD2B,SH3PXD2B,protein_coding,3905.588758877632,0.5546124209110815,0.15099142721137734,4.303086103807343e-5,3.4619398608911565e-4
ENSG00000176909,MAMSTR,MAMSTR,protein_coding,52.737650109796355,-0.9828189015608786,0.2833427601585131,4.302321037437576e-5,3.4619398608911565e-4
ENSG00000104738,MCM4,MCM4,protein_coding,517.9153198426554,-0.44594411995058586,0.11732002626982459,4.337894041951215e-5,3.4879708791811243e-4
ENSG00000198363,ASPH,ASPH,protein_coding,13007.935508776187,-0.3164153192878084,0.08129020766796571,4.354999717228667e-5,3.499746665415851e-4
ENSG00000120820,GLT8D2,GLT8D2,protein_coding,972.5815101318677,-0.3659733912293087,0.0941820641608143,4.396255314096238e-5,3.5309054538512077e-4
ENSG00000170525,PFKFB3,PFKFB3,protein_coding,2668.6032840889575,0.3486024894591038,0.08949312457201715,4.421164171559468e-5,3.548907402723582e-4
ENSG00000153006,SREK1IP1,SREK1IP1,protein_coding,503.3580342047416,0.43159253580549267,0.11302446596401354,4.460775804242477e-5,3.578684435394529e-4
ENSG00000144136,SLC20A1,SLC20A1,protein_coding,695.782320868006,-0.4689934154662834,0.12447624297834928,4.4645445769829636e-5,3.5796889550736006e-4
ENSG00000206530,WDR52,WDR52,protein_coding,210.59556893041133,-0.5449473555958199,0.14679973293523305,4.5085406360978225e-5,3.6129285638228413e-4
ENSG00000122861,PLAU,PLAU,protein_coding,579.1654972751794,-0.4740897515542972,0.12604234896132938,4.520020164554078e-5,3.618097865848572e-4
ENSG00000178053,MLF1,MLF1,protein_coding,154.5909921538205,-0.6633876007494962,0.18395950964773952,4.520078675205928e-5,3.618097865848572e-4
ENSG00000039560,RAI14,RAI14,protein_coding,5067.245080984101,0.4598542063463586,0.12203256549416228,4.554919095735214e-5,3.643935276588171e-4
ENSG00000175970,UNC119B,UNC119B,protein_coding,1547.403717732972,0.3290858299007886,0.08438366871825936,4.5598181787371844e-5,3.645804034533879e-4
ENSG00000113810,SMC4,SMC4,protein_coding,720.900538289834,-0.457074464874032,0.12120043954835603,4.633702527613098e-5,3.7007178412559635e-4
ENSG00000153113,CAST,CAST,protein_coding,6821.198719125001,0.33014376596524464,0.08478943786740996,4.633527969484179e-5,3.7007178412559635e-4
ENSG00000103150,MLYCD,MLYCD,protein_coding,152.45196528048723,0.6869887704468592,0.19194711118196536,4.6442975360150366e-5,3.707098100576761e-4
ENSG00000162383,SLC1A7,SLC1A7,protein_coding,310.7083980416749,-0.5441277601171558,0.14753785235208045,4.6623555969647027e-5,3.7194249024804225e-4
ENSG00000255090,RP11-820L6.1,RP11-820L6.1,processed_transcript,87.11550701849701,-0.7636132519316776,0.21539042414458,4.6675515972013456e-5,3.7214828429704005e-4
ENSG00000166402,TUB,TUB,protein_coding,696.1704598499177,-0.3935934444923543,0.10286917635615368,4.675928784301601e-5,3.726073446941511e-4
ENSG00000172354,GNB2,GNB2,protein_coding,2586.3219506293867,0.32252419366570934,0.08232449535186333,4.679677946038742e-5,3.7269730741576186e-4
ENSG00000254539,RP4-791M13.3,RP4-791M13.3,antisense,90.77513119019258,0.7812512996942019,0.22121032616389477,4.6959622678113724e-5,3.7378493171431984e-4
ENSG00000128274,A4GALT,A4GALT,protein_coding,1270.6906604087221,0.4805437782963482,0.12843465964246895,4.7134901548357154e-5,3.7476067055552384e-4
ENSG00000177054,ZDHHC13,ZDHHC13,protein_coding,206.4406268656384,0.5311615636762457,0.14345702819111125,4.712226997436876e-5,3.7476067055552384e-4
ENSG00000115946,PNO1,PNO1,protein_coding,174.0923774843352,0.6261767355685269,0.174154741425729,4.726489839465678e-5,3.755843099249151e-4
ENSG00000197586,ENTPD6,ENTPD6,protein_coding,892.0591803400862,0.37693946224690933,0.09794609104529103,4.7296339204481183e-5,3.756243042124737e-4
ENSG00000094963,FMO2,FMO2,protein_coding,2430.221316024458,0.6233985934119283,0.173390328697805,4.7516904513225276e-5,3.771654295737256e-4
ENSG00000148356,LRSAM1,LRSAM1,protein_coding,349.5874453100314,-0.4798519879773129,0.12817844503590312,4.7654382254319724e-5,3.780456961435827e-4
ENSG00000095303,PTGS1,PTGS1,protein_coding,1486.813339841736,0.5785958247050479,0.15941481141007405,4.8054016605290294e-5,3.810035296508635e-4
ENSG00000011405,PIK3C2A,PIK3C2A,protein_coding,1510.2417974496134,0.3293072517918103,0.08458701381315513,4.861741860670843e-5,3.852558007029642e-4
ENSG00000058063,ATP11B,ATP11B,protein_coding,1648.219230839903,0.3362024146370093,0.0867029220332895,4.8758721909756085e-5,3.861603900024335e-4
ENSG00000148484,RSU1,RSU1,protein_coding,2655.273183390538,0.3439397180535769,0.0888555816919907,4.939098305804915e-5,3.9095010741106907e-4
ENSG00000187189,TSPYL4,TSPYL4,protein_coding,491.7779855441509,-0.43008642780745876,0.1127275379090121,4.945436397853482e-5,3.912340785487649e-4
ENSG00000131323,TRAF3,TRAF3,protein_coding,591.7127435048699,-0.4100095625450084,0.1074191690624206,4.9851894866299436e-5,3.940668621048683e-4
ENSG00000226328,CTA-217C2.1,CTA-217C2.1,lincRNA,119.7814551067292,0.708359727280128,0.19925244489169824,4.986785375342821e-5,3.940668621048683e-4
ENSG00000167196,FBXO22,FBXO22,protein_coding,536.061173154808,-0.4373163617644261,0.11586709709900322,4.992471387665283e-5,3.9429712947335364e-4
ENSG00000078070,MCCC1,MCCC1,protein_coding,500.71758662690615,0.4887119790745552,0.13125969901523835,5.016775336991042e-5,3.9599673914184557e-4
ENSG00000137265,IRF4,IRF4,protein_coding,236.16677672177755,0.9277952555924416,0.27794336474391457,5.0314503313308464e-5,3.969348281356071e-4
ENSG00000144228,SPOPL,SPOPL,protein_coding,405.75492866061154,0.4596846661400594,0.12240202181415678,5.041272027791909e-5,0.00039748920910926896
ENSG00000128989,ARPP19,ARPP19,protein_coding,2163.9174908628675,0.31292536594626785,0.08034635562913768,5.124755860829749e-5,4.0346141496322923e-4
ENSG00000135046,ANXA1,ANXA1,protein_coding,9594.513128752893,0.3872558550549713,0.10282392588162878,5.124399537629522e-5,4.0346141496322923e-4
ENSG00000164754,RAD21,RAD21,protein_coding,2638.691763419302,0.4684528545425909,0.1253722010127042,5.1255257089324747e-5,4.0346141496322923e-4
ENSG00000164694,FNDC1,FNDC1,protein_coding,369.25406142861885,-0.5962513858308293,0.16510848479770768,5.131769354720246e-5,4.037294651633893e-4
ENSG00000168538,TRAPPC11,TRAPPC11,protein_coding,1251.26155723798,0.3692496651233123,0.0968064294094662,5.172570950996574e-5,4.0671447875608216e-4
ENSG00000099849,RASSF7,RASSF7,protein_coding,42.91297117951555,1.073067718624391,0.3182750312094902,5.2107874531864e-5,4.091671335678779e-4
ENSG00000146966,DENND2A,DENND2A,protein_coding,2659.51102862842,0.37931189794743525,0.10040686144575273,5.2101824723963304e-5,4.091671335678779e-4
ENSG00000196214,ZNF766,ZNF766,protein_coding,235.3933581377658,-0.5702758505327673,0.15658619906248103,5.2123934619305026e-5,4.091671335678779e-4
ENSG00000027075,PRKCH,PRKCH,protein_coding,81.01762581756982,0.9369426834080306,0.2760935421326562,5.272079628607597e-5,4.1309350860825936e-4
ENSG00000165675,ENOX2,ENOX2,protein_coding,351.0240817609759,0.4935005088708623,0.13345430677243145,5.27159870770035e-5,4.1309350860825936e-4
ENSG00000184788,SATL1,SATL1,protein_coding,75.43201673123971,0.8222424586502696,0.23649821075306993,5.2732610951787644e-5,4.1309350860825936e-4
ENSG00000196159,FAT4,FAT4,protein_coding,2987.5488094427797,0.3875856201941091,0.10216697773371211,5.2740284844811515e-5,4.1309350860825936e-4
ENSG00000148411,NACC2,NACC2,protein_coding,1262.0832923870726,0.3522100494325162,0.09164086028293482,5.39585004171893e-5,4.224027022201985e-4
ENSG00000268388,FENDRR,FENDRR,lincRNA,1468.1726764815037,-0.4184529701254185,0.11060819475430361,5.401462141309051e-5,4.22609447183608e-4
ENSG00000256340,ABCC6P1,ABCC6P1,pseudogene,38.196051019690586,-1.1318727262200503,0.3381136167826427,5.4199930837872765e-5,4.238261771511282e-4
ENSG00000155827,RNF20,RNF20,protein_coding,1297.5278161549497,-0.34683411081134097,0.09012666238913614,5.453006666811142e-5,4.261734441138554e-4
ENSG00000143390,RFX5,RFX5,protein_coding,597.8696504823039,-0.4348298168338508,0.11572547922896226,5.459652455598537e-5,4.2645852020007464e-4
ENSG00000149090,PAMR1,PAMR1,protein_coding,6341.062321142096,-0.3804515783705927,0.09982813575718641,5.502372816808094e-5,4.2955955513873943e-4
ENSG00000170542,SERPINB9,SERPINB9,protein_coding,187.59219924534028,0.6238857277988854,0.1743442088377581,5.526082615735149e-5,4.3117388440053076e-4
ENSG00000102316,MAGED2,MAGED2,protein_coding,3103.947271326639,-0.3764997308391059,0.09894800774087888,5.5670996629787325e-5,4.3413610529720114e-4
ENSG00000172345,STARD5,STARD5,protein_coding,429.5627575051309,-0.4848258938607494,0.13120413729546293,5.587259631584184e-5,4.354694849296079e-4
ENSG00000119900,OGFRL1,OGFRL1,protein_coding,771.9277669630864,0.48785271613477665,0.13203155279677878,5.594872089027318e-5,4.3582399011130653e-4
ENSG00000173418,NAA20,NAA20,protein_coding,651.063739528162,0.4303422470421907,0.11432341792875138,5.618346719234425e-5,4.3741304725993684e-4
ENSG00000151332,MBIP,MBIP,protein_coding,333.60985231382153,-0.45817744071688354,0.1228657160191292,5.637597190368417e-5,4.386716763446409e-4
ENSG00000137975,CLCA2,CLCA2,protein_coding,583.1254768766645,-0.6148550317879908,0.1734355929979466,5.700841971758822e-5,4.433503346435073e-4
ENSG00000085662,AKR1B1,AKR1B1,protein_coding,2500.200708717543,-0.4216611703255398,0.11247665268390626,5.720529418515828e-5,4.446383084643122e-4
ENSG00000273038,RP11-479G22.8,RP11-479G22.8,lincRNA,87.75171776268475,0.8156159558945539,0.23618090325651614,5.728679713264414e-5,4.4502861956020217e-4
ENSG00000147592,LACTB2,LACTB2,protein_coding,213.96156486687084,0.5513977482123168,0.15163675896706658,5.7611633641038085e-5,4.473077930732127e-4
ENSG00000174348,PODN,PODN,protein_coding,9016.5024768873,-0.37988498453657127,0.10035145331463692,5.766447931832374e-5,4.474738427844173e-4
ENSG00000154319,FAM167A,FAM167A,protein_coding,90.00700076988127,0.8528890157171255,0.25034893491677507,5.7808413673943366e-5,4.4834617017348443e-4
ENSG00000004059,ARF5,ARF5,protein_coding,1229.4588315432889,0.3381494294017081,0.08806544203060991,5.789485120214832e-5,4.4877186021763366e-4
ENSG00000134744,ZCCHC11,ZCCHC11,protein_coding,850.5015833982878,-0.3555495795730147,0.09287054614528856,5.793150578402298e-5,4.4881140428755056e-4
ENSG00000054277,OPN3,OPN3,protein_coding,130.40919781983294,0.7299762240026415,0.20921466369776348,5.820275240362356e-5,4.5066736537242326e-4
ENSG00000104964,AES,AES,protein_coding,3364.5402251995647,0.34329518705425976,0.08960970694891539,5.835985546440019e-5,4.516379674241721e-4
ENSG00000117500,TMED5,TMED5,protein_coding,1947.623491663828,0.3766321469284157,0.09914181983003681,5.8461542461462266e-5,4.519331412890431e-4
ENSG00000119922,IFIT2,IFIT2,protein_coding,379.574966530931,-0.6464016631557303,0.18357908028591724,5.844882565026123e-5,4.519331412890431e-4
ENSG00000131584,ACAP3,ACAP3,protein_coding,1096.9460775539378,-0.4379587871249664,0.11769824212838491,5.852615579988693e-5,4.521868767504572e-4
ENSG00000174238,PITPNA,PITPNA,protein_coding,1626.2115803206743,0.3541032070212607,0.09305097982079932,5.8582109114241306e-5,4.5237346364873415e-4
ENSG00000158321,AUTS2,AUTS2,protein_coding,576.4596137161795,0.4155192169466915,0.11067220192820477,5.894465969963038e-5,4.5492612022113e-4
ENSG00000123130,ACOT9,ACOT9,protein_coding,918.9861496051883,0.38255500713422497,0.10100191775352858,5.978905007529381e-5,4.611927593660408e-4
ENSG00000110237,ARHGEF17,ARHGEF17,protein_coding,2631.0887848273815,0.36069267841041514,0.09545682728019834,5.983749717899743e-5,4.6131629261466636e-4
ENSG00000139173,TMEM117,TMEM117,protein_coding,174.09667289798574,-0.5802371133531322,0.1611335473472176,6.003385299700633e-5,4.625793743387963e-4
ENSG00000110108,TMEM109,TMEM109,protein_coding,2141.0254193864503,0.31434752381468706,0.08189826365282071,6.018950124282621e-5,4.6352759376175426e-4
ENSG00000182154,MRPL41,MRPL41,protein_coding,399.1628674257771,0.4993096251630833,0.13697604601807192,6.0282978055849326e-5,4.639962553389615e-4
ENSG00000008517,IL32,IL32,protein_coding,183.65743754301178,-0.6831240436969166,0.19532613007268734,6.089845377439407e-5,4.6822681431728713e-4
ENSG00000204991,SPIRE2,SPIRE2,protein_coding,107.26028098487723,-0.717758330354033,0.2055813923553947,6.0880311474500224e-5,4.6822681431728713e-4
ENSG00000172175,MALT1,MALT1,protein_coding,830.4951008851486,0.4156043993461764,0.11084389727360353,6.136765788841353e-5,4.7157945208254676e-4
ENSG00000154358,OBSCN,OBSCN,protein_coding,269.9101743561352,-0.592043271556164,0.1657486635595204,6.147036746608169e-5,4.721136645991069e-4
ENSG00000167555,ZNF528,ZNF528,protein_coding,693.4407917689423,-0.4118992431163241,0.11012876621793806,6.154865436955824e-5,4.724598271735545e-4
ENSG00000166435,XRRA1,XRRA1,protein_coding,211.16129365002337,-0.5941301378005711,0.1661046900887971,6.18791239406839e-5,4.7474037698613146e-4
ENSG00000178662,CSRNP3,CSRNP3,protein_coding,38.12249328669951,-1.1123266651417782,0.33537377388751166,6.194337437657904e-5,4.74977119747957e-4
ENSG00000170734,POLH,POLH,protein_coding,784.0201897650894,-0.40192205945841397,0.10709284982514447,6.232998427371495e-5,4.776841036149361e-4
ENSG00000061337,LZTS1,LZTS1,protein_coding,67.04196018160836,-0.9046353037509746,0.2684031383919444,6.30446965585232e-5,4.82901326789679e-4
ENSG00000073060,SCARB1,SCARB1,protein_coding,300.0261309155696,-0.5761334005503495,0.16165737441196054,6.356151692448282e-5,4.8659796379647125e-4
ENSG00000068784,SRBD1,SRBD1,protein_coding,274.96951350235764,-0.5382339047923861,0.14896425793694754,6.413210161940994e-5,4.907019975441027e-4
ENSG00000125970,RALY,RALY,protein_coding,2054.31079548451,-0.4276981360529518,0.1153516889343991,6.43116715284058e-5,4.918114063548624e-4
ENSG00000163565,IFI16,IFI16,protein_coding,5029.448502357498,-0.44568600590871815,0.12106077702079834,6.45345685170241e-5,4.932507805406505e-4
ENSG00000173914,RBM4B,RBM4B,protein_coding,424.9450066019765,-0.41694286489508997,0.11165080893509902,6.499345566490574e-5,4.964913605680017e-4
ENSG00000175455,CCDC14,CCDC14,protein_coding,1908.0755558252802,-0.32421392604601873,0.08491715120168852,6.578730500967381e-5,5.022858971860442e-4
ENSG00000242125,SNHG3,SNHG3,sense_intronic,281.2825098837263,0.5221537204268802,0.14377295352652034,6.613303960559112e-5,5.046546970761417e-4
ENSG00000163131,CTSS,CTSS,protein_coding,77.81305275333487,-0.8741401475799649,0.2589413170199917,6.627248141746314e-5,5.054476009018744e-4
ENSG00000074319,TSG101,TSG101,protein_coding,1044.3808906010509,0.3706780011431689,0.09828050431429536,6.717301451672589e-5,5.12041242489769e-4
ENSG00000205302,SNX2,SNX2,protein_coding,1657.2394454092307,-0.3425441182554534,0.0902437445136504,6.734123713715799e-5,5.130486111617221e-4
ENSG00000151327,FAM177A1,FAM177A1,protein_coding,717.6264333955719,0.4208804183231412,0.11293532939267116,6.74251575177477e-5,5.1341297673043e-4
ENSG00000111737,RAB35,RAB35,protein_coding,1132.847298530471,0.36526059738734534,0.09679640707919435,6.763142379297369e-5,5.144328192680523e-4
ENSG00000167380,ZNF226,ZNF226,protein_coding,322.68017657972916,-0.4655448652026361,0.12666661974160015,6.761049078031573e-5,5.144328192680523e-4
ENSG00000167925,GHDC,GHDC,protein_coding,401.6071011701099,0.4677035987724103,0.12748553759323358,6.81798695358833e-5,5.183273459531823e-4
ENSG00000127951,FGL2,FGL2,protein_coding,225.1164317313407,-0.705766872578838,0.2043519109845239,6.830285120273511e-5,5.189849121301839e-4
ENSG00000149575,SCN2B,SCN2B,protein_coding,133.99679132172875,-0.6854798234170846,0.19647114617875758,6.859234711008674e-5,5.209063242359176e-4
ENSG00000102287,GABRE,GABRE,protein_coding,164.01744960560652,-0.7502781715718262,0.22012260842960724,6.920172898742295e-5,5.252536782908773e-4
ENSG00000135052,GOLM1,GOLM1,protein_coding,1987.9755495427387,-0.34960373027978997,0.09245019848517509,6.943442167162074e-5,5.267387807238045e-4
ENSG00000151779,NBAS,NBAS,protein_coding,1515.1985661196436,-0.3603938958687298,0.0959697201874454,7.227699128366156e-5,5.480106204791055e-4
ENSG00000149541,B3GAT3,B3GAT3,protein_coding,452.269148473524,0.4059465412033924,0.10904853761766878,7.240054170545165e-5,5.486549308568696e-4
ENSG00000175348,TMEM9B,TMEM9B,protein_coding,1278.4978994017195,0.33994410954953397,0.0897321418773553,7.275575921258293e-5,5.510532050265068e-4
ENSG00000076685,NT5C2,NT5C2,protein_coding,991.1724005777909,0.41810136384104357,0.11316398727050758,7.426214540040754e-5,5.621632550161771e-4
ENSG00000114861,FOXP1,FOXP1,protein_coding,1713.2047637586782,-0.3229271597205977,0.08520866356009194,7.464312792778562e-5,5.647467295983099e-4
ENSG00000120708,TGFBI,TGFBI,protein_coding,11280.179336459885,-0.42416149723893226,0.11569151856718396,7.473429080629581e-5,5.65135859877061e-4
ENSG00000178301,AQP11,AQP11,protein_coding,85.27415134900447,-0.8080716830897828,0.2397034641349138,7.521950074543439e-5,5.685027516488091e-4
ENSG00000162869,PPP1R21,PPP1R21,protein_coding,573.7334024665598,0.4405557743576698,0.12019410489370279,7.570811100038725e-5,5.718917529843379e-4
ENSG00000136261,BZW2,BZW2,protein_coding,342.01906435887133,-0.5389473004058334,0.1512097157082544,7.632553348921756e-5,5.762496753453453e-4
ENSG00000130338,TULP4,TULP4,protein_coding,519.0463030845291,-0.4125453997613376,0.11199725184776575,7.770254911186742e-5,5.863347790807438e-4
ENSG00000236739,RP11-370B11.1,RP11-370B11.1,pseudogene,257.88905103715774,0.5719351059743137,0.16211771897783595,7.798234066628929e-5,5.8813404752773e-4
ENSG00000021762,OSBPL5,OSBPL5,protein_coding,1370.3984183565465,0.37341446422510405,0.10033176415162087,7.924249338908372e-5,5.973212644230667e-4
ENSG00000035115,SH3YL1,SH3YL1,protein_coding,466.2174158048321,-0.4373646067737793,0.1197363566203967,8.005815501869333e-5,6.031499984035455e-4
ENSG00000011478,QPCTL,QPCTL,protein_coding,142.05380292671606,0.6094173174596982,0.17454560010987677,8.011502188777248e-5,6.032589048870703e-4
ENSG00000156113,KCNMA1,KCNMA1,protein_coding,754.360220978518,-0.5498899666142774,0.15605872850275876,8.048928061312897e-5,6.057563637254744e-4
ENSG00000165244,ZNF367,ZNF367,protein_coding,42.94190711591525,1.0338901605466255,0.31642656333270663,8.111310717884415e-5,6.101284169814274e-4
ENSG00000023902,PLEKHO1,PLEKHO1,protein_coding,706.9978949589231,0.3742101694504945,0.1009104970598259,8.213678643405907e-5,6.175019293012982e-4
ENSG00000180488,FAM73A,FAM73A,protein_coding,470.239225081091,0.4260903618845392,0.11628139194577289,8.240289281083525e-5,6.191752495199791e-4
ENSG00000186952,TMEM232,TMEM232,protein_coding,67.4807822960254,-0.9942950269949807,0.3073720669281316,8.298852336763983e-5,6.232464394832676e-4
ENSG00000162777,DENND2D,DENND2D,protein_coding,171.13651275134006,-0.5715941324651362,0.16247743325048059,8.373085246391482e-5,6.284895226631791e-4
ENSG00000172081,MOB3A,MOB3A,protein_coding,931.2343052029486,0.3693777317196677,0.09931044510833088,8.411477876127786e-5,6.30729438561221e-4
ENSG00000178252,WDR6,WDR6,protein_coding,2389.790465023422,-0.2939726874252385,0.07748142716391106,8.411795169787938e-5,6.30729438561221e-4
ENSG00000086102,NFX1,NFX1,protein_coding,1109.1046588344102,-0.3378987595809073,0.090213078041797,8.425858054001063e-5,6.311185095319174e-4
ENSG00000254004,ZNF260,ZNF260,protein_coding,402.01755075454,-0.4361764733516449,0.12040651151139174,8.425471435458748e-5,6.311185095319174e-4
ENSG00000100605,ITPK1,ITPK1,protein_coding,595.879403571053,0.4074640018708878,0.11161932211556351,8.516928978989359e-5,6.376041989323402e-4
ENSG00000099139,PCSK5,PCSK5,protein_coding,389.0855746984549,-0.4951253533760564,0.1385545058912545,8.52658091837239e-5,6.379909888633818e-4
ENSG00000134259,NGF,NGF,protein_coding,45.40750995739796,-1.1268003050337536,0.35518462904177217,8.631243178224862e-5,6.448046374320927e-4
ENSG00000160867,FGFR4,FGFR4,protein_coding,311.139029430066,-0.599950808573313,0.17339354173992141,8.626963263284459e-5,6.448046374320927e-4
ENSG00000162745,OLFML2B,OLFML2B,protein_coding,168.19208926097022,-0.9107670972177218,0.28410742873452344,8.62991138699542e-5,6.448046374320927e-4
ENSG00000131981,LGALS3,LGALS3,protein_coding,4769.078747503598,-0.32421036571974815,0.08617874641173917,8.644774774391761e-5,6.454765164879182e-4
ENSG00000224531,SMIM13,SMIM13,protein_coding,279.3819489108022,0.5073550649685405,0.14199585359312905,8.650814744911946e-5,6.455886092950027e-4
ENSG00000140350,ANP32A,ANP32A,protein_coding,722.2386714874477,-0.4132931235205962,0.11399292012567125,8.678771948724837e-5,6.473353550008499e-4
ENSG00000196465,MYL6B,MYL6B,protein_coding,763.3634353871716,-0.4047097912332544,0.11041188600926263,8.690692114083212e-5,6.478847202867903e-4
ENSG00000107372,ZFAND5,ZFAND5,protein_coding,5479.162257077199,0.6166466813434974,0.17984027013916384,8.701530984327119e-5,6.483529424885749e-4
ENSG00000184465,WDR27,WDR27,protein_coding,430.3291424458416,-0.43489905222734526,0.11944692525435747,8.736104482964625e-5,6.505882207627688e-4
ENSG00000077585,GPR137B,GPR137B,protein_coding,670.9233884921897,0.4833960706934097,0.1351809696611152,8.80500222529282e-5,6.548591703570471e-4
ENSG00000113578,FGF1,FGF1,protein_coding,185.4465803082909,0.8726890426978671,0.27113461333911393,8.800657539647906e-5,6.548591703570471e-4
ENSG00000170876,TMEM43,TMEM43,protein_coding,3331.414248941451,0.32903450560683245,0.08786254871241218,8.80726654171141e-5,6.548591703570471e-4
ENSG00000137869,CYP19A1,CYP19A1,protein_coding,63.386359109727884,1.0402723521048,0.32812464847053013,8.906674045027967e-5,6.61904553900093e-4
ENSG00000186063,AIDA,AIDA,protein_coding,3669.8052287066475,0.33966919993749667,0.09114141376735875,9.009702491776456e-5,6.692115312951871e-4
ENSG00000164342,TLR3,TLR3,protein_coding,183.9258454072253,-0.6058399438387433,0.17493799029478613,9.041115244806384e-5,6.711942757939771e-4
ENSG00000227775,RP1-283E3.4,RP1-283E3.4,pseudogene,373.42825853126914,-0.4597223417406977,0.12713240592177566,9.053663891887148e-5,6.71775248816916e-4
ENSG00000086015,MAST2,MAST2,protein_coding,1790.4838603551248,-0.33422640050818686,0.08929251802764879,9.105118264244345e-5,6.752408873337412e-4
ENSG00000100364,KIAA0930,KIAA0930,protein_coding,1918.324796108806,-0.3502401388652376,0.09422834360447409,9.13225252999286e-5,6.769002604826391e-4
ENSG00000164048,ZNF589,ZNF589,protein_coding,185.2496673114772,-0.5521461290771239,0.1573208143809942,9.153584764813049e-5,6.781280713265667e-4
ENSG00000010818,HIVEP2,HIVEP2,protein_coding,1417.1538285559939,-0.3435583478960265,0.09311811378720976,9.191009261045742e-5,6.805461516351621e-4
ENSG00000185122,HSF1,HSF1,protein_coding,1090.3812717155029,0.3720916996771986,0.10092169945968482,9.20886622282845e-5,6.815135960120285e-4
ENSG00000000003,TSPAN6,TSPAN6,protein_coding,711.6506734093653,-0.373597016220005,0.09983661291377766,9.392198232324886e-5,6.947198526083681e-4
ENSG00000092445,TYRO3,TYRO3,protein_coding,444.34148406017516,-0.4440044070136313,0.12328573609460877,9.493885682281272e-5,7.01876455014391e-4
ENSG00000067225,PKM,PKM,protein_coding,21880.29148720507,-0.35292465947032425,0.0955819383257834,9.619872044041859e-5,7.108210906724748e-4
ENSG00000168502,SOGA2,SOGA2,protein_coding,2123.4409088895745,-0.358229071003446,0.09676570872102477,9.713426161122859e-5,7.173612342461659e-4
ENSG00000142634,EFHD2,EFHD2,protein_coding,564.6979926236398,0.3800004986565758,0.10360687525193418,9.799434814977119e-5,7.233376274428362e-4
ENSG00000120370,GORAB,GORAB,protein_coding,328.8191999320098,-0.4568638056756626,0.1277907734617209,9.819113015859287e-5,7.240386912264516e-4
ENSG00000196072,BLOC1S2,BLOC1S2,protein_coding,490.8894989880519,-0.4222203338749589,0.11691348421667713,9.816738428110575e-5,7.240386912264516e-4
ENSG00000110768,GTF2H1,GTF2H1,protein_coding,1354.5718992383518,0.34607791119217013,0.09357646615567165,9.923627236543318e-5,7.313661855574723e-4
ENSG00000150753,CCT5,CCT5,protein_coding,1621.362973919303,0.3260736862499686,0.08782479094173516,1.0054739337538913e-4,7.406285971679452e-4
ENSG00000249115,HAUS5,HAUS5,protein_coding,161.99126312770724,-0.5839536530480344,0.1691045977879087,1.005971913476146e-4,7.406285971679452e-4
ENSG00000175048,ZDHHC14,ZDHHC14,protein_coding,217.66106553421156,-0.5161987200490992,0.1466066103657287,1.0069514880049243e-4,7.40966268255667e-4
ENSG00000163879,DNALI1,DNALI1,protein_coding,313.71816052514697,-0.4828169269831055,0.1360689744759172,1.0109521748784634e-4,7.435255292384314e-4
ENSG00000088888,MAVS,MAVS,protein_coding,1171.0943190221624,0.4550519184399802,0.1276160650434554,1.0146080675853726e-4,7.45828690094798e-4
ENSG00000180694,TMEM64,TMEM64,protein_coding,822.3895524099612,0.5937989161544037,0.17401073138750642,1.0174813092169122e-4,7.475544494990372e-4
ENSG00000126062,TMEM115,TMEM115,protein_coding,1003.2843978541749,0.35124941196655635,0.09531503317785647,1.0219096982607915e-4,7.504204206536655e-4
ENSG00000117519,CNN3,CNN3,protein_coding,6467.716493709102,0.4117863096993848,0.1139609588623149,1.0224711687618133e-4,7.504452995081544e-4
ENSG00000089123,TASP1,TASP1,protein_coding,135.55155565275874,0.6181609360161607,0.18130395101144278,1.0281797877500845e-4,7.542459670426613e-4
ENSG00000157224,CLDN12,CLDN12,protein_coding,672.2517473521377,0.3695776016583669,0.10089245611896533,1.03088715988586e-4,7.558422145472408e-4
ENSG00000111206,FOXM1,FOXM1,protein_coding,145.62603838924574,-0.6005555094940219,0.17487836212743976,1.0369444990458985e-4,7.598211321443178e-4
ENSG00000138802,SEC24B,SEC24B,protein_coding,1238.2399115864011,0.44334487907234477,0.12401611272568176,1.0373823387403438e-4,7.598211321443178e-4
ENSG00000105997,HOXA3,HOXA3,protein_coding,127.22714439707198,-0.6716758020992749,0.19999676082278087,1.0649175234140706e-4,7.795875889367854e-4
ENSG00000134324,LPIN1,LPIN1,protein_coding,4607.291905512615,0.5282775181572916,0.15364198084338512,1.0725668348266126e-4,7.847834700912417e-4
ENSG00000135956,TMEM127,TMEM127,protein_coding,2384.3928425480235,0.31235725794133706,0.08472836276269698,1.0731260830968056e-4,7.847889668878644e-4
ENSG00000134986,NREP,NREP,protein_coding,580.4420969974135,-0.5374177212752782,0.15568078082676298,1.0743749203285576e-4,7.852985029164133e-4
ENSG00000204386,NEU1,NEU1,protein_coding,949.2190481147732,-0.3923218510632112,0.10829076749442561,1.0767016527430045e-4,7.865949824661786e-4
ENSG00000096654,ZNF184,ZNF184,protein_coding,157.95419595431332,-0.5828823636373978,0.16915012999732368,1.0813576833439498e-4,7.89590949070038e-4
ENSG00000165197,FIGF,FIGF,protein_coding,190.83927105505978,-0.7682461373462723,0.2364032182034002,1.0833132471742259e-4,7.906130132276136e-4
ENSG00000131732,ZCCHC9,ZCCHC9,protein_coding,601.1382267644047,-0.3890215576766681,0.10721932800532626,1.085914386439128e-4,7.921049350107773e-4
ENSG00000168952,STXBP6,STXBP6,protein_coding,140.85420670916199,0.6669177714940225,0.19863639445975742,1.1084496308027894e-4,8.081285263218286e-4
ENSG00000173320,STOX2,STOX2,protein_coding,82.08893554310754,-0.8999220974683434,0.28324688896635436,1.1126931743645868e-4,8.108067475492768e-4
ENSG00000121361,KCNJ8,KCNJ8,protein_coding,169.75584473275487,0.665751767076362,0.19927508603262362,1.1177683913532847e-4,8.140879466773744e-4
ENSG00000135241,PNPLA8,PNPLA8,protein_coding,953.5873085491992,0.4708514183510065,0.13380594867497334,1.1309175340915546e-4,8.228220462873797e-4
ENSG00000148344,PTGES,PTGES,protein_coding,106.30015616035597,-0.7901794295177733,0.2426290853035122,1.1303560526230354e-4,8.228220462873797e-4
ENSG00000064601,CTSA,CTSA,protein_coding,7114.528374227269,-0.27304192298446095,0.07327592082390288,1.1418945940423664e-4,8.299595659508748e-4
ENSG00000231312,AC007246.3,AC007246.3,antisense,297.7584756217807,0.47100815296715615,0.13355129566595142,1.1413439668329613e-4,8.299595659508748e-4
ENSG00000183578,TNFAIP8L3,TNFAIP8L3,protein_coding,570.4628423052384,0.38826984652835544,0.10736050701803072,1.14273101649183e-4,8.301433084055052e-4
ENSG00000073756,PTGS2,PTGS2,protein_coding,72.00481650738398,-1.1752285561247626,0.3961966094321227,1.144589965446923e-4,8.310693041611554e-4
ENSG00000101974,ATP11C,ATP11C,protein_coding,1380.9586982653452,0.33379731646818434,0.09075233094728194,1.1509778446508057e-4,8.352810644037276e-4
ENSG00000140743,CDR2,CDR2,protein_coding,794.994125397022,0.42040127112156067,0.11798147936277424,1.1584453682605234e-4,8.402716429442981e-4
ENSG00000097033,SH3GLB1,SH3GLB1,protein_coding,3251.676397839973,0.3705588307997397,0.1022508197951501,1.1620424132786125e-4,8.42021970783239e-4
ENSG00000176371,ZSCAN2,ZSCAN2,protein_coding,115.11473156720912,-0.6469857023259551,0.19216147216857135,1.1614938770733599e-4,8.42021970783239e-4
ENSG00000105402,NAPA,NAPA,protein_coding,1682.364971134784,0.3213803671694082,0.08710252706740867,1.164513728253264e-4,8.433830585883109e-4
ENSG00000101335,MYL9,MYL9,protein_coding,6385.434408582935,0.3940092651862956,0.10947876861817817,1.166309842218007e-4,8.442540048706835e-4
ENSG00000093072,CECR1,CECR1,protein_coding,614.5562377473615,-0.41965281497789847,0.11738220798910629,1.1675039902653655e-4,8.44688543109591e-4
ENSG00000169032,MAP2K1,MAP2K1,protein_coding,1074.9661248599234,0.4162726928009947,0.11704590536528754,1.1722774747211823e-4,8.477109710439296e-4
ENSG00000095951,HIVEP1,HIVEP1,protein_coding,472.87730650537213,-0.48099772562162474,0.1369943009608343,1.1760866755060227e-4,8.50033377662483e-4
ENSG00000222009,BTBD19,BTBD19,protein_coding,311.14227104955194,-0.6170833141464644,0.1844050511406102,1.1789414260680334e-4,8.516639331839364e-4
ENSG00000071205,ARHGAP10,ARHGAP10,protein_coding,895.5249949351908,0.4145879449599758,0.11591664266268717,1.1805178138508878e-4,8.523698164576156e-4
ENSG00000203722,RAET1G,RAET1G,protein_coding,56.885310791634986,-0.92683542356566,0.2917058053078954,1.1874395572609311e-4,8.569325348797303e-4
ENSG00000073169,SELO,SELO,protein_coding,392.13571568799387,0.42461045790108115,0.11950531948141253,1.1963158826011044e-4,8.624631076593061e-4
ENSG00000269378,ITGB1P1,ITGB1P1,pseudogene,8923.128357198635,0.2872637743440621,0.07737610763186971,1.196144726418897e-4,8.624631076593061e-4
ENSG00000161091,MFSD12,MFSD12,protein_coding,718.1457823664224,0.4297992985308681,0.12092463336632824,1.2058115437405518e-4,8.688684598868089e-4
ENSG00000136868,SLC31A1,SLC31A1,protein_coding,1060.1447249397584,0.3788059115598943,0.10492923635760316,1.2077912456557079e-4,8.69854312820597e-4
ENSG00000064933,PMS1,PMS1,protein_coding,430.01381772293087,0.4789832253978887,0.13672752763142146,1.2140648959592784e-4,8.7393011539093e-4
ENSG00000197905,TEAD4,TEAD4,protein_coding,117.6776647206198,0.7354305933457017,0.22564958119085532,1.2291838408886853e-4,8.843657538088346e-4
ENSG00000197959,DNM3,DNM3,protein_coding,58.68565417553161,-0.848164520090764,0.2631233818536175,1.2305905039848404e-4,8.849301986188256e-4
ENSG00000117592,PRDX6,PRDX6,protein_coding,3661.5770908086815,0.38462240415147697,0.10794550584916832,1.2315698926371524e-4,8.851869708373348e-4
ENSG00000133104,SPG20,SPG20,protein_coding,2391.1900399308347,0.39992901893719524,0.11157882217543952,1.2373644813689185e-4,8.888600542187486e-4
ENSG00000164010,ERMAP,ERMAP,protein_coding,517.7016265168811,-0.4119215275040906,0.11557894407072183,1.237930095196387e-4,8.888600542187486e-4
ENSG00000112304,ACOT13,ACOT13,protein_coding,295.1757672890464,-0.4904803562472646,0.14089305694595178,1.2560903457423166e-4,9.014444539777352e-4
ENSG00000144036,EXOC6B,EXOC6B,protein_coding,1487.5846420874527,-0.3169084096419019,0.08651348326773481,1.2787390514482815e-4,9.17235716984385e-4
ENSG00000138646,HERC5,HERC5,protein_coding,77.17512281351077,-0.8157610835716407,0.25267309691267525,1.2837343783325428e-4,9.203547276916375e-4
ENSG00000100376,FAM118A,FAM118A,protein_coding,734.4591252114823,-0.4592925904435341,0.13155256546251273,1.2854631386386437e-4,9.211298581358221e-4
ENSG00000117266,CDK18,CDK18,protein_coding,83.88261461975783,-0.7946061385884258,0.2466516310715762,1.3056573681688205e-4,9.351294262252419e-4
ENSG00000014914,MTMR11,MTMR11,protein_coding,569.9549866617458,-0.4234181935096627,0.11994034723811746,1.3436650889762575e-4,9.613829087323083e-4
ENSG00000232855,AF131217.1,AF131217.1,lincRNA,301.5475852237353,0.6870023403158745,0.21136878791762886,1.3430467358194765e-4,9.613829087323083e-4
ENSG00000034713,GABARAPL2,GABARAPL2,protein_coding,1404.0834162979704,0.33853132421482507,0.09340563384107965,1.3504679224549614e-4,9.657644911513008e-4
ENSG00000184584,TMEM173,TMEM173,protein_coding,1258.6755634148878,0.49109322503969277,0.14223037342278436,1.3512705280254917e-4,9.658528638509846e-4
ENSG00000138028,CGREF1,CGREF1,protein_coding,249.80295537715114,0.6029560035327431,0.18063801107662758,1.3638766164060238e-4,9.743737313791704e-4
ENSG00000213846,AC098614.2,AC098614.2,pseudogene,686.5229138420576,0.4187936246589358,0.11844432832814325,1.3744973310602778e-4,9.814683753514755e-4
ENSG00000172331,BPGM,BPGM,protein_coding,618.8871750318002,-0.4076825370449287,0.11514754189496962,1.389132846522966e-4,9.914212548390701e-4
ENSG00000159884,CCDC107,CCDC107,protein_coding,70.672873329509315,0.8085677619522114,0.25382063637494534,1.4056000772577761e-4,0.0010026707873076533
ENSG00000213462,ERV3-1,ERV3-1,protein_coding,189.49507213090942,-0.5413161684684555,0.15902912384786042,1.4110058919104327e-4,0.0010060224464428068
ENSG00000152558,TMEM123,TMEM123,protein_coding,4811.459150388909,0.32567178074346037,0.08984437230181756,1.419872178240238e-4,0.0010118367666978529
ENSG00000196588,MKL1,MKL1,protein_coding,1022.2060210462168,0.351123408088616,0.09765119599135973,1.4210790877626226e-4,0.001012189731814499
ENSG00000100034,PPM1F,PPM1F,protein_coding,1029.8994564333095,-0.3411718240245712,0.09445552148985395,1.4223194730560092e-4,0.0010125661754128467
ENSG00000247746,USP51,USP51,protein_coding,54.39558675183197,-0.8652100812511615,0.27216545912149837,1.432113865949473e-4,0.0010190288959112208
ENSG00000185344,ATP6V0A2,ATP6V0A2,protein_coding,449.49342772648225,0.41900988786661475,0.11889074119923156,1.4341007938905274e-4,0.001019932484614943
ENSG00000164112,TMEM155,TMEM155,protein_coding,376.4279690860285,0.6891684609924846,0.2141685710299064,1.4406895524930925e-4,0.0010241063565548099
ENSG00000106688,SLC1A1,SLC1A1,protein_coding,627.1096642886441,0.5846815299577954,0.17584810899078313,1.450639606285232e-4,0.0010306642237662908
ENSG00000070371,CLTCL1,CLTCL1,protein_coding,215.54336678606185,0.5009736326512872,0.14577167748234404,1.4530641534682344e-4,0.0010318714188183808
ENSG00000137693,YAP1,YAP1,protein_coding,4167.151030145612,0.3170567424031044,0.08825367798658536,1.4568885503847968e-4,0.0010340709950435803
ENSG00000185880,TRIM69,TRIM69,protein_coding,583.2407802891337,-0.4163777258958442,0.11850075597860317,1.4966332691929084e-4,0.0010617512030423905
ENSG00000100354,TNRC6B,TNRC6B,protein_coding,935.3554991410931,-0.3346803941936735,0.09314118789356922,1.5045901021780398e-4,0.001066863889002016
ENSG00000126391,FRMD8,FRMD8,protein_coding,613.9273699996586,0.3806064048576557,0.1072835746032434,1.5253298135417792e-4,0.001080492593018838
ENSG00000148110,HIATL1,HIATL1,protein_coding,1506.6736048890527,0.34092268821561195,0.09508046153427994,1.5249669288500082e-4,0.001080492593018838
ENSG00000184785,SMIM10,SMIM10,protein_coding,276.64250603486687,0.5065814240714004,0.14867501436591096,1.5278174640021903e-4,0.0010817160581367423
ENSG00000104081,BMF,BMF,protein_coding,195.38388281204433,-0.6281734478296483,0.19141006287081613,1.5523257510153857e-4,0.0010985214667882013
ENSG00000153179,RASSF3,RASSF3,protein_coding,1144.3606657624046,0.3547496547598436,0.09933464689005796,1.5550100365955077e-4,0.0010987810611293842
ENSG00000175482,POLD4,POLD4,protein_coding,132.9293687228611,0.6189079019499262,0.18746350314061666,1.5546048884192544e-4,0.0010987810611293842
ENSG00000204576,PRR3,PRR3,protein_coding,211.51683646823304,-0.5163191355164183,0.15237358340797644,1.5536426768740397e-4,0.0010987810611293842
ENSG00000117152,RGS4,RGS4,protein_coding,105.46616073572305,-0.8982523469029636,0.2952443106204377,1.5709090559983118e-4,0.0011094642707308831
ENSG00000079102,RUNX1T1,RUNX1T1,protein_coding,924.8130340828669,-0.35591335539702174,0.10083194999119979,1.5794800552584604e-4,0.0011149639854092475
ENSG00000117226,GBP3,GBP3,protein_coding,559.6435516687017,-0.49683024002447596,0.1445540966114013,1.585209006825237e-4,0.0011184530214822506
ENSG00000134070,IRAK2,IRAK2,protein_coding,46.89469898272533,-0.9345997890468909,0.3024078913026418,1.5877431497950465e-4,0.0011196856005297343
ENSG00000216775,RP1-152L7.5,RP1-152L7.5,pseudogene,245.9267094696967,-0.6457132345773162,0.19964638655792397,1.6200168542129302e-4,0.001141879075040868
ENSG00000144583,MARCH4,MARCH4,protein_coding,186.88601284981672,0.6968385756294176,0.21839952718171995,1.622163360103788e-4,0.0011428257372023912
ENSG00000106993,CDC37L1,CDC37L1,protein_coding,404.9767607931868,0.5058006701612072,0.14952007366002246,1.626659687812427e-4,0.0011454261088833643
ENSG00000226200,RP11-50E11.3,RP11-50E11.3,antisense,107.33587825192146,-0.8084286310480189,0.2602235256570718,1.6307129273182975e-4,0.0011477120573070492
ENSG00000240764,PCDHGC5,PCDHGC5,protein_coding,29.42820226263399,-1.134365002784993,0.37384666186689436,1.6457008774135398e-4,0.0011576878971478828
ENSG00000198517,MAFK,MAFK,protein_coding,213.8274344804039,0.6059246795854173,0.18483306748207984,1.646873043506028e-4,0.00115793980083192
ENSG00000155090,KLF10,KLF10,protein_coding,688.0060740032867,-0.5870350644424907,0.18053142201850308,1.6479434710541804e-4,0.0011581199571281948
ENSG00000116191,RALGPS2,RALGPS2,protein_coding,2092.891555623825,-0.34935231904893754,0.09841285731041136,1.6769737474271124e-4,0.0011779394856001604
ENSG00000261589,CTC-462L7.1,CTC-462L7.1,lincRNA,78.62791246480964,1.0176757979984874,0.3443641771579369,1.682640805452408e-4,0.0011813367629197953
ENSG00000119771,KLHL29,KLHL29,protein_coding,980.5667692632607,0.4065024962204163,0.11661762778531601,1.6894490374347855e-4,0.0011855314804377103
ENSG00000185483,ROR1,ROR1,protein_coding,1219.0515010653623,0.35807438048655954,0.1012092250809542,1.6910969559384538e-4,0.0011861027170250772
ENSG00000118503,TNFAIP3,TNFAIP3,protein_coding,357.16416178758425,0.5013445652253307,0.14842825753249028,1.69374663812608e-4,0.0011873756619371792
ENSG00000172292,CERS6,CERS6,protein_coding,368.46697774211907,0.4892439664218473,0.14411842570982117,1.7012389582741187e-4,0.0011920405390389687
ENSG00000112139,MDGA1,MDGA1,protein_coding,1048.5512984128059,-0.45856454099515115,0.134263147495665,1.7199384395543153e-4,0.001204549697893677
ENSG00000123342,MMP19,MMP19,protein_coding,618.3590672352518,0.3717761491103537,0.10592198525787361,1.72819579999938e-4,0.0012097370599995659
ENSG00000122359,ANXA11,ANXA11,protein_coding,7909.106488771551,0.3141789252368333,0.08780542452531537,1.7345161707979284e-4,0.001213564093134763
ENSG00000100911,PSME2,PSME2,protein_coding,695.2269903013305,-0.3886949227326127,0.11103710449644111,1.7384648318505383e-4,0.0012157287988319595
ENSG00000119523,ALG2,ALG2,protein_coding,799.4433807681527,0.3384921372851918,0.09522450214789263,1.74812454606642e-4,0.0012218832207984648
ENSG00000162368,CMPK1,CMPK1,protein_coding,2767.142739334987,0.37123693220067466,0.10542931287036351,1.7518647322812395e-4,0.0012238960683677972
ENSG00000100092,SH3BP1,SH3BP1,protein_coding,54.094686006176566,-0.8557888504261842,0.2756588891934744,1.7632113450887868e-4,0.0012306142381031846
ENSG00000146535,GNA12,GNA12,protein_coding,2954.45781791124,0.3465095787398445,0.09783136342154942,1.7629991275610425e-4,0.0012306142381031846
ENSG00000111684,LPCAT3,LPCAT3,protein_coding,653.0125455804067,0.4272210869145493,0.12360806835783066,1.7662048030880773e-4,0.0012320989268820408
ENSG00000137203,TFAP2A,TFAP2A,protein_coding,64.88556700509051,-0.9717959101671619,0.321605056891118,1.781788018752094e-4,0.0012423604303298916
ENSG00000058085,LAMC2,LAMC2,protein_coding,71.38216492553217,0.7825201000333988,0.24922299293313363,1.7894035697022537e-4,0.001247059107077161
ENSG00000186907,RTN4RL2,RTN4RL2,protein_coding,45.18352600303213,-0.9355084458714706,0.30529521005383603,1.791750179479855e-4,0.0012480829849618735
ENSG00000182107,TMEM30B,TMEM30B,protein_coding,203.50278499713698,0.6749438800122358,0.21220048117010315,1.837470805043495e-4,0.0012793041963259262
ENSG00000101843,PSMD10,PSMD10,protein_coding,617.5279521391651,-0.37878089444454127,0.10831279054057584,1.855463884012406e-4,0.0012911995247647976
ENSG00000142102,ATHL1,ATHL1,protein_coding,603.587124646031,0.40480880312742923,0.11677535764886143,1.857281815677513e-4,0.0012918325939460609
ENSG00000166986,MARS,MARS,protein_coding,1660.5666840386534,-0.34868257148416976,0.09970675676176124,1.8636834260493332e-4,0.0012956516643267701
ENSG00000164638,SLC29A4,SLC29A4,protein_coding,77.50788550729231,-0.7545301788025666,0.24086624496965187,1.873584360959855e-4,0.001301898580864337
ENSG00000166289,PLEKHF1,PLEKHF1,protein_coding,563.9781219469473,0.49866075451425595,0.14884785356551766,1.8889338050425363e-4,0.001311923556783449
ENSG00000081087,OSTM1,OSTM1,protein_coding,1159.8336989308552,0.42778797832687465,0.12479937015846813,1.8914568237843438e-4,0.0013130347418989022
ENSG00000111670,GNPTAB,GNPTAB,protein_coding,3231.8461467611987,-0.3309684993941243,0.09354807455889459,1.8951429253448768e-4,0.0013149518522002697
ENSG00000140092,FBLN5,FBLN5,protein_coding,9438.949264552366,0.29556158471349003,0.08341620122271365,1.9084165374629172e-4,0.001322226830437045
ENSG00000171617,ENC1,ENC1,protein_coding,714.5055064078532,-1.0830899086241148,0.3778781243672567,1.907954650477155e-4,0.001322226830437045
ENSG00000182871,COL18A1,COL18A1,protein_coding,2256.7569496255874,0.3402772049002433,0.09667036934773976,1.906851018234706e-4,0.001322226830437045
ENSG00000113721,PDGFRB,PDGFRB,protein_coding,20461.161082880022,0.33953484964240577,0.09604841371725711,1.9239353755894146e-4,0.0013323299309826598
ENSG00000154856,APCDD1,APCDD1,protein_coding,1454.7163881646277,1.3238278479060817,0.48397214409757816,1.9309708811546036e-4,0.001336551329126184
ENSG00000135540,NHSL1,NHSL1,protein_coding,604.1606430308638,0.3978641085879276,0.11473028495782069,1.932268836866867e-4,0.001336799218657311
ENSG00000102007,PLP2,PLP2,protein_coding,655.4003606243365,0.42551113299118076,0.12410528650788187,1.935277073041297e-4,0.0013382295132201949
ENSG00000006534,ALDH3B1,ALDH3B1,protein_coding,1146.1443328415805,0.4044271451559435,0.11780501852535885,1.9371391131490175e-4,0.0013388662169791848
ENSG00000143570,SLC39A1,SLC39A1,protein_coding,2231.3720277787997,0.2900494395134265,0.08160406767033032,1.956566630722214e-4,0.0013516368992419997
ENSG00000196295,AC005154.6,AC005154.6,processed_transcript,350.02046580577735,-0.41638262346321575,0.12091638961400897,1.9586599505026005e-4,0.0013524261716480093
ENSG00000124126,PREX1,PREX1,protein_coding,196.34506912502295,-0.5555191639699996,0.16867592418580293,1.964518822768016e-4,0.0013558134757424678
ENSG00000115159,GPD2,GPD2,protein_coding,732.6629850979723,0.4865718483024701,0.14528449592748122,1.9744643742658285e-4,0.0013620165499300264
ENSG00000135778,NTPCR,NTPCR,protein_coding,660.0266077336505,-0.3840278121731128,0.11064699936345757,1.9847790587566928e-4,0.0013684681207830924
ENSG00000119541,VPS4B,VPS4B,protein_coding,1377.6677841224446,0.3360330199407945,0.09609471402432392,1.988856942784796e-4,0.001370615365996654
ENSG00000156804,FBXO32,FBXO32,protein_coding,3756.8797680646994,0.9221428361669147,0.3115358396236911,1.9902245273795713e-4,0.0013708936405543352
ENSG00000131844,MCCC2,MCCC2,protein_coding,569.258940710286,0.41129523055970474,0.11954751275748836,1.993353617673142e-4,0.0013723844074435031
ENSG00000136783,NIPSNAP3A,NIPSNAP3A,protein_coding,284.2939139580636,0.4613445784560566,0.13624582551958614,2.0046265731070944e-4,0.0013794779088473783
ENSG00000073111,MCM2,MCM2,protein_coding,165.67972925935723,-0.5961800670229579,0.18368684029551563,2.0165952321085182e-4,0.0013870430648699982
ENSG00000225135,RP11-361F15.2,RP11-361F15.2,lincRNA,146.53633626054912,0.6215218243632747,0.19281364887429464,2.0200598764522046e-4,0.0013887545520858463
ENSG00000171603,CLSTN1,CLSTN1,protein_coding,6742.144036510017,0.29697939791351513,0.08328063522785359,2.0252899534395038e-4,0.001391677502305483
ENSG00000167468,GPX4,GPX4,protein_coding,5870.229181699928,-0.3537493376366908,0.10120005332943376,2.0495296737160833e-4,0.001407653794250969
ENSG00000132793,LPIN3,LPIN3,protein_coding,178.85753089399074,0.6253505653576162,0.19562427631527807,2.0781021003985674e-4,0.0014260108787296896
ENSG00000140455,USP3,USP3,protein_coding,253.75317046893105,-0.46212225384589856,0.13692928924538328,2.0782624800384184e-4,0.0014260108787296896
ENSG00000011454,RABGAP1,RABGAP1,protein_coding,2327.1107709486496,0.38194128188937687,0.1122276553857203,2.0817891347029373e-4,0.0014272796703343092
ENSG00000166173,LARP6,LARP6,protein_coding,1128.432282628251,-0.38542914778344944,0.11160965821311149,2.0821184729637876e-4,0.0014272796703343092
ENSG00000089050,RBBP9,RBBP9,protein_coding,351.9233181856597,-0.42887675839205275,0.1257907862917881,2.091673861520242e-4,0.0014331391621514413
ENSG00000233276,GPX1,GPX1,protein_coding,3857.5553474980247,0.3285178930898987,0.09330977901346764,2.1000038562745687e-4,0.0014381538204934743
ENSG00000224470,ATXN1L,ATXN1L,protein_coding,1127.5798122019105,0.39471362218008393,0.1145930939988865,2.1038132368647375e-4,0.0014400692724333025
ENSG00000091428,RAPGEF4,RAPGEF4,protein_coding,36.35675994201562,-1.0094841759262203,0.33762118068484126,2.1233429301315706e-4,0.0014527383279553372
ENSG00000112902,SEMA5A,SEMA5A,protein_coding,4185.626870230529,-0.3663425561530189,0.10568225752943568,2.1385481102913695e-4,0.0014617351427575415
ENSG00000171681,ATF7IP,ATF7IP,protein_coding,681.0004552995545,-0.4297386492051189,0.12671846350785398,2.137726461579968e-4,0.0014617351427575415
ENSG00000172346,CSDC2,CSDC2,protein_coding,747.8599336737811,-0.3603357428330557,0.10409283120802859,2.1417580313817038e-4,0.0014632260441101515
ENSG00000109685,WHSC1,WHSC1,protein_coding,833.2611534939534,-0.33523304465152987,0.09587624374393636,2.1653462624858332e-4,0.0014786310723763079
ENSG00000198521,ZNF43,ZNF43,protein_coding,185.5704727807671,-0.5180075221205916,0.15636223544074632,2.1672609169562452e-4,0.0014792283724945122
ENSG00000134265,NAPG,NAPG,protein_coding,467.5113392727541,0.39006052279414566,0.1133639391150564,2.1852905908338824e-4,0.001490818866379911
ENSG00000115232,ITGA4,ITGA4,protein_coding,2392.043419814031,0.4552992218115909,0.1370840270082055,2.187028469737683e-4,0.0014912892115795209
ENSG00000170745,KCNS3,KCNS3,protein_coding,81.44793088822536,0.8894878765264114,0.3016061549703885,2.2133257308114073e-4,0.001508497613563079
ENSG00000012822,CALCOCO1,CALCOCO1,protein_coding,6075.531691974063,0.3730418919086422,0.10827941493195928,2.2198891681760876e-4,0.0015122463375544383
ENSG00000136111,TBC1D4,TBC1D4,protein_coding,696.3901456252972,0.48930315823652804,0.14781131193945113,2.2409215547589278e-4,0.0015258433793629003
ENSG00000135678,CPM,CPM,protein_coding,858.2530995742667,1.1441844437050879,0.4110740021475166,2.24263897150008e-4,0.0015262821402209157
ENSG00000160213,CSTB,CSTB,protein_coding,1731.7225932081233,0.3100730336035647,0.08829806155601351,2.2457328217487393e-4,0.0015276567984961295
ENSG00000049239,H6PD,H6PD,protein_coding,6181.238666452924,0.3626779838197811,0.10516803716111134,2.281617339196369e-4,0.0015498763392798886
ENSG00000122490,PQLC1,PQLC1,protein_coding,738.6346271933428,0.3681639067268325,0.10658596998202448,2.281665533219971e-4,0.0015498763392798886
ENSG00000174738,NR1D2,NR1D2,protein_coding,1120.8461379191867,-0.5631619694291483,0.17576651130311588,2.2813945651172852e-4,0.0015498763392798886
ENSG00000106105,GARS,GARS,protein_coding,2907.0874285381856,-0.3159650511440301,0.0905744818336644,2.302040088956346e-4,0.0015622241519711387
ENSG00000124006,OBSL1,OBSL1,protein_coding,1540.0923596392686,0.3376883349344605,0.09705867758347088,2.3013273791319235e-4,0.0015622241519711387
ENSG00000095383,TBC1D2,TBC1D2,protein_coding,276.2905210459332,0.4679969787173114,0.1399575223307624,0.00023049558118700816,0.001563110786411394
ENSG00000169446,MMGT1,MMGT1,protein_coding,745.9147408029394,0.39509590488133134,0.11618982493533798,2.3055444529605627e-4,0.001563110786411394
ENSG00000158201,ABHD3,ABHD3,protein_coding,88.12621227556623,0.6928686223374247,0.22193191752018346,2.3206899221459305e-4,0.001571880640600177
ENSG00000198105,ZNF248,ZNF248,protein_coding,259.1308891578089,-0.5345873310686015,0.1642275457436987,2.3198032465154538e-4,0.001571880640600177
ENSG00000178878,APOLD1,APOLD1,protein_coding,61.84988997313945,-0.8915915888138597,0.29944973292738836,2.330088693057121e-4,0.0015774955530720842
ENSG00000138386,NAB1,NAB1,protein_coding,502.808067996064,-0.4127266687632138,0.12174404907260182,2.3318306079664298e-4,0.0015779238138779496
ENSG00000101928,MOSPD1,MOSPD1,protein_coding,1025.3122207062697,0.32024885404199593,0.09154752618510904,2.3386816553780157e-4,0.0015818073165048453
ENSG00000123572,NRK,NRK,protein_coding,108.28551741532915,1.0066331808915479,0.3593523351100578,2.3400397008178358e-4,0.0015819736076251377
ENSG00000213763,ACTBP2,ACTBP2,pseudogene,32.62574708274059,1.080940085536034,0.37317189493614755,2.3452364407748212e-4,0.001584733640550169
ENSG00000116117,PARD3B,PARD3B,protein_coding,2252.640768987653,0.43976523732741624,0.13075153807880516,2.353470677999761e-4,0.0015895425889776162
ENSG00000111911,HINT3,HINT3,protein_coding,372.2230130359614,-0.4704522648724822,0.14171068625671102,2.359866264185513e-4,0.001593105730506632
ENSG00000082153,BZW1,BZW1,protein_coding,5839.2662461935,0.28288287338579343,0.07992322527562709,2.3856777938391382e-4,0.0016097666479870923
ENSG00000074660,SCARF1,SCARF1,protein_coding,29.070330411020805,1.0953784451894497,0.3767743175431243,2.3868350695292216e-4,0.0016097838799897415
ENSG00000165476,REEP3,REEP3,protein_coding,1949.6616491244113,0.35077947435045764,0.1014878598082377,2.3964496370183758e-4,0.0016155023524620558
ENSG00000196511,TPK1,TPK1,protein_coding,51.63688534885255,-0.8992069996141656,0.3025008482697727,2.4069191271314827e-4,0.00162179145733388
ENSG00000120800,UTP20,UTP20,protein_coding,823.709484971067,0.47078842708043867,0.14245247565939048,2.413254823132686e-4,0.001625290558912847
ENSG00000172757,CFL1,CFL1,protein_coding,7063.056646373992,0.35531051130655944,0.10286364642869188,2.4160797354168568e-4,0.001626423007883075
ENSG00000103404,USP31,USP31,protein_coding,245.7547586944987,0.46776360774511216,0.14078145886808724,2.4699510103617624e-4,0.001661900812269901
ENSG00000153317,ASAP1,ASAP1,protein_coding,3804.561028964688,0.2683407001922227,0.07586032835762023,2.4712637450459825e-4,0.0016619978964318703
ENSG00000237984,PTENP1,PTENP1,pseudogene,257.81496475888594,-0.45198788196334355,0.13545297445080365,2.4739761201999653e-4,0.00166303574355975
ENSG00000118707,TGIF2,TGIF2,protein_coding,220.35971831595091,-0.5446545507066006,0.16877269605514345,2.4842848702082046e-4,0.0016676011323190894
ENSG00000143549,TPM3,TPM3,protein_coding,4083.8950473160758,0.33330922598549656,0.09621951780997602,2.4827846876647876e-4,0.0016676011323190894
ENSG00000186815,TPCN1,TPCN1,protein_coding,1850.9308606166705,0.3778197908197342,0.11071577659312798,2.4839437519380217e-4,0.0016676011323190894
ENSG00000261143,ADAMTS7P3,ADAMTS7P3,pseudogene,110.45123705442441,0.6256667055712638,0.19820627872600288,2.485615972261506e-4,0.0016677076221437576
ENSG00000237187,NR2F1-AS1,NR2F1-AS1,processed_transcript,533.5305881029144,-0.42991462434383737,0.12808228593142296,2.4870879264546136e-4,0.0016679084708104868
ENSG00000164850,GPER1,GPER1,protein_coding,97.98020360234942,-0.632780524097841,0.20065629312074248,2.5168956503745425e-4,0.0016871029090917763
ENSG00000120549,KIAA1217,KIAA1217,protein_coding,51.740564019317524,-0.9553466468025485,0.3276282868044223,2.527967700431588e-4,0.0016937264517634908
ENSG00000105993,DNAJB6,DNAJB6,protein_coding,2103.129226861961,0.3121408203216158,0.08966290504869193,2.534206517335879e-4,0.001697107038728133
ENSG00000260077,RP11-254F7.2,RP11-254F7.2,lincRNA,77.15535668474541,-0.76719145533586,0.2525940928457035,2.535687081493921e-4,0.0016972994375138604
ENSG00000115252,PDE1A,PDE1A,protein_coding,391.0074759845089,0.47156123478776396,0.14265766410035016,2.5420744542395537e-4,0.0017007745548966798
ENSG00000109458,GAB1,GAB1,protein_coding,865.0209886885625,-0.32631543828586773,0.09401139635328747,2.544815034161908e-4,0.001701807665534508
ENSG00000250899,RP11-253E3.3,RP11-253E3.3,processed_transcript,54.55908410607399,0.8508100873612792,0.28583464225611754,2.56685704535519e-4,0.0017157412882111006
ENSG00000093217,XYLB,XYLB,protein_coding,69.09417586188279,-0.8448687197865089,0.2855918367327774,2.57229583772494e-4,0.001718569093273816
ENSG00000161544,CYGB,CYGB,protein_coding,1080.4957160835206,-0.33076093526761235,0.09560892020035024,2.58110104901559e-4,0.0017236423155491903
ENSG00000006062,MAP3K14,MAP3K14,processed_transcript,197.7670056622773,-0.6247631969252215,0.20019796644004068,2.607935305387291e-4,0.0017407448044968947
ENSG00000197380,DACT3,DACT3,protein_coding,304.7241551716652,-0.4785269583974615,0.1454783223558038,2.6112192587499924e-4,0.0017421192653123776
ENSG00000103855,CD276,CD276,protein_coding,2966.11818725296,-0.2822349438108926,0.08069822046778609,2.61586056210589e-4,0.00174378080358216
ENSG00000143341,HMCN1,HMCN1,protein_coding,1788.0123986076505,-0.4157289292775401,0.12451201306013913,2.616161582427116e-4,0.00174378080358216
ENSG00000206503,HLA-A,HLA-A,protein_coding,8244.198458498618,-0.2656993514627699,0.07574178677501399,2.6214576945739383e-4,0.0017464924706145058
ENSG00000196810,CTBP1-AS2,CTBP1-AS2,antisense,302.1717996951589,-0.4243182652477892,0.12677021367135416,2.6382411940166804e-4,0.0017568512520455646
ENSG00000174695,TMEM167A,TMEM167A,protein_coding,2178.8818217745543,0.3277831732437289,0.09482740018214686,2.6398069808896584e-4,0.0017570713381457417
ENSG00000135272,MDFIC,MDFIC,protein_coding,1304.725441178871,0.3631250910664664,0.10756696613414175,2.6455517740493973e-4,0.0017592486411443958
ENSG00000151623,NR3C2,NR3C2,protein_coding,72.5434038797372,-0.7873023884250386,0.26135236026516656,2.64480848605976e-4,0.0017592486411443958
ENSG00000215190,LINC00680,LINC00680,processed_transcript,149.67361187947716,-0.5458192065105806,0.16957131724987945,2.651943185235177e-4,0.0017626747601301473
ENSG00000166387,PPFIBP2,PPFIBP2,protein_coding,496.9355482003678,0.3998766299240881,0.11865638978336936,2.657068619229762e-4,0.0017652566109259285
ENSG00000112137,PHACTR1,PHACTR1,protein_coding,44.60969396490491,-0.9075351777207599,0.3076788117647489,2.672497146709646e-4,0.001774677843828105
ENSG00000105976,MET,MET,protein_coding,896.8979119424462,0.5174912944209225,0.16099839980580863,2.6800128038529677e-4,0.0017780084944964837
ENSG00000183010,PYCR1,PYCR1,protein_coding,241.50660843960458,-0.643110064879077,0.20870864638917916,2.679529237294958e-4,0.0017780084944964837
ENSG00000185386,MAPK11,MAPK11,protein_coding,304.5978976670867,0.4256370561575407,0.1271300296292444,2.6865554117360145e-4,0.0017815181434281153
ENSG00000134532,SOX5,SOX5,protein_coding,147.3830787607724,0.6059385612711483,0.1929935411955721,2.697927081575751e-4,0.0017882252939577577
ENSG00000140332,TLE3,TLE3,protein_coding,449.24908023665967,-0.4069422890223341,0.12115060967385398,2.701807644617458e-4,0.0017899632946920692
ENSG00000169905,TOR1AIP2,TOR1AIP2,protein_coding,1504.4076038530652,0.30177744020663133,0.0868315544165741,2.704632024483051e-4,0.0017910002754304897
ENSG00000100099,HPS4,HPS4,protein_coding,634.9683409718855,-0.34439471575992814,0.10121714133944046,2.707191912933646e-4,0.00179186122706227
ENSG00000078804,TP53INP2,TP53INP2,protein_coding,833.2128644422414,0.5045279228353485,0.15587514293459107,2.712011332444503e-4,0.0017942162415204934
ENSG00000166579,NDEL1,NDEL1,protein_coding,1394.2095140006866,0.32526376617020497,0.09389563032338909,2.7186473492684125e-4,0.0017969349394049209
ENSG00000198768,APCDD1L,APCDD1L,protein_coding,101.19205681569201,-0.6491368394283572,0.2086852887369546,2.718266889207035e-4,0.0017969349394049209
ENSG00000029993,HMGB3,HMGB3,protein_coding,589.567414868549,-0.35830735836111766,0.10488395734471471,2.7296683876509116e-4,0.001803381474498215
ENSG00000069399,BCL3,BCL3,protein_coding,359.91143321690373,-0.5445820454683805,0.1709591953447327,2.733474669980312e-4,0.0018050577393593295
ENSG00000102580,DNAJC3,DNAJC3,protein_coding,2154.7155649992947,0.36335459563362144,0.10702996833536463,2.737636702527567e-4,0.0018069672601741123
ENSG00000104093,DMXL2,DMXL2,protein_coding,611.5131555924015,-0.4358443268251399,0.1315517600129599,2.745750310384216e-4,0.0018114820229547814
ENSG00000182667,NTM,NTM,protein_coding,157.47671534089048,-0.630389377402336,0.20307507605665293,2.7500387972610724e-4,0.0018134701832286273
ENSG00000089225,TBX5,TBX5,protein_coding,675.3052500925537,-0.3932136172088274,0.11695107518553564,2.779375489509346e-4,0.0018319664950315541
ENSG00000160271,RALGDS,RALGDS,protein_coding,622.488075835824,-0.3959621307521008,0.1178829064997343,2.801207177647335e-4,0.0018455011993911855
ENSG00000148719,DNAJB12,DNAJB12,protein_coding,1089.0760868345708,0.3203911183036566,0.09319991829215406,2.812395085698057e-4,0.0018520142453226464
ENSG00000180817,PPA1,PPA1,protein_coding,1449.271899807672,-0.3214436576506636,0.09339512990736946,2.8335270755811844e-4,0.0018650665952367777
ENSG00000151090,THRB,THRB,protein_coding,437.9910822653706,0.3878859417726355,0.11504480353701149,2.8529876115584985e-4,0.0018770072056802998
ENSG00000159388,BTG2,BTG2,protein_coding,919.0698612425313,-0.41087957705844597,0.12317225369146256,2.8735641301099417e-4,0.0018896706512567642
ENSG00000141447,OSBPL1A,OSBPL1A,protein_coding,1755.8888303195058,-0.35676885684901116,0.10509583528366152,2.885487610414281e-4,0.0018966347398582592
ENSG00000198873,GRK5,GRK5,protein_coding,2944.993100181762,0.44136325374850355,0.13404875497157298,2.893856380647701e-4,0.0019012569588144526
ENSG00000130518,KIAA1683,KIAA1683,protein_coding,93.4830573784536,-0.6760926926883453,0.22072295620102586,2.901861152917993e-4,0.0019054144983118965
ENSG00000144802,NFKBIZ,NFKBIZ,protein_coding,380.7860934509786,0.4933469214197791,0.15282133237070908,2.9028636233421537e-4,0.0019054144983118965
ENSG00000235217,TSPY26P,TSPY26P,pseudogene,120.39967429245236,-0.5778600721730445,0.18285129878905876,2.9097585625265e-4,0.001908179151377452
ENSG00000260230,FRRS1L,FRRS1L,protein_coding,44.665799766556226,-0.9169638950625956,0.31486364638308456,2.90844911757745e-4,0.001908179151377452
ENSG00000166263,STXBP4,STXBP4,protein_coding,384.3708271897857,0.6691939297722675,0.22220614826862198,2.911830113047602e-4,0.00190865767410088
ENSG00000151694,ADAM17,ADAM17,protein_coding,1027.1624947011783,0.43136968932443154,0.13022461238934277,2.919369828303165e-4,0.001912718398792456
ENSG00000152527,PLEKHH2,PLEKHH2,protein_coding,883.5640299356007,0.3392837522385215,0.0998310715744392,2.977099129129808e-4,0.0019496435549144744
ENSG00000106443,PHF14,PHF14,protein_coding,619.5798334788172,-0.3630797761106131,0.10718560700118404,2.9988081378512277e-4,0.0019629566016012823
ENSG00000223401,RP11-211G3.2,RP11-211G3.2,lincRNA,40.36990892652985,0.9676119912192472,0.3383835256851916,3.007663278580597e-4,0.0019678473999324014
ENSG00000149115,TNKS1BP1,TNKS1BP1,protein_coding,8007.970443606861,0.2576721873049492,0.07390988667035331,3.0672528157058704e-4,0.0020059128299126576
ENSG00000099953,MMP11,MMP11,protein_coding,152.1200877174472,-0.5476628987241541,0.17251613854381423,3.0913627786225534e-4,0.002020751110437831
ENSG00000178184,PARD6G,PARD6G,protein_coding,59.706524030405006,-0.9632528839232402,0.3413372738538439,3.1006783188979395e-4,0.002025909435369972
ENSG00000088179,PTPN4,PTPN4,protein_coding,282.12290595772356,-0.42239556006766665,0.12779587542187984,3.1134934241335433e-4,0.0020333485061926316
ENSG00000008710,PKD1,PKD1,protein_coding,5444.362158604939,0.4288039727846399,0.13098299275462416,3.125082496470411e-4,0.0020399804235793997
ENSG00000131408,NR1H2,NR1H2,protein_coding,1606.4739061553348,0.3252957896263929,0.09524485239563087,3.1313438405440407e-4,0.0020431300361421303
ENSG00000113645,WWC1,WWC1,protein_coding,132.81104138067613,0.7488766162537188,0.25499047696379046,3.147375755667304e-4,0.0020524531929504534
ENSG00000174839,DENND6A,DENND6A,protein_coding,273.5264711861322,0.5730699215846969,0.18378204652242258,3.148518607296041e-4,0.0020524531929504534
ENSG00000175324,LSM1,LSM1,protein_coding,206.57267793185375,0.4833735378341182,0.14941997203793522,3.1652663707756054e-4,0.002062425508837023
ENSG00000091490,SEL1L3,SEL1L3,protein_coding,1616.6140109148,-0.48071949194449665,0.15006346640503349,3.1673913086338346e-4,0.0020628651086999844
ENSG00000153250,RBMS1,RBMS1,protein_coding,3868.235197249874,0.2616858008503625,0.07594458531360068,3.179469846397882e-4,0.0020697839402820813
ENSG00000099341,PSMD8,PSMD8,protein_coding,1813.1862591468926,0.2940254437370079,0.08532751211207501,3.184440254282596e-4,0.0020720712798223077
ENSG00000131100,ATP6V1E1,ATP6V1E1,protein_coding,2223.8403460564614,0.29358569347002395,0.08522638079611274,3.1893091851536683e-4,0.002073342497697705
ENSG00000147251,DOCK11,DOCK11,protein_coding,2069.7809595555796,0.34209240393918383,0.10176493844031323,3.188882955517064e-4,0.002073342497697705
ENSG00000136160,EDNRB,EDNRB,protein_coding,621.2025110991034,0.504316098463709,0.1581444060847462,3.1990893012119874e-4,0.002078750398375482
ENSG00000070366,SMG6,SMG6,protein_coding,1647.8841194424817,-0.3036369795319927,0.0868972009524019,3.217412179278078e-4,0.002089701864751205
ENSG00000125835,SNRPB,SNRPB,protein_coding,500.00694776176374,0.4606028445904001,0.14210967643848013,3.2190060538742955e-4,0.0020897828439209484
ENSG00000106397,PLOD3,PLOD3,protein_coding,1770.6822772482606,0.2985642702324194,0.08693781482646291,3.226206723641112e-4,0.0020935020272386485
ENSG00000183655,KLHL25,KLHL25,protein_coding,136.4372281075867,0.576665003481555,0.1850148988876572,3.244693418541179e-4,0.0021045380385467274
ENSG00000237807,RP11-400K9.4,RP11-400K9.4,lincRNA,102.64533827518466,-0.6448820049617481,0.21097643492181342,3.2556895820912493e-4,0.002110707776466086
ENSG00000100485,SOS2,SOS2,protein_coding,934.6270712587738,0.43410012823790833,0.13283556290683288,3.2728647309482507e-4,0.0021208759878363513
ENSG00000177628,GBA,GBA,protein_coding,2783.921735735399,-0.2818153236825682,0.082019720943612,3.2927577233938263e-4,0.002132795348704635
ENSG00000070087,PFN2,PFN2,protein_coding,2162.3251920803464,-0.310127235979189,0.09158831732366592,3.300771942177695e-4,0.0021370132046215537
ENSG00000182022,CHST15,CHST15,protein_coding,1089.9722881152122,0.3442111993439965,0.10238293189337477,3.308290898569156e-4,0.0021409067216218236
ENSG00000153214,TMEM87B,TMEM87B,protein_coding,1123.7755177899166,0.5676599609307907,0.18371030810011893,3.310848989093101e-4,0.002141587813590735
ENSG00000204262,COL5A2,COL5A2,protein_coding,15918.470917482768,0.3333619919366421,0.09832658473028724,3.3299315865709594e-4,0.0021529521312447877
ENSG00000235927,NEXN-AS1,NEXN-AS1,antisense,33.27722700430802,0.9925242676284329,0.35089005079196955,3.360176527175434e-4,0.0021715198056584907
ENSG00000163637,PRICKLE2,PRICKLE2,protein_coding,410.3978956486886,0.49990756746242304,0.15750351389501804,3.3761230457188116e-4,0.002180834432438891
ENSG00000073536,NLE1,NLE1,protein_coding,293.6105345463684,-0.4778762757790714,0.14850946525557066,3.392958082847346e-4,0.0021907142882623986
ENSG00000108852,MPP2,MPP2,protein_coding,138.51808117846824,-0.6505243900100312,0.2148405796053836,3.4075964185985676e-4,0.0021991674890265893
ENSG00000148814,LRRC27,LRRC27,protein_coding,218.83368953405164,-0.47160718388987893,0.14601138369961922,3.460795729262383e-4,0.0022324879117019566
ENSG00000114857,NKTR,NKTR,protein_coding,1529.0789412639222,-0.3072666084669784,0.09002973325721236,3.479637809656476e-4,0.002243625031938065
ENSG00000184205,TSPYL2,TSPYL2,protein_coding,739.8872767940434,-0.4952262855588018,0.1567389884721612,3.55419892830152e-4,0.002290662689449969
ENSG00000272430,RP11-38L15.8,RP11-38L15.8,lincRNA,47.38401712973976,0.8224646817705501,0.2840878487881211,3.5558731000751834e-4,0.002290703757946984
ENSG00000103319,EEF2K,EEF2K,protein_coding,1066.936636942615,0.3493496935317668,0.10455004071640477,3.560471204294003e-4,0.002292627542321317
ENSG00000169439,SDC2,SDC2,protein_coding,1461.6464549765574,0.34458784805416576,0.10296748037754976,3.5744003790763097e-4,0.0023005552485059473
ENSG00000173915,USMG5,USMG5,protein_coding,604.7419152476555,0.34289602202172126,0.10226100278237861,3.589474151845968e-4,0.0023092121364023995
ENSG00000131467,PSME3,PSME3,protein_coding,1694.6783983532923,0.2872225404534106,0.08416589683235572,3.60478961969918e-4,0.0023180166162116247
ENSG00000147324,MFHAS1,MFHAS1,protein_coding,451.32992110508576,0.4061988719325823,0.12365373686715493,3.6143464646321905e-4,0.002323111799047821
ENSG00000256223,ZNF10,ZNF10,protein_coding,149.56188714612202,-0.5746386349362063,0.18614895761157985,3.6567914745801855e-4,0.0023493316140211634
ENSG00000196937,FAM3C,FAM3C,protein_coding,1422.7127735494478,0.37557594201872524,0.11309332126740979,3.6647319920347395e-4,0.0023533701063070942
ENSG00000115307,AUP1,AUP1,protein_coding,1217.1442186282084,0.3445558598134904,0.10294829446761776,3.666894957835134e-4,0.002353696474740385
ENSG00000063438,AHRR,AHRR,protein_coding,627.9585430630356,-0.40749307200679646,0.12458629089660134,3.670554838156728e-4,0.0023538087778883286
ENSG00000101017,CD40,CD40,protein_coding,103.01919788795968,0.6462029384262967,0.21411894561706724,3.6695718322293384e-4,0.0023538087778883286
ENSG00000170364,SETMAR,SETMAR,protein_coding,379.9949469274578,0.508933164814036,0.1618900654529454,3.6720343631427174e-4,0.0023538087778883286
ENSG00000146416,AIG1,AIG1,protein_coding,617.5344743423572,-0.38384421473177094,0.11605312459685747,3.700656846708726e-4,0.0023700199454112975
ENSG00000215790,SLC35E2,SLC35E2,protein_coding,421.41578021297505,-0.3977099937558474,0.12125142533551038,3.6990960043359745e-4,0.0023700199454112975
ENSG00000102401,ARMCX3,ARMCX3,protein_coding,2682.768821740153,-0.29246361722488473,0.08595240568035979,3.7289341316631557e-4,0.002387054864481401
ENSG00000095002,MSH2,MSH2,protein_coding,400.10116361491885,-0.424657677154982,0.13092540179531828,3.732130713716452e-4,0.0023880264179893303
ENSG00000155850,SLC26A2,SLC26A2,protein_coding,672.6723844273843,0.3547082480698326,0.10670011571081335,3.757698968120712e-4,0.002403305311265693
ENSG00000138744,NAAA,NAAA,protein_coding,237.8751305803059,0.5239583037167609,0.16781601339132407,3.7756459229493667e-4,0.002413698319462103
ENSG00000129566,TEP1,TEP1,protein_coding,930.3837670449725,0.3660528942698079,0.11013688245678666,3.791722627579102e-4,0.0024228869117109233
ENSG00000138756,BMP2K,BMP2K,protein_coding,586.5804085030842,-0.54865241373218,0.17883035891463867,3.8182499750188546e-4,0.0024387421483910276
ENSG00000132963,POMP,POMP,protein_coding,1021.1833543908904,0.34793095772679433,0.10424580965341501,3.8230076138420885e-4,0.0024406849326431717
ENSG00000114650,SCAP,SCAP,protein_coding,1574.9839824252567,0.3164464848508309,0.09391957589254513,3.825942930229902e-4,0.0024414630883620517
ENSG00000058799,YIPF1,YIPF1,protein_coding,461.2083963874672,0.35782333487235135,0.1079192307607287,3.840703566735081e-4,0.002449783297454699
ENSG00000143761,ARF1,ARF1,protein_coding,5731.0397914769455,0.2850571304993771,0.08406536055533181,3.846008845576727e-4,0.0024520676745622308
ENSG00000160870,CYP3A7,CYP3A7,protein_coding,266.52659869412537,-0.7158202309835842,0.2498180730836911,3.850415903268549e-4,0.0024537775899682725
ENSG00000109184,DCUN1D4,DCUN1D4,protein_coding,1182.7958445155625,0.3194440109575551,0.09500076768029231,3.861545274603446e-4,0.002459768024449593
ENSG00000175946,KLHL38,KLHL38,protein_coding,46.31283900023443,0.8465214832025565,0.2964553412494285,3.8778704944033665e-4,0.0024690613210561095
ENSG00000129473,BCL2L2,BCL2L2,protein_coding,1506.2566856976248,0.31683733260255986,0.09423740867125557,3.8853010399249744e-4,0.002472685547735697
ENSG00000157796,WDR19,WDR19,protein_coding,1694.6674494693007,0.35506020283373974,0.10698348599676147,3.9101369348463176e-4,0.0024873787013083197
ENSG00000198691,ABCA4,ABCA4,protein_coding,38.75746300606845,1.074233767068919,0.40214751349564426,3.933015111092001e-4,0.0025008138998736085
ENSG00000139410,SDSL,SDSL,protein_coding,64.32825696064836,-0.7310878839094709,0.24928572291009893,3.971486330614949e-4,0.0025241475230861053
ENSG00000102935,ZNF423,ZNF423,protein_coding,36.326698465238955,-0.976627445347396,0.3512689039226165,3.980901256894118e-4,0.0025290013165726634
ENSG00000198952,SMG5,SMG5,protein_coding,2485.7910201084796,0.2879448025557226,0.08514230404413976,0.00039880562227056013,0.0025324157014180565
ENSG00000146143,PRIM2,PRIM2,protein_coding,380.4184318207268,-0.3990815160550357,0.12243729960019395,4.0084244475953025e-4,0.002544213714529031
ENSG00000139220,PPFIA2,PPFIA2,protein_coding,64.58209534654897,0.8538908476125335,0.30369249310460095,4.0190726994654104e-4,0.0025498345261907225
ENSG00000163577,EIF5A2,EIF5A2,protein_coding,471.0035153706171,0.47958662476505787,0.15228436229553416,4.025750750866469e-4,0.002552932620611888
ENSG00000084444,KIAA1467,KIAA1467,protein_coding,260.9589785890397,0.481987863136411,0.1528048329236791,4.050432676701267e-4,0.0025674400353564537
ENSG00000004487,KDM1A,KDM1A,protein_coding,1242.9879883838396,-0.2929890412098359,0.08680304072060088,0.00040905269003522836,0.0025916995381118435
ENSG00000163623,NKX6-1,NKX6-1,protein_coding,844.3648634644155,0.3481108589361008,0.10525048099787812,4.127094912514793e-4,0.002613704275850865
ENSG00000185567,AHNAK2,AHNAK2,protein_coding,4997.089571762345,-0.48014775185551284,0.15325443739081568,4.1384699569981713e-4,0.0026197417297882503
ENSG00000116171,SCP2,SCP2,protein_coding,3033.4935450832436,-0.29296128162537577,0.08723154652451813,4.1569271576419466e-4,0.0026302549773264705
ENSG00000105404,RABAC1,RABAC1,protein_coding,1782.23045648483,0.2976188163487711,0.08923943072786716,4.163327597594483e-4,0.0026331334703505525
ENSG00000113739,STC2,STC2,protein_coding,17127.49325936655,0.8811595984589051,0.3223168545850311,4.188886863044162e-4,0.002648121188441785
ENSG00000103111,MON1B,MON1B,protein_coding,928.0995381471641,0.3697967542413774,0.11289307198374171,4.1987508190918007e-4,0.0026531777721351298
ENSG00000196743,GM2A,GM2A,protein_coding,1510.2968044289623,0.3174951452243561,0.09538559835877324,4.213422455014212e-4,0.0026612664742505397
ENSG00000158985,CDC42SE2,CDC42SE2,protein_coding,385.11999311602926,0.46138958797428214,0.1456602652224785,4.222797196171893e-4,0.002666003875647981
ENSG00000203485,INF2,INF2,protein_coding,2518.5576653619282,0.32427770323829264,0.09642760585993589,4.2287651077423794e-4,0.0026685871735815264
ENSG00000104331,IMPAD1,IMPAD1,protein_coding,2609.063503308544,0.2901557866369463,0.08604278939437543,4.2330442105650585e-4,0.0026701029202251614
ENSG00000126767,ELK1,ELK1,protein_coding,652.3581596964015,0.3563824549512997,0.1084035871295359,4.2451227454480013e-4,0.002676534837378208
ENSG00000243364,EFNA4,EFNA4,protein_coding,64.46031812497623,-0.7395743071686557,0.2551114353910172,4.2772610588718754e-4,0.0026956030705092403
ENSG00000154945,ANKRD40,ANKRD40,protein_coding,938.9437794822484,0.32635104287451244,0.09755279070752762,4.2934286807478836e-4,0.0027045938686872406
ENSG00000099785,MARCH2,MARCH2,protein_coding,433.7049725233959,0.4207658360706324,0.13102148532567245,4.3027442321301386e-4,0.002709262238061934
ENSG00000133639,BTG1,BTG1,protein_coding,1331.967428379385,0.3995681602279541,0.12363716646274897,4.3052822372105455e-4,0.0027096608204461416
ENSG00000004700,RECQL,RECQL,protein_coding,1038.9425921271386,0.3323410040882147,0.10097215470531742,4.320618594962906e-4,0.002718110521660875
ENSG00000107984,DKK1,DKK1,protein_coding,462.8449440210651,0.38936059571988385,0.1199998264680807,4.332045574480919e-4,0.0027240944408230146
ENSG00000171163,ZNF692,ZNF692,protein_coding,264.93909672564024,-0.4347028498089234,0.13620422613168348,4.3362649788353475e-4,0.0027255427776824563
ENSG00000256616,RP11-815J4.6,RP11-815J4.6,pseudogene,44.13971287931134,-0.9112825335249544,0.3293395101247002,4.3589712795449816e-4,0.0027386045706823243
ENSG00000138185,ENTPD1,ENTPD1,protein_coding,1342.7456214727079,-0.34640466875425663,0.10529612599733965,4.3857932782016736e-4,0.0027542394520591877
ENSG00000253540,FAM86HP,FAM86HP,pseudogene,49.060874762860465,-0.918473288212756,0.3356678251048819,4.389662975573716e-4,0.0027554530522753986
ENSG00000033050,ABCF2,ABCF2,protein_coding,1273.3160343039822,0.3142452057794921,0.0944466262191568,4.449742153828006e-4,0.0027916587200656428
ENSG00000259807,RP11-426C22.4,RP11-426C22.4,lincRNA,115.03350280310465,-0.738108841353463,0.26026659860190404,4.45126685679758e-4,0.0027916587200656428
ENSG00000162961,DPY30,DPY30,protein_coding,391.34236634259105,0.38501070108162194,0.118706407236175,4.458814386531851e-4,0.0027951597987672565
ENSG00000072135,PTPN18,PTPN18,protein_coding,393.9556900927603,0.4155913675900918,0.12986362930269554,4.469983235072137e-4,0.002800926939897184
ENSG00000163870,TPRA1,TPRA1,protein_coding,657.706001021792,0.3276931473785864,0.0989936792657,4.4823460506555733e-4,0.002807436821863711
ENSG00000087903,RFX2,RFX2,protein_coding,231.28337561977446,-0.6430187384988927,0.22111927441098192,4.493866114354213e-4,0.0028134133631414755
ENSG00000102174,PHEX,PHEX,protein_coding,223.77832649701733,-0.5066285480492645,0.16386063688508562,4.5101227374449375e-4,0.002822348694123044
ENSG00000196923,PDLIM7,PDLIM7,protein_coding,3666.99060929458,0.5094351819849372,0.16524958371801854,4.516510375030953e-4,0.0028251030595620175
ENSG00000123908,AGO2,AGO2,protein_coding,403.61625508222636,0.4905303671349062,0.15849436236560263,4.5344283732061207e-4,0.0028350641398014885
ENSG00000113163,COL4A3BP,COL4A3BP,protein_coding,1734.2271587787795,0.36639982521393005,0.11244878366263321,4.562792564638633e-4,0.002851544878709135
ENSG00000091831,ESR1,ESR1,protein_coding,34.86466462974866,-0.9858861045328424,0.3634295348933418,4.571782816529812e-4,0.002855908598257358
ENSG00000150712,MTMR12,MTMR12,protein_coding,794.5016036210081,0.38596032664141133,0.11909376003563182,4.584563612164855e-4,0.0028626353300892403
ENSG00000215251,FASTKD5,FASTKD5,protein_coding,201.30214846154735,0.5231284213035579,0.16989283319485157,4.590377318303135e-4,0.0028650077654911715
ENSG00000106415,GLCCI1,GLCCI1,protein_coding,217.62805646488027,0.5037012249783231,0.16280907618566212,4.6059025008592124e-4,0.0028734367180798877
ENSG00000148841,ITPRIP,ITPRIP,protein_coding,493.2195430535668,0.414821596325845,0.12989737563113332,4.637791556771941e-4,0.0028920625648191185
ENSG00000070718,AP3M2,AP3M2,protein_coding,394.7223857566579,-0.4121834652654518,0.1288261547870566,4.6494587356939984e-4,0.002898067530960186
ENSG00000110911,SLC11A2,SLC11A2,protein_coding,1030.5494375562407,0.298155262997998,0.08952549759747097,4.662750569336436e-4,0.0029050794611581894
ENSG00000198408,MGEA5,MGEA5,protein_coding,3200.6621837102125,0.31983916499672654,0.09668123386848497,4.668205289980806e-4,0.0029072045553715843
ENSG00000075651,PLD1,PLD1,protein_coding,797.432573374366,-0.5101183408356349,0.16745557717784817,4.722983267348374e-4,0.0029400312470355917
ENSG00000205683,DPF3,DPF3,protein_coding,109.97193112834343,-0.7958503528955133,0.2893222356245949,4.7397375862854587e-4,0.0029491700536887298
ENSG00000148343,FAM73B,FAM73B,protein_coding,578.1070569293965,0.34652791496686197,0.1058197535852967,4.748216736317156e-4,0.0029531541258143957
ENSG00000035681,NSMAF,NSMAF,protein_coding,1041.6948667362842,-0.3238419530752374,0.09849664660244165,4.7610003532400156e-4,0.0029598107091121494
ENSG00000101224,CDC25B,CDC25B,protein_coding,2562.0152327709966,-0.5254238015579784,0.17456284788665344,4.7909397270458245e-4,0.002977122179008292
ENSG00000184371,CSF1,CSF1,protein_coding,3067.579703763488,0.3505292201760446,0.10757593234962919,4.7971389470040105e-4,0.002979672680444762
ENSG00000116455,WDR77,WDR77,protein_coding,246.94537932739686,0.42473369446566406,0.13377955658946447,4.8252788931949924e-4,0.002995843167909453
ENSG00000101236,RNF24,RNF24,protein_coding,2663.471371888174,0.40278257572926895,0.1265530991104304,4.859566909840928e-4,0.003015814996752939
ENSG00000197614,MFAP5,MFAP5,protein_coding,1312.4166381870234,0.387210320962986,0.12105294462660557,4.8769491399304796e-4,0.0030252823622490686
ENSG00000058272,PPP1R12A,PPP1R12A,protein_coding,1673.231786277508,0.2932520829601352,0.0881168513941013,4.906540459416955e-4,0.003039661650468065
ENSG00000112297,AIM1,AIM1,protein_coding,330.0566877771181,0.5524434766020931,0.18495075878229714,4.904421208077377e-4,0.003039661650468065
ENSG00000221978,CCNL2,CCNL2,protein_coding,4127.391734327701,0.26219092783643977,0.07769319530190047,4.90615239188187e-4,0.003039661650468065
ENSG00000123179,EBPL,EBPL,protein_coding,349.4626103960295,0.4417269168725285,0.14041604442493397,4.908828748738869e-4,0.00303975533835706
ENSG00000063169,GLTSCR1,GLTSCR1,protein_coding,253.3890088035252,0.4244794785667959,0.13363097568210267,4.91895323817961e-4,0.0030446993411604338
ENSG00000164440,TXLNB,TXLNB,protein_coding,197.80255421608274,-0.721219250801829,0.25871871476390823,4.934835746330937e-4,0.003053201550926979
ENSG00000249992,TMEM158,TMEM158,protein_coding,489.76567543725946,-0.5359748057806349,0.1787622383376271,4.953689255537721e-4,0.003063533737859502
ENSG00000254893,RP11-466P24.2,RP11-466P24.2,pseudogene,1929.2818083755383,0.36142540349402025,0.11163499361153263,4.964612878226043e-4,0.0030689549578395148
ENSG00000263563,UBBP4,UBBP4,protein_coding,391.73796691248947,-0.40793023312150867,0.12803980575776272,4.995199239498269e-4,0.0030865210244406336
ENSG00000106723,SPIN1,SPIN1,protein_coding,1932.374280138065,-0.30794910742750903,0.09330446826131232,5.008500026185707e-4,0.0030933957608539077
ENSG00000154545,MAGED4,MAGED4,protein_coding,1063.9541396385068,-0.3551483315833264,0.1096303455092552,5.024603874299553e-4,0.0031007336708533586
ENSG00000187607,ZNF286A,ZNF286A,protein_coding,168.50754794952826,-0.48219061973206717,0.1558580349007317,5.024740657562564e-4,0.0031007336708533586
ENSG00000102445,KIAA0226L,KIAA0226L,protein_coding,85.49805266560149,-0.6844037089624235,0.236773834824799,5.032935718386739e-4,0.0031044439574298773
ENSG00000100813,ACIN1,ACIN1,protein_coding,4240.729716969914,-0.2925558324413496,0.08827262168994456,5.071593944032187e-4,0.003126933344599646
ENSG00000120217,CD274,CD274,protein_coding,117.37438987370042,-0.6823575554568576,0.23893078526460257,5.075427735421768e-4,0.0031279412525406945
ENSG00000153707,PTPRD,PTPRD,protein_coding,1082.334754877144,-0.3116815276226409,0.0947197126035694,5.079375822321415e-4,0.0031290186962624426
ENSG00000164949,GEM,GEM,protein_coding,2014.9538157756338,0.45302175848058407,0.14600040123401734,5.086421512325492e-4,0.003130647321130151
ENSG00000168172,HOOK3,HOOK3,protein_coding,1363.220314642778,0.28702430960011305,0.08674997000990042,5.085037058119157e-4,0.003130647321130151
ENSG00000124788,ATXN1,ATXN1,protein_coding,1398.5039153479468,-0.3788147256951645,0.11831942581661871,5.093796684465822e-4,0.0031324757475072137
ENSG00000135090,TAOK3,TAOK3,protein_coding,1364.4066995964704,0.33083516179220734,0.1011899286308712,5.092094170925396e-4,0.0031324757475072137
ENSG00000151617,EDNRA,EDNRA,protein_coding,152.7853127731209,-0.6999429233049497,0.2481493009087156,5.099821376574344e-4,0.003134825378582259
ENSG00000127314,RAP1B,RAP1B,protein_coding,3437.2193141473126,0.332873982733186,0.10190022356779878,5.10410541433175e-4,0.003136103473583361
ENSG00000112149,CD83,CD83,protein_coding,91.21096872263914,-0.623823807177238,0.2123969735453532,5.118358227560496e-4,0.003143502911434391
ENSG00000146278,PNRC1,PNRC1,protein_coding,2238.244785834572,0.4026119849757204,0.12721428209246066,5.147031225693105e-4,0.0031597484745040454
ENSG00000085982,USP40,USP40,protein_coding,1105.6710736063264,-0.28965690908659725,0.08748944773838974,5.155013515014866e-4,0.003163283530525084
ENSG00000150768,DLAT,DLAT,protein_coding,457.6301728090473,0.37367294113014715,0.11625472369662684,5.159127279764241e-4,0.003164442709243923
ENSG00000181481,RNF135,RNF135,protein_coding,393.4157696157986,0.4126605646575734,0.1289846660237284,5.164123578478791e-4,0.003166141973288031
ENSG00000187243,MAGED4B,MAGED4B,protein_coding,1064.67751192776,-0.3533294950511986,0.10940990933743572,5.192314024061252e-4,0.003182054057658218
ENSG00000164535,DAGLB,DAGLB,protein_coding,337.9635661694949,0.38174682293463225,0.11907182458506851,5.203943240336157e-4,0.003187807435423837
ENSG00000118508,RAB32,RAB32,protein_coding,691.6465639289057,-0.32956691491099604,0.10100524503114679,5.226882923438352e-4,0.003199104247116485
ENSG00000143164,DCAF6,DCAF6,protein_coding,2643.4947315230625,0.2976811436368846,0.09025967226255041,5.226525713210832e-4,0.003199104247116485
ENSG00000076604,TRAF4,TRAF4,protein_coding,246.48201893247034,-0.46977880788393717,0.15146198990661952,5.25915039874091e-4,0.003217469043943686
ENSG00000163818,LZTFL1,LZTFL1,protein_coding,465.8575002548751,-0.439066109382854,0.14091369841695978,5.33840177169285e-4,0.0032645497334720165
ENSG00000162441,LZIC,LZIC,protein_coding,359.057239904398,-0.40008228004047486,0.12624886448068948,5.363285027490559e-4,0.003278356950194487
ENSG00000073331,ALPK1,ALPK1,protein_coding,553.7892998097284,-0.3495511423997136,0.10844746197849148,5.369896366676974e-4,0.003280988226787512
ENSG00000108799,EZH1,EZH1,protein_coding,1339.1747116885942,0.31030743218422,0.09437896530628387,5.395812521429571e-4,0.0032954073552947283
ENSG00000136051,KIAA1033,KIAA1033,protein_coding,2093.160846467347,0.3209404028030144,0.09850530173167292,5.428491780173959e-4,0.0033139427931843093
ENSG00000176915,ANKLE2,ANKLE2,protein_coding,1398.6461358847384,0.28075752367811685,0.08507393385281889,5.478548589282895e-4,0.003343066286313166
ENSG00000107249,GLIS3,GLIS3,protein_coding,698.2116394257292,0.33632959986687644,0.10388205832513531,5.487410386034753e-4,0.0033457512744618353
ENSG00000171502,COL24A1,COL24A1,protein_coding,76.14758608613232,-0.7893168180675987,0.28715559574115707,5.48765306757555e-4,0.0033457512744618353
ENSG00000140526,ABHD2,ABHD2,protein_coding,1655.742710332077,0.38075547798150106,0.11956455635428005,5.517054590694657e-4,0.003362235839676127
ENSG00000087338,GMCL1,GMCL1,protein_coding,316.34699553751796,0.3996257381649605,0.1260556736634074,5.525830159173035e-4,0.0033661416781189404
ENSG00000132463,GRSF1,GRSF1,protein_coding,1692.1641050891592,0.3081125212599774,0.09479649580872315,5.532691597258365e-4,0.0033683897462900613
ENSG00000240771,ARHGEF25,ARHGEF25,protein_coding,567.9947663086576,0.3458263767726797,0.10684604144801352,5.534256775224883e-4,0.0033683897462900613
ENSG00000204406,MBD5,MBD5,protein_coding,568.6822497090802,-0.388890217640696,0.1222842525747659,5.545257149990246e-4,0.0033736414756826883
ENSG00000157538,DSCR3,DSCR3,protein_coding,1700.9483550286964,0.3270763794813007,0.10060785210559836,5.555530535555963e-4,0.003378446615551433
ENSG00000166450,PRTG,PRTG,protein_coding,59.748368259454935,-0.837131512912604,0.30992448219173035,5.601931619875674e-4,0.003405208348765452
ENSG00000135801,TAF5L,TAF5L,protein_coding,322.1077109027499,0.3847883759925938,0.12134836276929425,5.614086444878602e-4,0.0034111390684302962
ENSG00000085563,ABCB1,ABCB1,protein_coding,98.67000104597466,-0.63987457966304,0.22173238244608842,5.64904520054577e-4,0.0034309145573254924
ENSG00000110047,EHD1,EHD1,protein_coding,2046.1235876245642,0.37234296924545235,0.11772583923755081,5.661569713869776e-4,0.003437053675206304
ENSG00000168010,ATG16L2,ATG16L2,protein_coding,227.40830740652626,-0.45731866082392436,0.14838813425532726,5.699250600172901e-4,0.0034584530945759103
ENSG00000149809,TM7SF2,TM7SF2,protein_coding,104.25235813630147,0.6632768961841519,0.23348147624347007,5.836145776207477e-4,0.0035400143932100272
ENSG00000135847,ACBD6,ACBD6,protein_coding,684.8600859275599,-0.3255044456305631,0.09956457473348852,5.9079033646642e-4,0.003582012679411065
ENSG00000146386,ABRACL,ABRACL,protein_coding,168.8839095411522,0.5076651273968172,0.16876196961262102,5.916325464927325e-4,0.0035855906865413832
ENSG00000140416,TPM1,TPM1,protein_coding,4027.694908668053,0.48501940399460153,0.1619918843989226,5.923290667489935e-4,0.003588283068755402
ENSG00000225313,RP11-415J8.3,RP11-415J8.3,antisense,30.22364975839348,0.9611102555416271,0.36283910975801326,5.945171424291605e-4,0.003600005037851162
ENSG00000038427,VCAN,VCAN,protein_coding,8612.072742203392,-0.35566228723619714,0.11270654317305576,5.957418835616288e-4,0.0036058861922470676
ENSG00000198890,PRMT6,PRMT6,protein_coding,207.5301180990911,-0.4890443706009521,0.1617853868889035,5.970700002609809e-4,0.0036123877855007195
ENSG00000049089,COL9A2,COL9A2,protein_coding,68.45712982140316,-0.6730368251500772,0.2369256184426926,6.020133200898593e-4,0.0036407472214958158
ENSG00000135823,STX6,STX6,protein_coding,809.79658481215,0.4057062703313899,0.13065104158527835,6.034771944727323e-4,0.0036478819441453673
ENSG00000196914,ARHGEF12,ARHGEF12,protein_coding,5886.447566886757,0.28741585775916834,0.08787807584144447,6.037059966618528e-4,0.0036478819441453673
ENSG00000114735,HEMK1,HEMK1,protein_coding,362.7747197061166,-0.4378800923236561,0.14187207628676946,6.121323041623104e-4,0.0036972271313820398
ENSG00000183087,GAS6,GAS6,protein_coding,11305.476197578317,0.3147265905898478,0.09703407845945153,6.129561494068503e-4,0.0037006316931931403
ENSG00000142459,EVI5L,EVI5L,protein_coding,572.4484165251052,-0.3498486951801938,0.10966141129444856,6.136305689012303e-4,0.003703131613089138
ENSG00000112096,SOD2,SOD2,protein_coding,14777.38912370405,0.5109753754332339,0.17281080091749032,6.147900090776794e-4,0.0037085551692624735
ENSG00000120889,TNFRSF10B,TNFRSF10B,protein_coding,2456.019546029639,-0.31162772291459506,0.09614064186200136,6.165603295140825e-4,0.0037161201374152387
ENSG00000137269,LRRC1,LRRC1,protein_coding,99.88414519062678,0.5848767107485945,0.20046587805256375,6.165666144755318e-4,0.0037161201374152387
ENSG00000123636,BAZ2B,BAZ2B,protein_coding,636.8428947527157,-0.35407531308580675,0.11119144239045775,6.190334478144972e-4,0.00372940777709166
ENSG00000148153,INIP,INIP,protein_coding,377.95174735295353,-0.37159993821149945,0.11733399134925288,6.251941411802475e-4,0.00376492864697199
ENSG00000103479,RBL2,RBL2,protein_coding,2348.784297015923,0.3000250102867188,0.092501829111582,6.272792173810833e-4,0.0037758864105072064
ENSG00000104320,NBN,NBN,protein_coding,753.5942658591621,-0.33148770418474977,0.10341260145567974,6.290664348591078e-4,0.003784997898394253
ENSG00000187479,C11orf96,C11orf96,protein_coding,42.992664592865054,0.9116678477738038,0.3471485899122063,6.29325086452644e-4,0.003784997898394253
ENSG00000089006,SNX5,SNX5,protein_coding,2163.498315754006,0.3586986132451003,0.11301419596153434,6.298664064011313e-4,0.0037851828951787035
ENSG00000128908,INO80,INO80,protein_coding,1094.9046160342994,0.3336776887825581,0.1040869688734349,6.298880703661411e-4,0.0037851828951787035
ENSG00000144747,TMF1,TMF1,protein_coding,1058.8466796603466,0.2881785146709946,0.08848248705038872,6.352350970425513e-4,0.0038157027112893796
ENSG00000169418,NPR1,NPR1,protein_coding,83.88667170538828,0.6495096338359404,0.2284981844240551,6.35790066155061e-4,0.003817424187838577
ENSG00000112561,TFEB,TFEB,protein_coding,75.63640239119276,-0.6910806583270296,0.24677044705810325,6.373660213869344e-4,0.0038252718515644534
ENSG00000133321,RARRES3,RARRES3,protein_coding,428.0331422626044,-0.5185855652758935,0.17572035001925837,6.381809629714811e-4,0.003826933396840787
ENSG00000171105,INSR,INSR,protein_coding,674.2939377887232,0.4629367224729257,0.15303152153100827,6.380813041867793e-4,0.003826933396840787
ENSG00000188227,ZNF793,ZNF793,protein_coding,55.48777279433969,-0.808175342463322,0.30052461387043244,6.395550223510989e-4,0.0038335569481340206
ENSG00000221926,TRIM16,TRIM16,protein_coding,152.89132746464588,-0.5478624454626914,0.18663273099829653,6.423105608644014e-4,0.0038484521557435743
ENSG00000164031,DNAJB14,DNAJB14,protein_coding,1135.132508129047,0.2987417533329122,0.09222843822061068,6.466314489816267e-4,0.003872709781185119
ENSG00000079150,FKBP7,FKBP7,protein_coding,666.5785673562032,-0.3293746190589557,0.10287734677673888,6.474994864714183e-4,0.003876276387024181
ENSG00000134575,ACP2,ACP2,protein_coding,503.277280025226,0.35235058942889963,0.10984755718053091,6.506173972483939e-4,0.003893303263971879
ENSG00000153993,SEMA3D,SEMA3D,protein_coding,712.7374638923769,-0.5132233929262023,0.17420370612645344,6.550096368171628e-4,0.00391793821450266
ENSG00000254701,RP11-1415C14.4,RP11-1415C14.4,pseudogene,113.50774594622726,-0.5809841603523117,0.2012231099899878,6.623487297590391e-4,0.003960171640223864
ENSG00000164506,STXBP5,STXBP5,protein_coding,1197.7168556673714,0.3353649600137515,0.10515226271300804,6.633814762339531e-4,0.003964679881492332
ENSG00000207561,MIR635,MIR635,miRNA,80.48533453580058,0.6353414289640054,0.22388531310246013,6.672636731507951e-4,0.0039862068403598945
ENSG00000114209,PDCD10,PDCD10,protein_coding,468.98645251718574,0.3718525331317642,0.11823368779969916,6.680491450338899e-4,0.003989223777901785
ENSG00000155085,AK9,AK9,protein_coding,136.11726616620936,-0.5487445392455318,0.18762765063146372,6.69283863867926e-4,0.003994919714501628
ENSG00000100003,SEC14L2,SEC14L2,protein_coding,169.57104797434192,0.4814283186365882,0.16018274088998655,6.707405743373638e-4,0.00400082690177719
ENSG00000184517,ZFP1,ZFP1,protein_coding,181.0356170738165,-0.4623338094943157,0.15260111718072425,6.708360630440523e-4,0.00400082690177719
ENSG00000180354,MTURN,MTURN,protein_coding,1299.4228243964264,0.39454218629812465,0.1272632977904402,6.730628396027039e-4,0.0040124249080087425
ENSG00000150995,ITPR1,ITPR1,protein_coding,2485.0718477455293,0.43683087886902244,0.1425001687809941,6.75935557974842e-4,0.004027862327873545
ENSG00000204842,ATXN2,ATXN2,protein_coding,1333.3181960359655,0.35125722199539633,0.11122794304834532,6.774679510067473e-4,0.004035303239162468
ENSG00000206561,COLQ,COLQ,protein_coding,35.85072413328205,-0.9046723409936928,0.34411817890912166,6.791996962625359e-4,0.00404223283666875
ENSG00000267121,CTD-2020K17.1,CTD-2020K17.1,antisense,51.90849369347856,-0.8277635439052354,0.31150844703635117,6.79067170270097e-4,0.00404223283666875
ENSG00000004975,DVL2,DVL2,protein_coding,996.0719293196172,-0.3087710542741412,0.09626546421395554,6.796119185746688e-4,0.004042994533586821
ENSG00000077549,CAPZB,CAPZB,protein_coding,5102.367098845743,0.24734269952398652,0.0753360515564022,6.801457958018504e-4,0.0040444790131628425
ENSG00000174791,RIN1,RIN1,protein_coding,201.07041507496024,-0.49383618476356655,0.1658802236719097,6.809774865076008e-4,0.004047732456366116
ENSG00000121417,ZNF211,ZNF211,protein_coding,193.85904828846182,-0.4886379751200883,0.16373501807626326,6.829492566707138e-4,0.004057756987002604
ENSG00000116406,EDEM3,EDEM3,protein_coding,1683.5295149043272,0.3305172105530614,0.10349874454997339,6.841450815954752e-4,0.004063164776874338
ENSG00000178038,ALS2CL,ALS2CL,protein_coding,34.99904157585773,-0.9294794798375428,0.3560960719668585,6.875196041489075e-4,0.004081502023962463
ENSG00000162618,ELTD1,ELTD1,protein_coding,186.78538520792458,-0.48092771626422426,0.16130210317127067,6.897038628335708e-4,0.004092760844782942
ENSG00000109472,CPE,CPE,protein_coding,8700.192725283609,-0.24229152359227776,0.07353582408340133,6.956036467960698e-4,0.0041260493211123005
ENSG00000196912,ANKRD36B,ANKRD36B,pseudogene,267.52180275966697,-0.4123969510839388,0.13406420737959532,6.976530119901655e-4,0.004136480384555279
ENSG00000173905,GOLIM4,GOLIM4,protein_coding,2560.3760449800043,-0.2739558997366216,0.08506663976691563,7.045428688443207e-4,0.004175590736017341
ENSG00000157954,WIPI2,WIPI2,protein_coding,2048.5167295155184,0.30442261601570875,0.09447515165961888,7.07821998162075e-4,0.004193277843339173
ENSG00000126524,SBDS,SBDS,protein_coding,1830.578028923835,0.3407045029891988,0.10793270929399308,7.096349202366539e-4,0.004197025823470339
ENSG00000130921,C12orf65,C12orf65,protein_coding,309.93886355443186,-0.3861524250549245,0.12426035191004102,7.09506415614886e-4,0.004197025823470339
ENSG00000149260,CAPN5,CAPN5,protein_coding,1381.7164126371636,-0.324799110398727,0.10242612158639515,7.088852208523654e-4,0.004197025823470339
ENSG00000231574,RP11-91K9.1,RP11-91K9.1,lincRNA,40.97697216229237,0.9317340148167843,0.36480739227941034,7.090666738591473e-4,0.004197025823470339
ENSG00000197594,ENPP1,ENPP1,protein_coding,666.70510918109,1.0315762584727621,0.42807519375481884,7.113286311307505e-4,0.004205294451040647
ENSG00000114251,WNT5A,WNT5A,protein_coding,4408.214979472167,-0.4249829566688698,0.13992035125975122,7.120108774441639e-4,0.00420757902815363
ENSG00000105339,DENND3,DENND3,protein_coding,549.7636837080702,0.3457680161001432,0.10974839973810539,7.128709054764375e-4,0.004210911860256166
ENSG00000103257,SLC7A5,SLC7A5,protein_coding,405.9068499354292,-1.0259298650905155,0.4266383654322942,7.166768279980831e-4,0.004231636032148084
ENSG00000166448,TMEM130,TMEM130,protein_coding,227.2374014157044,-0.5523462702953519,0.1919905323990428,7.193112440618351e-4,0.004245428686944209
ENSG00000111321,LTBR,LTBR,protein_coding,3121.570911646185,0.2512747010860816,0.07729211358106974,7.205220442326762e-4,0.0042503219020665365
ENSG00000162636,FAM102B,FAM102B,protein_coding,707.4265550368041,-0.39809623074297334,0.12949975403463376,7.207379378363671e-4,0.0042503219020665365
ENSG00000132334,PTPRE,PTPRE,protein_coding,80.3421614932822,0.9235051108861086,0.37515879901507504,7.238922581465966e-4,0.004265386694232473
ENSG00000155760,FZD7,FZD7,protein_coding,1726.2084338612424,-0.42729998293775207,0.14177576522594496,7.236405497081311e-4,0.004265386694232473
ENSG00000111203,ITFG2,ITFG2,protein_coding,275.8596946992948,-0.40885764274090075,0.13326016838228327,7.276804322880687e-4,0.004285932285244509
ENSG00000168175,MAPK1IP1L,MAPK1IP1L,protein_coding,1283.2559540766279,0.2940057405003462,0.0917385395749767,7.295105847037485e-4,0.004294933177494254
ENSG00000135480,KRT7,KRT7,protein_coding,178.7667473930683,0.8356128587959307,0.3361747438507958,7.316035091424843e-4,0.004305473030220395
ENSG00000173535,TNFRSF10C,TNFRSF10C,protein_coding,127.97074558688972,-0.7308265404574403,0.27500637660245486,7.357016025070385e-4,0.004327799666691528
ENSG00000133106,EPSTI1,EPSTI1,protein_coding,215.63618987320936,0.5546966448229186,0.193015703958637,7.361415423368948e-4,0.004328597477552704
ENSG00000117410,ATP6V0B,ATP6V0B,protein_coding,654.873335264099,0.32965167700328063,0.10409113709615467,7.365266088715656e-4,0.004329072101069896
ENSG00000159346,ADIPOR1,ADIPOR1,protein_coding,1630.9976323849157,0.324346158768684,0.10236312282550687,7.373623983764734e-4,0.004332194446306055
ENSG00000198416,CTD-2173L22.4,CTD-2173L22.4,pseudogene,97.17010380817513,-0.6097403915437294,0.21586094403579054,7.390806101392955e-4,0.004340496531222683
ENSG00000162976,PQLC3,PQLC3,protein_coding,632.5376318581208,0.33664914814227076,0.10673601189015364,7.397512878302344e-4,0.0043426423103991975
ENSG00000088854,C20orf194,C20orf194,protein_coding,1557.490677819115,0.2906015810450299,0.09059281306971408,7.421816194347485e-4,0.004353316022614376
ENSG00000166171,DPCD,DPCD,protein_coding,216.78193355830507,-0.44171789594072974,0.14611562244718748,7.420463451687845e-4,0.004353316022614376
ENSG00000188827,SLX4,SLX4,protein_coding,237.87184666526565,-0.4462175928588508,0.14624475678877533,7.432187515266802e-4,0.004357602440937964
ENSG00000130511,SSBP4,SSBP4,protein_coding,627.3006112558326,-0.34748043275269086,0.11082862211006204,7.442871753364143e-4,0.004362068719400559
ENSG00000204160,ZDHHC18,ZDHHC18,protein_coding,479.4181998086084,0.3395408100618713,0.10775038252851492,7.475602310418033e-4,0.004379446757141108
ENSG00000134202,GSTM3,GSTM3,protein_coding,779.9574336478923,-0.31723310921765174,0.10003199539064289,7.4957505163879e-4,0.004389442377319946
ENSG00000182263,FIGN,FIGN,protein_coding,171.41284821407302,-0.4842954590975296,0.16292740857422866,7.529236901497785e-4,0.0044072372710660295
ENSG00000164164,OTUD4,OTUD4,protein_coding,1527.2215381464591,0.34588267428300035,0.11026711091181905,7.546129011566275e-4,0.004415308065015167
ENSG00000063660,GPC1,GPC1,protein_coding,4479.014716057804,-0.3871544034514109,0.12611113518891287,7.554418520715032e-4,0.0044183408321813574
ENSG00000138193,PLCE1,PLCE1,protein_coding,334.7962989414016,0.3953302962284103,0.12850621589957156,7.59120801861324e-4,0.004436209649003892
ENSG00000244586,WNT5A-AS1,WNT5A-AS1,antisense,73.95768893495739,-0.874760870312319,0.34776874737584207,7.59032197014535e-4,0.004436209649003892
ENSG00000157107,FCHO2,FCHO2,protein_coding,864.5557741560644,0.33211514055951163,0.10536120632443055,7.604472936328992e-4,0.004438403856259249
ENSG00000175416,CLTB,CLTB,protein_coding,911.7382426006261,0.32000686215111773,0.1010122145960906,7.606593135911377e-4,0.004438403856259249
ENSG00000235863,B3GALT4,B3GALT4,protein_coding,180.003832152779,0.4815582709346934,0.16225173353705108,7.607444179949414e-4,0.004438403856259249
ENSG00000236438,FAM157A,FAM157A,lincRNA,73.42290812210885,-0.6845786760433321,0.2502970412896388,7.599098769198627e-4,0.004438403856259249
ENSG00000148339,SLC25A25,SLC25A25,protein_coding,307.78554044191077,0.404933541190644,0.1325088426301323,7.610994419464618e-4,0.004438654556066615
ENSG00000171456,ASXL1,ASXL1,protein_coding,2110.9967098123284,0.2809059595188907,0.08735453242280827,7.616807765058226e-4,0.004440224329925746
ENSG00000105771,SMG9,SMG9,protein_coding,586.05334202559,-0.32803158847706215,0.1044764647732915,7.664700304060866e-4,0.004466312868699785
ENSG00000146555,SDK1,SDK1,protein_coding,931.6750023323859,-0.33777399153858345,0.10737573596222702,7.698703840221852e-4,0.004483215927113996
ENSG00000180957,PITPNB,PITPNB,protein_coding,1125.3135102129438,0.302180075471942,0.09486040593210517,7.700011607100318e-4,0.004483215927113996
ENSG00000105186,ANKRD27,ANKRD27,protein_coding,544.4301970861466,0.34344511360181845,0.10944990891691427,7.706515151337759e-4,0.004485166592169734
ENSG00000095319,NUP188,NUP188,protein_coding,986.7369351298775,-0.29689930333248654,0.09324076499544885,7.717352487237861e-4,0.004489636882555065
ENSG00000114948,ADAM23,ADAM23,protein_coding,580.7025078060819,0.42243623982123507,0.1393802370539732,7.738970335918829e-4,0.00450037261071584
ENSG00000116604,MEF2D,MEF2D,protein_coding,1655.7587187785891,0.3054215836167253,0.09612216379472667,7.782482944395137e-4,0.004523826620395441
ENSG00000034533,ASTE1,ASTE1,protein_coding,105.7850969398257,-0.5923491153539999,0.20969699500969144,7.786821346489089e-4,0.004524499462110327
ENSG00000153132,CLGN,CLGN,protein_coding,160.40857912131835,-0.5795566092958945,0.20391303222649795,7.84506517438045e-4,0.004556480483478462
ENSG00000163611,SPICE1,SPICE1,protein_coding,199.19876929917388,-0.4587499353914924,0.15440789627966175,7.860891515514077e-4,0.004563809017007031
ENSG00000198818,SFT2D1,SFT2D1,protein_coding,459.5887799855351,0.3405103716110015,0.10867699867298382,7.882617549038504e-4,0.004574555365872039
ENSG00000163820,FYCO1,FYCO1,protein_coding,4020.1218805348544,-0.36629438409103465,0.11923084113702254,7.931508507514079e-4,0.00459917558136487
ENSG00000186854,TRABD2A,TRABD2A,protein_coding,110.82885796100993,-0.6334791385133735,0.22800792254216506,7.931064395617757e-4,0.00459917558136487
ENSG00000139687,RB1,RB1,protein_coding,1192.7580467331275,0.2935682666320993,0.09162206464170901,7.945623540656985e-4,0.004605482854209655
ENSG00000254470,AP5B1,AP5B1,protein_coding,116.29225694931704,0.5986434808816095,0.2128603597219072,7.95228353867743e-4,0.004607465623386874
ENSG00000013573,DDX11,DDX11,protein_coding,215.72651187836286,-0.4600495583545914,0.15491251914752593,8.004617955739207e-4,0.004635899259056778
ENSG00000166292,TMEM100,TMEM100,protein_coding,38.60025996440406,1.0614969745802416,0.4451268823436575,8.011819043781876e-4,0.0046381812811865444
ENSG00000010322,NISCH,NISCH,protein_coding,2576.8852584021033,-0.260053732372277,0.0810497572116908,8.056155529588819e-4,0.004661885018040324
ENSG00000132002,DNAJB1,DNAJB1,protein_coding,1554.3576160333055,-0.29973508354697437,0.0944221757591919,8.059318939370892e-4,0.004661885018040324
ENSG00000183291,SEP15,SEP15,protein_coding,3208.142693054803,0.3543758883572369,0.1135672884402479,8.071424679605793e-4,0.004666989619622471
ENSG00000130707,ASS1,ASS1,protein_coding,1199.2486189192173,-0.38260420690344055,0.12485445142088154,8.078805979947645e-4,0.004669359457894161
ENSG00000196150,ZNF250,ZNF250,protein_coding,151.62875376401198,-0.5180612858794714,0.17880965956211545,8.094258212772926e-4,0.004676390285072384
ENSG00000168769,TET2,TET2,protein_coding,346.7145989414026,-0.4448712676266938,0.14942708887773126,8.129737512579134e-4,0.0046949811765702645
ENSG00000151229,SLC2A13,SLC2A13,protein_coding,390.58992687777464,0.37373845660506333,0.12145436639214406,8.170932810120743e-4,0.00471685666766061
ENSG00000005249,PRKAR2B,PRKAR2B,protein_coding,298.9782127759623,0.5222849736253071,0.1820981134715584,8.180174400865255e-4,0.00472027588957028
ENSG00000204520,MICA,MICA,protein_coding,386.4934782811926,-0.3567421826112348,0.11513116144998778,8.243885182067143e-4,0.0047551104148306185
ENSG00000184922,FMNL1,FMNL1,protein_coding,344.07239075216216,-0.41506981453642333,0.13664487241564213,8.326827867634217e-4,0.0048010052529075435
ENSG00000243156,MICAL3,MICAL3,protein_coding,362.4647793786164,-0.5398523471116593,0.19087038417443444,8.34653613287428e-4,0.004810418555672762
ENSG00000103642,LACTB,LACTB,protein_coding,472.33467332068756,0.3820705664673277,0.12494099966650542,8.404720164488798e-4,0.004841990264061914
ENSG00000152484,USP12,USP12,protein_coding,847.2615165425757,0.4383519355696129,0.14655568274330041,8.417201900903071e-4,0.004847217807224506
ENSG00000070495,JMJD6,JMJD6,protein_coding,292.3703597419059,0.4152824889837592,0.1379467058180179,8.430841952247102e-4,0.004853107888658955
ENSG00000104332,SFRP1,SFRP1,protein_coding,14144.229356889407,0.43218084738527995,0.14604991536618137,8.556292836468251e-4,0.0049213388316184555
ENSG00000167114,SLC27A4,SLC27A4,protein_coding,399.12297257622845,0.4019851402146858,0.13288682437200833,8.55622036539599e-4,0.0049213388316184555
ENSG00000177272,KCNA3,KCNA3,protein_coding,41.75450626174749,-1.0594078361433161,0.45723839698178653,8.574664027875928e-4,0.004929911929365691
ENSG00000117724,CENPF,CENPF,protein_coding,127.2389985672208,-0.5800282690151474,0.20711764439265318,8.604126347446166e-4,0.0049448522491343135
ENSG00000031823,RANBP3,RANBP3,protein_coding,1533.4094478013797,-0.369596692152715,0.12084234227604153,8.614667623369803e-4,0.004948910835008565
ENSG00000231632,RP11-82L18.4,RP11-82L18.4,lincRNA,208.23052446104398,0.49224802455817623,0.16970237655310513,8.663403282802923e-4,0.0049748990026075406
ENSG00000060762,MPC1,MPC1,protein_coding,302.91895792427266,0.39912087702247334,0.13167787885311985,8.67188504709204e-4,0.004977760004432493
ENSG00000224468,RP11-181K3.4,RP11-181K3.4,antisense,32.20508999122073,0.9216546541369941,0.3664896586613698,8.706510754134604e-4,0.004995619563001637
ENSG00000180992,MRPL14,MRPL14,protein_coding,341.5859971248154,-0.41022617592722,0.13625574964012707,8.712974223672186e-4,0.004995625183452205
ENSG00000196116,TDRD7,TDRD7,protein_coding,342.2632328806526,0.41537616587309123,0.136858298396901,8.713544769505709e-4,0.004995625183452205
ENSG00000179294,C17orf96,C17orf96,protein_coding,38.715910464291184,0.8484808548244797,0.33116469889971,8.725746395312587e-4,0.005000605025258913
ENSG00000124198,ARFGEF2,ARFGEF2,protein_coding,1635.5432085102784,0.2905877782143586,0.09148314781970401,8.74423581010811e-4,0.00500918284989842
ENSG00000204592,HLA-E,HLA-E,protein_coding,10450.02330367272,0.27899516419727405,0.08797862677130831,8.759205565077323e-4,0.005015738323577289
ENSG00000152223,EPG5,EPG5,protein_coding,3263.9044508790194,0.3152281059808792,0.10106923580454014,8.833508864031893e-4,0.005054632735010317
ENSG00000179082,C9orf106,C9orf106,processed_transcript,29.56343057254631,-0.9639167401988571,0.3869031061688102,8.834235784052058e-4,0.005054632735010317
ENSG00000022840,RNF10,RNF10,protein_coding,2675.477859413609,0.25214862881073663,0.07913796620121032,8.853431382869908e-4,0.005063578930033839
ENSG00000012660,ELOVL5,ELOVL5,protein_coding,2390.9010514759957,0.35897018434992173,0.11762360706079428,8.865918663835809e-4,0.005065319738119442
ENSG00000106348,IMPDH1,IMPDH1,protein_coding,850.7015309742727,0.37752772781614063,0.12409860244894035,8.86422737455638e-4,0.005065319738119442
ENSG00000112062,MAPK14,MAPK14,protein_coding,1284.2675133324365,0.2768216417855464,0.08730435453852843,8.867158427950934e-4,0.005065319738119442
ENSG00000159082,SYNJ1,SYNJ1,protein_coding,451.36257408703915,-0.3681014296342368,0.12033592810804832,8.87765398242514e-4,0.005067245194462889
ENSG00000161010,C5orf45,C5orf45,protein_coding,630.950506809051,-0.3670868643015261,0.12005995505085798,8.875626111518345e-4,0.005067245194462889
ENSG00000168209,DDIT4,DDIT4,protein_coding,655.3163596439897,0.477291214207673,0.1650954862927997,8.89135519947943e-4,0.005073029938122559
ENSG00000167969,ECI1,ECI1,protein_coding,391.87182446317985,0.4045351946743914,0.13434267724343615,8.89722636424067e-4,0.005074344338611038
ENSG00000104886,PLEKHJ1,PLEKHJ1,protein_coding,483.18963935633207,0.3641357753818591,0.11879949772297847,8.938062318765927e-4,0.0050955911191233084
ENSG00000102317,RBM3,RBM3,protein_coding,3201.084081736408,0.30832241381469466,0.0983901425767557,8.961309187930951e-4,0.005106797351327318
ENSG00000110218,PANX1,PANX1,protein_coding,726.1724488440515,0.30599790732308285,0.09824813195767076,8.993877397229553e-4,0.005123304449266846
ENSG00000110811,LEPREL2,LEPREL2,polymorphic_pseudogene,1326.6986766093485,-0.31751179946435043,0.10196836715546373,8.999657118932039e-4,0.005124544550027595
ENSG00000141452,C18orf8,C18orf8,protein_coding,297.3687378256405,0.45938846774620284,0.15701512983135948,9.014326480681495e-4,0.005130843531861288
ENSG00000153162,BMP6,BMP6,protein_coding,133.03089966885094,0.7222003408657038,0.2778441002784196,9.049010073738849e-4,0.0051485247715544556
ENSG00000103994,ZNF106,ZNF106,protein_coding,11082.290836528486,0.4124715553149156,0.13941308245012463,9.083286166277885e-4,0.005165960113120217
ENSG00000183775,KCTD16,KCTD16,protein_coding,76.09096054509608,-0.8545389695285212,0.34997058114932017,9.100072765762346e-4,0.005173438649888233
ENSG00000171817,ZNF540,ZNF540,protein_coding,33.29299086112256,-0.9342605308564076,0.37680031952387644,9.132018932136309e-4,0.005189526060355847
ENSG00000213024,NUP62,NUP62,protein_coding,573.2184320470525,-0.3189415556940519,0.10221575290777675,9.157238048666205e-4,0.005201779313267895
ENSG00000118579,MED28,MED28,protein_coding,1131.3682238798183,0.3269239272553689,0.10545557557031703,9.24344446951396e-4,0.0052486528596553525
ENSG00000145907,G3BP1,G3BP1,protein_coding,2902.059991759256,0.27095083347315035,0.08568330447038208,9.281886507977869e-4,0.00526837804028241
ENSG00000130164,LDLR,LDLR,protein_coding,922.0591313582801,0.5168265607131104,0.1835514221366295,9.334130589166417e-4,0.005295918368580101
ENSG00000106538,RARRES2,RARRES2,protein_coding,2369.485468418978,-0.3386897039791532,0.11028630516455779,9.42212197049153e-4,0.00534371064227558
ENSG00000108175,ZMIZ1,ZMIZ1,protein_coding,3634.0387781948402,-0.36068269748375814,0.11864700327128208,9.428859574177798e-4,0.005345400501518733
ENSG00000171135,JAGN1,JAGN1,protein_coding,467.94194267969885,0.34847024802021964,0.11358543471417293,9.434998938887861e-4,0.0053467499962845
ENSG00000184939,ZFP90,ZFP90,protein_coding,762.6573473291645,-0.3144694846095128,0.10137588516088271,9.490954351978607e-4,0.005376317590702656
ENSG00000142794,NBPF3,NBPF3,protein_coding,973.0849664046833,0.4087704088077174,0.13726826435496498,9.501799421329074e-4,0.005379662874032857
ENSG00000160766,GBAP1,GBAP1,pseudogene,708.2999711567973,-0.29916105840004903,0.09652056772320966,9.504424073709625e-4,0.005379662874032857
ENSG00000119943,PYROXD2,PYROXD2,protein_coding,228.66259646825196,-0.4936193387193422,0.17324136887794706,9.607778229424349e-4,0.005435999901962289
ENSG00000050393,MCUR1,MCUR1,protein_coding,563.2784554531705,0.3563386357472949,0.11688946355329495,9.635863549744907e-4,0.005449722589724515
ENSG00000181904,C5orf24,C5orf24,protein_coding,1285.6300944880581,0.2783741917397308,0.08829981483806415,9.646722887065655e-4,0.005453695800700392
ENSG00000120705,ETF1,ETF1,protein_coding,2923.489216643764,0.26584256040461807,0.08415217981745698,9.67259972750372e-4,0.005466152503933767
ENSG00000164051,CCDC51,CCDC51,protein_coding,289.38855904934763,0.4077442052006835,0.13662686240983984,9.678137299867245e-4,0.0054671098075183356
ENSG00000198814,GK,GK,protein_coding,347.7536273010324,0.5861520149440997,0.2158998511132601,9.683672684613069e-4,0.005468065115757693
ENSG00000100490,CDKL1,CDKL1,protein_coding,266.5153924986016,0.4248398830852761,0.14381241688969873,9.711804149091419e-4,0.005481773897487156
ENSG00000076344,RGS11,RGS11,protein_coding,218.1329676121136,0.45007148280085035,0.15419001952730108,9.738024896865322e-4,0.0054943937379219486
ENSG00000224124,POM121L10P,POM121L10P,pseudogene,46.38519096763906,1.0439723114670696,0.465297990124994,9.75317655584437e-4,0.005500760639584866
ENSG00000111224,PARP11,PARP11,protein_coding,248.03341685963773,-0.4117311900637708,0.1383302858180832,9.817467103254384e-4,0.0055348256867495185
ENSG00000171097,CCBL1,CCBL1,protein_coding,68.36684859931584,-0.6614437836079617,0.2469715620067528,9.845893492196943e-4,0.005548652497345852
ENSG00000198964,SGMS1,SGMS1,protein_coding,1249.4547567144405,-0.31383422259963883,0.10205793342171635,9.852061444000524e-4,0.005549929583345087
ENSG00000260852,FBXL19-AS1,FBXL19-AS1,antisense,104.08890834404188,-0.5662540813300261,0.2039565016420176,9.857166143427897e-4,0.00555060693682179
ENSG00000138002,IFT172,IFT172,protein_coding,545.3402116256237,-0.3423393494120741,0.11200722330091081,9.965982604289785e-4,0.0056096611224146385
ENSG00000189077,TMEM120A,TMEM120A,polymorphic_pseudogene,438.98637006597,0.3442755478588879,0.11270216405693724,9.991342689396098e-4,0.00562171117143869
ENSG00000145022,TCTA,TCTA,protein_coding,506.69803141992276,0.3390482282908469,0.11056843176832648,0.0010032621045322216,0.005642704695478972
ENSG00000178605,GTPBP6,GTPBP6,protein_coding,380.35238417178556,0.35029251230460345,0.11500470595947755,0.001007004161360846,0.005661512723793153
ENSG00000099365,STX1B,STX1B,protein_coding,84.31550081031216,-0.5857670022305449,0.2129131099857708,0.0010146533251439486,0.005702263491445091
ENSG00000196182,STK40,STK40,protein_coding,613.9512219122176,-0.3434671759644438,0.1126191164774571,0.0010171416601470376,0.005713990116086676
ENSG00000174574,AKIRIN1,AKIRIN1,protein_coding,907.9335921262053,0.2985016060097526,0.09597256891606577,0.0010228947709865917,0.005744040751090912
ENSG00000173674,EIF1AX,EIF1AX,protein_coding,1695.433167396086,0.281874656486568,0.09021691687849263,0.0010238883628225864,0.0057473512520870036
ENSG00000125746,EML2,EML2,protein_coding,530.2920994719755,0.38393834634708507,0.1283601315693628,0.0010281689150425345,0.005769102425074954
ENSG00000179899,PHC1P1,PHC1P1,pseudogene,848.9706702115119,-0.31021970618348976,0.10060308543097976,0.001028725546291091,0.005769949594023847
ENSG00000122376,FAM35A,FAM35A,protein_coding,447.3689610996586,0.34233006405297123,0.11226064553622737,0.001031478085965883,0.005783107723602176
ENSG00000198566,ZNF658B,ZNF658B,pseudogene,89.25396360384732,-0.613143883322073,0.22676356358073685,0.001034998544024017,0.00580055921599591
ENSG00000205937,RNPS1,RNPS1,protein_coding,979.1214621466688,0.2866587167847941,0.09232410566963264,0.0010451836240310914,0.005855333544000884
ENSG00000082397,EPB41L3,EPB41L3,protein_coding,531.7964178426184,-0.3735671541227112,0.12424533567493191,0.0010474094309521292,0.0058654928133319234
ENSG00000188158,NHS,NHS,protein_coding,482.9264088852442,-0.4298954336441077,0.14761321873057276,0.00104984569326098,0.005876822172744659
ENSG00000177432,NAP1L5,NAP1L5,protein_coding,132.47812303635953,-0.5123985012884948,0.18182820712395648,0.0010528020002997227,0.005891052577601596
ENSG00000196535,MYO18A,MYO18A,protein_coding,1293.0755868759557,-0.3393088501701486,0.11173193592669903,0.0010584213222360316,0.005920167081197528
ENSG00000183864,TOB2,TOB2,protein_coding,2350.73063087498,0.29308542971039114,0.09454388990509409,0.0010593455482189552,0.005920680187766766
ENSG00000247081,RP11-318M2.2,RP11-318M2.2,antisense,53.16973668662867,0.748838999489106,0.2920170748042678,0.001059035266155706,0.005920680187766766
ENSG00000076242,MLH1,MLH1,protein_coding,551.3504258872383,-0.32031688901977284,0.104508378687033,0.0010605030134114707,0.005924821234393071
ENSG00000184988,TMEM106A,TMEM106A,protein_coding,54.577911518259086,-0.7174035831660489,0.2757521214557703,0.0010611201136440484,0.005925941302109519
ENSG00000156140,ADAMTS3,ADAMTS3,protein_coding,232.14181351186983,0.540104615018008,0.1955985270400759,0.0010648085309290318,0.005944205864966463
ENSG00000103978,TMEM87A,TMEM87A,protein_coding,751.7999360634935,0.3464756214096039,0.11501218649055849,0.0010652669439653434,0.00594443193839272
ENSG00000100823,APEX1,APEX1,protein_coding,1655.9690359529866,-0.3131375870599058,0.10215154317385557,0.0010657710470830422,0.005944912695572232
ENSG00000144959,NCEH1,NCEH1,protein_coding,270.5634018885465,0.4046054677202714,0.13838702219582077,0.001080701158558723,0.006025830372143972
ENSG00000159692,CTBP1,CTBP1,protein_coding,2063.8167434830857,-0.24938254299991702,0.0794618647142575,0.001089782523890135,0.006074085666071034
ENSG00000135899,SP110,SP110,protein_coding,570.2989625915175,0.4379100296679085,0.15178689511502724,0.001090791952612657,0.006077330487255164
ENSG00000184185,KCNJ12,KCNJ12,protein_coding,43.69188677477264,0.7567953559516929,0.2957661592734397,0.0010952738885148736,0.006099784263240785
ENSG00000237149,ZNF503-AS2,ZNF503-AS2,processed_transcript,59.06572244914769,-0.7401536096563601,0.2911164957856796,0.0010956797520092945,0.006099784263240785
ENSG00000137942,FNBP1L,FNBP1L,protein_coding,591.6203650419669,0.3764218159409132,0.12605402703337615,0.0011000867002341434,0.006121922231662933
ENSG00000099256,PRTFDC1,PRTFDC1,protein_coding,366.99916400560005,-0.39378309613065704,0.13276391937647808,0.0011035261348006486,0.006138660829645846
ENSG00000186088,GSAP,GSAP,protein_coding,159.77419362982104,0.47543863595381947,0.16677811387343225,0.001108458578645799,0.006163688359131291
ENSG00000118454,ANKRD13C,ANKRD13C,protein_coding,801.9519535437641,0.3092832977481583,0.10078979585089051,0.0011119096905000453,0.006176946605044171
ENSG00000151892,GFRA1,GFRA1,protein_coding,1577.0319600505284,-0.40766526713286305,0.13939447885224898,0.0011119190467952036,0.006176946605044171
ENSG00000174021,GNG5,GNG5,protein_coding,1132.5876805030869,0.29658371840638104,0.0960852463223993,0.001112145687255211,0.006176946605044171
ENSG00000136014,USP44,USP44,protein_coding,230.91747956376898,0.4415480944163735,0.15250533932031607,0.0011133417374480075,0.006181175984957244
ENSG00000116017,ARID3A,ARID3A,protein_coding,432.4957116134178,0.3631786790391767,0.12164559133921235,0.0011155989370102777,0.006191291174418334
ENSG00000196459,TRAPPC2,TRAPPC2,protein_coding,246.21960991107056,-0.4424979938704652,0.1537903070328918,0.0011175540110730734,0.006199722407762636
ENSG00000139263,LRIG3,LRIG3,protein_coding,1996.0997929797616,-0.31078864168474313,0.1008273619967849,0.001119891074935678,0.006210024743889881
ENSG00000205189,ZBTB10,ZBTB10,protein_coding,425.1181492023738,0.4588057046001155,0.16065467072104728,0.0011202842725549376,0.006210024743889881
ENSG00000115504,EHBP1,EHBP1,protein_coding,3997.133670724386,-0.24127437930131757,0.0772387964963371,0.001121675074916817,0.006215312140871369
ENSG00000115415,STAT1,STAT1,protein_coding,7511.901387226853,0.30008886271831126,0.09753674016306053,0.0011228861842631907,0.006219600110965586
ENSG00000135503,ACVR1B,ACVR1B,protein_coding,740.7556856074078,0.29787868721021543,0.0969688847906398,0.0011313976563340153,0.006264305279756728
ENSG00000123505,AMD1,AMD1,protein_coding,529.9457425010714,0.33712572064741425,0.1114889931758841,0.0011443412251654385,0.006333505675779454
ENSG00000171150,SOCS5,SOCS5,protein_coding,1339.1859352234767,-0.4122302582474882,0.14202879442686916,0.0011495375027633262,0.006359790524817406
ENSG00000005471,ABCB4,ABCB4,protein_coding,33.85561167202075,-0.9122245183199995,0.3798582964846025,0.0011532398302194658,0.006377792902426782
ENSG00000168924,LETM1,LETM1,protein_coding,649.6975143450445,0.3159002492256944,0.1035978999201339,0.0011631387959812529,0.0064300374014913874
ENSG00000173114,LRRN3,LRRN3,protein_coding,60.85417777567364,-0.8484860680057962,0.3568242618800881,0.001165035218073889,0.0064380190139405585
ENSG00000168300,PCMTD1,PCMTD1,protein_coding,1440.8598913238168,-0.3519116726292239,0.11773101303254048,0.0011744473764667158,0.006487510478781579
ENSG00000273290,CTC-297N7.8,CTC-297N7.8,lincRNA,167.32850170702076,0.4606106261645663,0.16122987814977816,0.0011751599626764902,0.006488926750431054
ENSG00000152042,NBPF11,NBPF11,protein_coding,966.0635976292712,-0.2921962433887523,0.09504946104951847,0.0011797140944489772,0.0065115457040909016
ENSG00000147044,CASK,CASK,protein_coding,876.34173933500006,-0.30846304170923994,0.10164727200765136,0.0011861776514223872,0.006544682278445321
ENSG00000197635,DPP4,DPP4,protein_coding,1814.3661722464365,-0.34505498741400736,0.11450084330761066,0.0011872662360954433,0.006548148484769905
ENSG00000147889,CDKN2A,CDKN2A,protein_coding,802.1691051310638,-0.30978116878631445,0.1018830985892872,0.0011888776014199595,0.006554494187053297
ENSG00000143862,ARL8A,ARL8A,protein_coding,497.8644238099414,0.33559184256486024,0.11122878685570076,0.00119326365445741,0.006576126393259279
ENSG00000109016,DHRS7B,DHRS7B,protein_coding,330.5380132644918,0.4348729948922608,0.15148185810428946,0.0011956717883244042,0.0065868456689102736
ENSG00000145014,TMEM44,TMEM44,protein_coding,279.01383260024005,-0.4051923869102377,0.13873751136496124,0.001198541306306037,0.006600097383235412
ENSG00000134780,DAGLA,DAGLA,protein_coding,129.3513278645412,-0.5829227782333309,0.21887737847642733,0.0012066737113638022,0.006642309160386502
ENSG00000170035,UBE2E3,UBE2E3,protein_coding,1495.4724647255546,-0.3194927603021435,0.10486003770441268,0.0012074141923881653,0.006643814109295653
ENSG00000166278,C2,C2,protein_coding,135.56729819121963,-0.5079019402373723,0.18317435623794162,0.0012181747809917802,0.006700432360721996
ENSG00000168306,ACOX2,ACOX2,protein_coding,444.13486804502725,-0.34998477072814144,0.11554923698093948,0.001220687631508017,0.0067116586279745
ENSG00000114439,BBX,BBX,protein_coding,2468.4043780354464,0.27930066671403675,0.09100721726477258,0.0012253688195077994,0.006732192386511757
ENSG00000229212,RP11-561C5.4,RP11-561C5.4,pseudogene,114.46649067960959,-0.6028954936813544,0.2284894151287103,0.0012252600148744846,0.006732192386511757
ENSG00000058262,SEC61A1,SEC61A1,protein_coding,9515.69441369181,-0.28551094500473795,0.09313537407382266,0.001229076054024363,0.00674995281561488
ENSG00000198909,MAP3K3,MAP3K3,protein_coding,1409.2057052512566,0.4211470867239059,0.14666371696746527,0.0012297353981357837,0.006750967311108988
ENSG00000179241,LDLRAD3,LDLRAD3,protein_coding,290.89849385372764,0.4585944042175526,0.1620308001559082,0.0012330672088771346,0.006766646596862794
ENSG00000113368,LMNB1,LMNB1,protein_coding,51.76084859175882,-0.8470115855650077,0.35638873925837666,0.001234296629684012,0.0067707810492192
ENSG00000186314,PRELID2,PRELID2,protein_coding,38.672163643175146,0.9121337309249168,0.3909350995126093,0.0012376091094260303,0.006786334607739343
ENSG00000119938,PPP1R3C,PPP1R3C,protein_coding,3630.3075526242783,-0.39675383916594825,0.13597483768971802,0.0012393048364373672,0.006793014255678269
ENSG00000149177,PTPRJ,PTPRJ,protein_coding,288.3361614304115,0.41290012508959306,0.1426461125712637,0.001241991016163452,0.006804075995152536
ENSG00000158828,PINK1,PINK1,protein_coding,986.8931830411784,0.2873985767068245,0.09405247241269322,0.001242279623130704,0.006804075995152536
ENSG00000197601,FAR1,FAR1,protein_coding,1208.6872180055298,0.27345898797136403,0.08744921469123247,0.0012432291617471105,0.006806655733907197
ENSG00000136986,DERL1,DERL1,protein_coding,1289.5042559988747,0.28786948310822924,0.09383407019534003,0.0012442073765224968,0.006806771432175383
ENSG00000257093,KIAA1147,KIAA1147,protein_coding,436.24689719648524,-0.3652050879802891,0.123469449092144,0.001244149235792558,0.006806771432175383
ENSG00000101474,APMAP,APMAP,protein_coding,2559.192816713835,0.24023177651971928,0.07734828561091085,0.001250424962650266,0.006838156350917871
ENSG00000163755,HPS3,HPS3,protein_coding,587.965408494226,-0.3112143617241121,0.10273213017725531,0.0012509837762804002,0.006838583102925601
ENSG00000103145,HCFC1R1,HCFC1R1,protein_coding,885.580570136299,-0.32586922362398935,0.10841802574513407,0.0012523239998098242,0.006843279513367245
ENSG00000241860,RP11-34P13.13,RP11-34P13.13,processed_transcript,115.54922428004387,-0.5337585638304134,0.19492834538027498,0.0012548585416681008,0.006854496120079517
ENSG00000145990,GFOD1,GFOD1,protein_coding,153.16161962068236,0.6587690936661627,0.26011663086020526,0.0012623262657337187,0.0068926406156608125
ENSG00000096092,TMEM14A,TMEM14A,protein_coding,418.12072305363915,0.3597487809159092,0.12138739852372622,0.001269482292302911,0.006929054537880509
ENSG00000187534,CTC-471F3.4,CTC-471F3.4,pseudogene,484.27739095184234,0.34628932125400275,0.11606811984731542,0.0012708560317947993,0.006933891904967098
ENSG00000196345,ZKSCAN7,ZKSCAN7,protein_coding,83.6862135042675,-0.6053583228833664,0.22932017900957705,0.0012775512203311234,0.006967748680210851
ENSG00000128016,ZFP36,ZFP36,protein_coding,1613.3976710709271,0.3068987957815264,0.10140536185974476,0.001282315265132946,0.006991051104350718
ENSG00000246273,SBF2-AS1,SBF2-AS1,antisense,117.83564190029462,0.8535194119312326,0.3790187666373671,0.001285481848197252,0.007005629811784564
ENSG00000204304,PBX2,PBX2,protein_coding,1031.7878076195177,-0.3438216393032844,0.1158051971965714,0.0012887430387034497,0.0070207127470386325
ENSG00000185442,FAM174B,FAM174B,protein_coding,81.04706324916657,0.7408345063947713,0.3024491825572,0.0012946202635119467,0.007050030102677614
ENSG00000137404,NRM,NRM,protein_coding,129.62152225168674,-0.4857725830579457,0.17441902115788904,0.0012993677240513896,0.007073175088751231
ENSG00000070961,ATP2B1,ATP2B1,protein_coding,1637.5658233414501,0.39645544311029185,0.13736647071165972,0.0013004956839755728,0.007076606965902275
ENSG00000152284,TCF7L1,TCF7L1,protein_coding,442.41454489169075,-0.3420506476256403,0.11410521259901361,0.0013027551996866791,0.007086191189423834
ENSG00000188070,C11orf95,C11orf95,lincRNA,1100.0408286764657,-0.3818842642171368,0.13133970827943545,0.001305627424580366,0.007099099574629636
ENSG00000196177,ACADSB,ACADSB,protein_coding,574.806922788689,0.3319644662066958,0.11124504715413787,0.0013085507086445785,0.007112275613206147
ENSG00000132846,ZBED3,ZBED3,protein_coding,248.84866228429107,-0.4520986419549476,0.16055322603945874,0.0013093858485066893,0.007114096374774313
ENSG00000138459,SLC35A5,SLC35A5,protein_coding,890.9911967946632,0.28586654769268083,0.0937619488850072,0.0013108002016882193,0.007119061500119599
ENSG00000165527,ARF6,ARF6,protein_coding,990.7485260805471,0.314030218452861,0.10453639025835622,0.0013147564706906725,0.007135419606236355
ENSG00000223477,LINC00842,LINC00842,lincRNA,62.32819267306578,0.7475545305864284,0.3034756336271767,0.001314815437847686,0.007135419606236355
ENSG00000101150,TPD52L2,TPD52L2,protein_coding,3820.5103910786524,0.26938064077285095,0.08992926369495809,0.0013155291607557305,0.007136570092520791
ENSG00000174501,ANKRD36C,ANKRD36C,protein_coding,223.27935563119334,-0.5937252994972441,0.2286628301052868,0.0013221677288296019,0.007169848942002385
ENSG00000141068,KSR1,KSR1,protein_coding,390.96557086816443,-0.5102440571943835,0.1863457333171605,0.0013235362940302521,0.007174535154834721
ENSG00000103876,FAH,FAH,protein_coding,376.2250753708008,-0.37517808533286573,0.12843589356078358,0.0013259699970690527,0.007184989424118174
ENSG00000043143,JADE2,JADE2,protein_coding,1534.2751899361717,0.28490249818335805,0.09358493435426984,0.0013302340682798718,0.0072053501093727705
ENSG00000169554,ZEB2,ZEB2,protein_coding,3425.8301392395306,-0.2887480680734583,0.09705684557036857,0.0013323063633149737,0.0072138278309068085
ENSG00000065802,ASB1,ASB1,protein_coding,1190.1533187715563,0.2815476409498796,0.09233497567192628,0.0013394584462153305,0.007249793355771256
ENSG00000066135,KDM4A,KDM4A,protein_coding,836.842592392043,-0.2800667135460247,0.09209526833244165,0.0013407186441179422,0.0072538539345506315
ENSG00000092853,CLSPN,CLSPN,protein_coding,27.414492270720103,-0.9177550841587646,0.38906893071669846,0.001341249480559662,0.007253966772426096
ENSG00000102900,NUP93,NUP93,protein_coding,612.4485707755134,0.33561343486800393,0.11311860704076354,0.0013487752398339244,0.007291896241504273
ENSG00000247796,CTD-2366F13.1,CTD-2366F13.1,antisense,75.86721655905636,-0.6353182295087414,0.24661777871964372,0.0013525110326758694,0.007309314942546188
ENSG00000159200,RCAN1,RCAN1,protein_coding,2867.3404445887595,1.0781614711296008,0.5288700409730883,0.001354872389845355,0.007319295432267501
ENSG00000105726,ATP13A1,ATP13A1,protein_coding,890.1351899679909,0.2918504721129625,0.09632731453739916,0.0013612180806491334,0.007350784350475806
ENSG00000138382,METTL5,METTL5,protein_coding,342.53732281912426,0.40664577520567596,0.14195698532476703,0.0013751173246986865,0.007423024222586003
ENSG00000180881,CAPS2,CAPS2,protein_coding,98.91165242595214,-0.5725272758781725,0.21536990260795816,0.0013785433479562288,0.0074386952129474205
ENSG00000267002,RP11-242D8.1,RP11-242D8.1,lincRNA,52.70983799835219,-0.7030725220588278,0.28060551767146763,0.0013855355206563,0.007473590157684949
ENSG00000141576,RNF157,RNF157,protein_coding,184.1546062624537,0.6288628006464081,0.24853512298331978,0.0013879638178977403,0.007483850396428149
ENSG00000116299,KIAA1324,KIAA1324,protein_coding,30.845403975433012,-0.9020903739590199,0.38609595315126205,0.0013886554747353157,0.007484742505735176
ENSG00000151276,MAGI1,MAGI1,protein_coding,637.3263677045485,0.46417126304453643,0.16807632529191344,0.0013891830523701716,0.007484749900345955
ENSG00000176046,NUPR1,NUPR1,protein_coding,2704.3152704776253,-0.26788331253387365,0.08806966346033487,0.001392976647416851,0.007502347532320064
ENSG00000187605,TET3,TET3,protein_coding,237.54446730470747,-0.3927175576213088,0.13612601748512565,0.0013935206084830475,0.007502436462930684
ENSG00000106603,COA1,COA1,protein_coding,416.11025717542026,-0.3515202195803041,0.11957664382006047,0.0013996439332222342,0.007532552140050344
ENSG00000105996,HOXA2,HOXA2,protein_coding,57.39142897579994,-0.660472654332631,0.25840464863464224,0.001400210383429518,0.007532750565015682
ENSG00000161791,FMNL3,FMNL3,protein_coding,464.3785129176552,-0.3300168345174055,0.11118085315682648,0.001404158851914483,0.007551136298537468
ENSG00000076928,ARHGEF1,ARHGEF1,protein_coding,1208.310516021559,0.3115926587984923,0.1040814888612021,0.0014051277819232119,0.007553491145153351
ENSG00000169359,SLC33A1,SLC33A1,protein_coding,844.9878371481591,0.32014886241510665,0.1074434848932854,0.0014070064162831342,0.007560732627582659
ENSG00000112699,GMDS,GMDS,protein_coding,327.13767443758525,-0.3559367502242625,0.12174111358201023,0.0014178952737321916,0.007616367965848449
ENSG00000254109,RBPMS-AS1,RBPMS-AS1,antisense,48.41611382000011,0.8044142492115011,0.34053725932270523,0.001419051422983723,0.007619700808048501
ENSG00000144744,UBA3,UBA3,protein_coding,965.0547717120182,0.29114284607341534,0.09667707205680494,0.0014211206792501157,0.0076279322798693
ENSG00000136720,HS6ST1,HS6ST1,protein_coding,1475.0740932077433,0.43186962123360584,0.15455117818564953,0.0014258040413524695,0.007650183585136751
ENSG00000065491,TBC1D22B,TBC1D22B,protein_coding,297.08423388799326,-0.3812014077495008,0.13164965680435492,0.0014276496738096533,0.007654311707602152
ENSG00000196220,SRGAP3,SRGAP3,protein_coding,94.88984274636839,-0.650280538640538,0.25738461155311354,0.0014274039633111579,0.007654311707602152
ENSG00000110442,COMMD9,COMMD9,protein_coding,420.3568958897138,-0.35222311670462625,0.11979210873943474,0.0014358249089876417,0.007695242466254791
ENSG00000139734,DIAPH3,DIAPH3,protein_coding,170.22315796471793,0.4730715074012033,0.170944045611312,0.0014487614638422199,0.007761650870693686
ENSG00000172216,CEBPB,CEBPB,protein_coding,1045.7377451212822,0.38027627938087133,0.13210554872952826,0.0014513260228867513,0.007772462857507963
ENSG00000091409,ITGA6,ITGA6,protein_coding,301.4648899356916,0.45437782119277986,0.16338160953696113,0.0014569371369312575,0.007799576151942118
ENSG00000051825,MPHOSPH9,MPHOSPH9,protein_coding,226.8845432647865,-0.40280548549474093,0.14089946114018964,0.0014630113113069574,0.00782914706246432
ENSG00000059573,ALDH18A1,ALDH18A1,protein_coding,1432.600187634118,-0.3757298652455525,0.13045596232260698,0.0014655893888036908,0.007839993782002144
ENSG00000034693,PEX3,PEX3,protein_coding,268.40229696505463,-0.3767349565817319,0.13028712718537866,0.0014668810910168216,0.007843953623542583
ENSG00000230409,TCEA1P2,TCEA1P2,pseudogene,671.3852659201593,-0.3003227472493355,0.09951297114270613,0.00147093231245559,0.007862661109495794
ENSG00000109576,AADAT,AADAT,protein_coding,132.9757937644632,-0.5613331537580171,0.21358423589975506,0.0014719670415088808,0.007865236363043697
ENSG00000172893,DHCR7,DHCR7,protein_coding,240.2161928044332,-0.45979087335094354,0.16654987251824188,0.00147452760231018,0.007875959675276005
ENSG00000068697,LAPTM4A,LAPTM4A,protein_coding,8300.38995265755,-0.23409076118019426,0.07624807779995317,0.001478559686279043,0.007888609518992165
ENSG00000075624,ACTB,ACTB,protein_coding,74808.07306592197,0.719782271996834,0.294484484734535,0.0014783542998429607,0.007888609518992165
ENSG00000124459,ZNF45,ZNF45,protein_coding,260.89607739514156,-0.4041080879634049,0.1416211675696671,0.0014778576007398658,0.007888609518992165
ENSG00000111199,TRPV4,TRPV4,protein_coding,152.39896684778307,0.46358386347103725,0.1675220928087392,0.0014866966285678484,0.007929048685695191
ENSG00000146233,CYP39A1,CYP39A1,protein_coding,124.72260747417393,0.5905923223961397,0.22893365149628764,0.0014899251052105883,0.007943288866759898
ENSG00000173548,SNX33,SNX33,protein_coding,2684.7168895511013,0.30681177743862026,0.10351578455553107,0.0014957476336508345,0.007971342952809842
ENSG00000150403,TMCO3,TMCO3,protein_coding,3639.444206575891,0.2536729996132374,0.08363097448287153,0.0015021506192016013,0.007999472260398195
ENSG00000166340,TPP1,TPP1,protein_coding,5597.889391646632,-0.27610342586670145,0.0919415579807785,0.0015018096583646488,0.007999472260398195
ENSG00000111602,TIMELESS,TIMELESS,protein_coding,178.18538556184865,-0.44703941892016363,0.1602229300266903,0.0015077599315805879,0.008023336051927527
ENSG00000169813,HNRNPF,HNRNPF,protein_coding,2867.806456096717,0.24586290440649125,0.08128801023791453,0.0015075623580975287,0.008023336051927527
ENSG00000145016,KIAA0226,KIAA0226,protein_coding,400.4846914853142,0.36544391950428207,0.1269376553641051,0.001509630809522033,0.008030287447509872
ENSG00000166923,GREM1,GREM1,protein_coding,129804.6157911864,-0.44923137062599666,0.16387304092062988,0.0015185150542969688,0.00807452640460564
ENSG00000133858,ZFC3H1,ZFC3H1,protein_coding,2121.168698759282,0.2717807073262618,0.09008639705410523,0.0015205092863741795,0.00808210915148966
ENSG00000168758,SEMA4C,SEMA4C,protein_coding,783.3248317272378,0.3894705772093132,0.1368928773603017,0.0015305907950901058,0.00813265725415079
ENSG00000179431,FJX1,FJX1,protein_coding,160.23709137127088,0.5311331294061432,0.20076947132302592,0.0015343496235825048,0.008149585155279145
ENSG00000100221,JOSD1,JOSD1,protein_coding,1213.4360298640765,0.3438609237505794,0.11790645305345729,0.0015370921108148249,0.008158422305732124
ENSG00000184702,SEPT5,SEPT5,protein_coding,297.1326677210125,-0.4557908068657257,0.16540767301479867,0.0015371605581666263,0.008158422305732124
ENSG00000110719,TCIRG1,TCIRG1,protein_coding,938.3575403254342,0.32540226693445634,0.11059691547434429,0.0015396679975751763,0.008168682430999368
ENSG00000066279,ASPM,ASPM,protein_coding,119.37078440045744,-0.5207712462138614,0.1946863484115882,0.0015443526820608725,0.008190481934986522
ENSG00000121068,TBX2,TBX2,protein_coding,3156.417288302735,0.2448874748984373,0.0804142369115425,0.0015476033747220139,0.008204662840866912
ENSG00000155363,MOV10,MOV10,protein_coding,781.4153992170968,-0.2960510313622967,0.09938676448514873,0.001549243403480072,0.008210297381185
ENSG00000117791,MARC2,MARC2,protein_coding,314.384285330902,0.373501597638774,0.1297113134893832,0.0015504497686643966,0.008210572416039605
ENSG00000189298,ZKSCAN3,ZKSCAN3,protein_coding,134.14140893641851,-0.48581579891486326,0.1780864396571817,0.0015504178774744211,0.008210572416039605
ENSG00000163877,SNIP1,SNIP1,protein_coding,400.3574753812343,0.33291915462126837,0.11358735114032947,0.0015533579035196736,0.008222911358267151
ENSG00000137547,MRPL15,MRPL15,protein_coding,360.64026827851325,0.34819774393867137,0.11966045792143118,0.001557892218668119,0.00824078055720912
ENSG00000160218,TRAPPC10,TRAPPC10,protein_coding,936.7299433290867,0.27317532884523127,0.09073617831825811,0.0015578564173256198,0.00824078055720912
ENSG00000013583,HEBP1,HEBP1,protein_coding,1392.8083818532707,0.3455357123014837,0.11877382964972741,0.0015639617183071538,0.008269810959554258
ENSG00000175220,ARHGAP1,ARHGAP1,protein_coding,4873.33958583208,0.2536276209493824,0.08376776639170576,0.0015651287954955948,0.008272906721341263
ENSG00000185875,THNSL1,THNSL1,protein_coding,68.47520542363947,-0.6998902161390805,0.28734790069112076,0.0015688143606291279,0.008289307379490607
ENSG00000138160,KIF11,KIF11,protein_coding,155.8685047648386,-0.4851688171937315,0.17863750966172387,0.0015727964522259995,0.00830726206329841
ENSG00000124942,AHNAK,AHNAK,protein_coding,106007.36579090395,0.2876855188416701,0.0964033699859209,0.0015783122574084551,0.008333247559680344
ENSG00000144233,AMMECR1L,AMMECR1L,protein_coding,644.990286911715,0.29899362770099314,0.1005895197798286,0.0015788879480693565,0.008333247559680344
ENSG00000079332,SAR1A,SAR1A,protein_coding,3447.206335252061,0.26276382572327367,0.08723928429468003,0.001580964655944747,0.008341113229287121
ENSG00000163071,SPATA18,SPATA18,protein_coding,806.8761711653033,-0.3393323631020993,0.11656151138162668,0.0015862199958361853,0.008365737197172377
ENSG00000177200,CHD9,CHD9,protein_coding,1667.5425914891077,0.2689278982974771,0.08948865974467843,0.001589942727990016,0.00838226292176797
ENSG00000003137,CYP26B1,CYP26B1,protein_coding,105.17534250637,-0.735380879132154,0.31238864165233515,0.0015953959875533142,0.008407896453115354
ENSG00000111481,COPZ1,COPZ1,protein_coding,2056.370886399157,-0.24080414985897083,0.07965377604407434,0.00159707183695709,0.008413611040325055
ENSG00000173065,FAM222B,FAM222B,protein_coding,351.26852202237666,0.3620639824570762,0.1264227471179951,0.0015983783864879039,0.008417376589931115
ENSG00000078140,UBE2K,UBE2K,protein_coding,985.77622137507,0.29585788321315976,0.09951999564011173,0.0016000282339855964,0.008419830410732935
ENSG00000125753,VASP,VASP,protein_coding,937.8800950874523,0.4004764120469784,0.14245121723977894,0.0015996707208049718,0.008419830410732935
ENSG00000121454,LHX4,LHX4,protein_coding,71.59736323546905,-0.6702818493160146,0.2719832499894633,0.0016066996076485006,0.00845181036212732
ENSG00000069998,CECR5,CECR5,protein_coding,447.78813330309816,0.5005755540338958,0.18901512497863088,0.0016124924892664525,0.008479147196793354
ENSG00000137727,ARHGAP20,ARHGAP20,protein_coding,1126.1815035232337,-0.41376195424103146,0.14862516810783216,0.0016230278130671385,0.008528463182492773
ENSG00000164081,TEX264,TEX264,protein_coding,839.2459726767844,0.281451147142092,0.0952414839333962,0.0016230701515050575,0.008528463182492773
ENSG00000107738,C10orf54,C10orf54,protein_coding,4754.5959201827645,0.31128914800986174,0.10583522247974393,0.0016242370313394158,0.008530329251833332
ENSG00000204516,MICB,MICB,protein_coding,199.81111999821712,0.4099888501781939,0.14581378933576694,0.0016246247147930608,0.008530329251833332
ENSG00000110880,CORO1C,CORO1C,protein_coding,7824.839594642169,0.2881122119858661,0.09718373359429273,0.0016305955910066606,0.008558520917519831
ENSG00000009780,FAM76A,FAM76A,protein_coding,174.9528980380732,0.4832694826619636,0.17859591248292053,0.0016379137299947686,0.00859059177560678
ENSG00000018189,RUFY3,RUFY3,protein_coding,996.8315489634053,-0.2960634854931569,0.09990844573271167,0.0016376559586122126,0.00859059177560678
ENSG00000169689,STRA13,STRA13,protein_coding,197.02914138738174,0.42239411273496047,0.15130552432060035,0.0016504552354696994,0.00865317923675673
ENSG00000172725,CORO1B,CORO1B,protein_coding,1981.6943642161332,0.3086324893056014,0.10496798426377103,0.0016542638885189795,0.008669951934522463
ENSG00000198954,KIAA1279,KIAA1279,protein_coding,730.3222947226157,0.2916578703782888,0.09832187361195587,0.0016581292731159142,0.008687009495690888
ENSG00000083520,DIS3,DIS3,protein_coding,1025.4934112485425,0.28169012676538885,0.09505527647731651,0.0016654579037108344,0.008722191908093854
ENSG00000105483,CARD8,CARD8,protein_coding,385.7798871596259,-0.362991759297984,0.12686406793430807,0.0016807703498400246,0.00879914518075985
ENSG00000067955,CBFB,CBFB,protein_coding,592.2758755668985,0.395307631355328,0.14024152457029984,0.0016836500743612442,0.008810978166929485
ENSG00000181350,FAM211A,FAM211A,protein_coding,38.556099385128576,-0.8170470131828645,0.35295054233894113,0.0016846328085970068,0.008812878657404863
ENSG00000115295,CLIP4,CLIP4,protein_coding,1816.7512073478276,0.34921234089154535,0.12136563489256225,0.0016881151171469532,0.008825958416502024
ENSG00000131148,EMC8,EMC8,protein_coding,349.8075237987416,0.3427113476559635,0.11864545586532113,0.0016883740755977226,0.008825958416502024
ENSG00000119185,ITGB1BP1,ITGB1BP1,protein_coding,1835.5891268443886,0.26071716625901403,0.08668515421531772,0.0016913423527535572,0.008838226901383762
ENSG00000085224,ATRX,ATRX,protein_coding,2999.018242324187,-0.22861154913658877,0.07585257348455894,0.001696504883182973,0.008861948387217999
ENSG00000131089,ARHGEF9,ARHGEF9,protein_coding,568.925298329553,-0.3186237121345868,0.10922802179046116,0.0017139665768133312,0.008949875399630257
ENSG00000011105,TSPAN9,TSPAN9,protein_coding,3570.376688324852,0.26044985003920923,0.08773983152773901,0.0017219199415949389,0.008988106146512444
ENSG00000177565,TBL1XR1,TBL1XR1,protein_coding,2371.2105869322145,-0.28218234947933235,0.09515015728982082,0.0017229642320058598,0.008990257973606511
ENSG00000169057,MECP2,MECP2,protein_coding,1748.923041918552,0.27132059386967283,0.09138132451770406,0.0017347574712129057,0.009048474613323202
ENSG00000198826,ARHGAP11A,ARHGAP11A,protein_coding,544.9575955271118,-0.3182799464905897,0.10923479813897682,0.0017435090807997099,0.009090789283465935
ENSG00000116127,ALMS1,ALMS1,protein_coding,369.0773866794382,-0.3881687119182089,0.13801448483306428,0.0017447469747584278,0.009093910212152391
ENSG00000127561,SYNGR3,SYNGR3,protein_coding,40.74851724274222,0.8262500372622247,0.3644096734019865,0.0017461493577304939,0.00909788588438042
ENSG00000258130,RP11-347C12.3,RP11-347C12.3,protein_coding,52.644905517323295,-0.6934677634596229,0.2864324421857954,0.0017476001042857675,0.009102110539494968
ENSG00000120802,TMPO,TMPO,protein_coding,460.76338887546825,-0.36213199960085074,0.12731153084382218,0.0017519555132177638,0.009121455058568621
ENSG00000174028,FAM3C2,FAM3C2,pseudogene,414.7415928416294,0.349248346205854,0.12159888965938055,0.0017608350335707973,0.009164331327300044
ENSG00000087245,MMP2,MMP2,protein_coding,130693.5050744478,-0.21213705977629557,0.06995454514300276,0.0017623997684220944,0.009169120082675886
ENSG00000229645,LINC00341,LINC00341,lincRNA,448.3327259268116,0.4491538824544574,0.16554086864161874,0.0017665233271338115,0.009187213091463012
ENSG00000198846,TOX,TOX,protein_coding,191.06222130054368,-0.5174956192773987,0.1975861958754158,0.0017716774988306599,0.0092106508564939
ENSG00000105755,ETHE1,ETHE1,protein_coding,406.15130975549755,-0.36451873195693896,0.1282123438688451,0.0017854684588166424,0.009278956287251706
ENSG00000166446,CDYL2,CDYL2,protein_coding,124.7622275412718,0.5580285406075373,0.21734588261821242,0.0017885514966426935,0.009291583816013759
ENSG00000148358,GPR107,GPR107,protein_coding,3321.5063063852167,0.24003930914813867,0.07992395643851932,0.0017912871319773615,0.009301632637514747
ENSG00000156599,ZDHHC5,ZDHHC5,protein_coding,2514.012926642743,0.2473332801034632,0.0825986114654367,0.001791793688610124,0.009301632637514747
ENSG00000114423,CBLB,CBLB,protein_coding,669.4188997834394,0.4117487630443935,0.14905719228207787,0.0017942836250342694,0.009311160263585352
ENSG00000048471,SNX29,SNX29,protein_coding,2150.9161489196736,0.3731162874047584,0.13359854289552447,0.0017983735106209468,0.009328980603600419
ENSG00000107819,SFXN3,SFXN3,protein_coding,1986.3621067226707,0.24453023581340028,0.08166652780162975,0.0018022086440408333,0.009345466916819837
ENSG00000173641,HSPB7,HSPB7,protein_coding,604.1901934809811,0.4851102988141632,0.18269139017498293,0.0018032921823307865,0.009347677843102444
ENSG00000105655,ISYNA1,ISYNA1,protein_coding,118.84559309153539,-0.5285042033306122,0.20285919051858925,0.001804231635211175,0.009349140538886613
ENSG00000033327,GAB2,GAB2,protein_coding,1295.9674539619673,0.32781462583598225,0.11380940984425374,0.0018057748935031014,0.009353729819806304
ENSG00000260578,CTD-2541J13.1,CTD-2541J13.1,lincRNA,73.45144270639774,-0.7032942660901714,0.2967381920857508,0.001814687319400425,0.009396473400492045
ENSG00000109519,GRPEL1,GRPEL1,protein_coding,325.82325934535965,0.39606105934790675,0.14264388224307945,0.0018229981702835602,0.009436072042981572
ENSG00000186814,ZSCAN30,ZSCAN30,protein_coding,426.98083085693696,-0.3386799050209095,0.11792972873554299,0.0018306840744378465,0.009472408248382658
ENSG00000160818,GPATCH4,GPATCH4,protein_coding,341.9568388039472,0.4154860642637172,0.1508575132729412,0.0018315933925931516,0.009473667060452723
ENSG00000159363,ATP13A2,ATP13A2,protein_coding,317.0677963443235,0.36614571180280603,0.1298376550415206,0.0018335265231304396,0.009480218562343648
ENSG00000104343,UBE2W,UBE2W,protein_coding,369.3726095546147,0.379838561921474,0.1350027233476131,0.0018386974542974773,0.009500241658293785
ENSG00000162415,ZSWIM5,ZSWIM5,protein_coding,105.36801758374983,-0.662490181049772,0.27660165670613623,0.0018387349047583514,0.009500241658293785
ENSG00000135931,ARMC9,ARMC9,protein_coding,1025.3219611046966,0.4305661472162593,0.1582983151330622,0.0018520699245541691,0.009565665434589143
ENSG00000163320,CGGBP1,CGGBP1,protein_coding,2204.313980981238,0.2810654878685232,0.09518708008515944,0.0018539365951641502,0.009571830900041696
ENSG00000197324,LRP10,LRP10,protein_coding,12875.063776458293,0.23184794066396827,0.07718629814920402,0.001863377714926345,0.009617084403886911
ENSG00000167705,RILP,RILP,protein_coding,156.4146220534674,0.5264584339097501,0.20343008845638375,0.0018657083725860915,0.009625620562809056
ENSG00000158806,NPM2,NPM2,protein_coding,34.32319528035133,-0.8862704376722862,0.40400628290730695,0.0018680131602153204,0.009634017110552109
ENSG00000130005,GAMT,GAMT,protein_coding,370.82703592598983,-0.34715348558203507,0.1212956068135567,0.0018704077287264732,0.009642870436174468
ENSG00000197093,GAL3ST4,GAL3ST4,protein_coding,455.0646589960465,-0.3583233108208026,0.12644115119586583,0.0018717316676171215,0.009646199724705049
ENSG00000219201,RP11-181C21.4,RP11-181C21.4,pseudogene,687.5839443398147,0.2993719633566797,0.10258027400099155,0.001878781798472552,0.009679026548885758
ENSG00000125247,TMTC4,TMTC4,protein_coding,288.72659358421987,-0.3761332096591418,0.13382367107445192,0.0018883889254191412,0.009724997854873955
ENSG00000084674,APOB,APOB,protein_coding,202.71201012579618,1.1781536365203524,0.663118035386492,0.0018921412114237107,0.009740795002276823
ENSG00000182217,HIST2H4B,HIST2H4B,protein_coding,158.84078086857323,-0.47020157573755694,0.17612856799447119,0.0018938017595054306,0.009742291583076037
ENSG00000183941,HIST2H4A,HIST2H4A,protein_coding,158.84078086857323,-0.47020157573755694,0.17612856799447119,0.0018938017595054306,0.009742291583076037
ENSG00000120696,KBTBD7,KBTBD7,protein_coding,172.49813193246263,-0.43954711165384225,0.1614758029125094,0.0018962556418315017,0.00975138837650444
ENSG00000150967,ABCB9,ABCB9,protein_coding,57.79410780295661,-0.6464067261812022,0.2641154649570453,0.0019097727979302673,0.009817350299154363
ENSG00000103066,PLA2G15,PLA2G15,protein_coding,735.799844628125,0.3300963442696885,0.11498797932126409,0.0019118858691779237,0.009820030687101895
ENSG00000150764,DIXDC1,DIXDC1,protein_coding,1171.496848193261,0.2715569515447473,0.09218980129531475,0.001913055753231113,0.009820030687101895
ENSG00000164379,FOXQ1,FOXQ1,protein_coding,141.16857750086575,-0.5741028669685154,0.2285870978308668,0.0019126751519640216,0.009820030687101895
ENSG00000165516,KLHDC2,KLHDC2,protein_coding,1334.89389597969,0.3110495756697567,0.10755578835947127,0.0019111528474042667,0.009820030687101895
ENSG00000105290,APLP1,APLP1,protein_coding,87.80516781896591,-0.5552205337884112,0.21716339031250656,0.0019147936748215042,0.009825405927366911
ENSG00000213073,RP11-288H12.3,RP11-288H12.3,pseudogene,78.41576396246545,-0.5914541316465086,0.23603420624199822,0.0019157771275431859,0.009826907270888668
ENSG00000145779,TNFAIP8,TNFAIP8,protein_coding,1346.126284254569,0.3459893717321732,0.12169101108533284,0.0019186717565419888,0.00983114545553019
ENSG00000196659,TTC30B,TTC30B,protein_coding,108.00176900748764,-0.5240030523464877,0.2001813381669293,0.0019183316292794837,0.00983114545553019
ENSG00000235501,RP4-639F20.1,RP4-639F20.1,antisense,116.24668192492689,0.49185189728453416,0.18618589334803518,0.0019186768689926747,0.00983114545553019
ENSG00000185787,MORF4L1,MORF4L1,protein_coding,7342.394461588206,0.2577297962074311,0.08688310308770536,0.0019206028615013858,0.009837470328410411
ENSG00000136813,KIAA0368,KIAA0368,protein_coding,2861.862837065086,0.27619131838958577,0.0945247951900162,0.001921519398370632,0.009838622002312407
ENSG00000143469,SYT14,SYT14,protein_coding,102.35793362838913,-0.5490330191577786,0.2145869018818216,0.001932433349268224,0.009889896571447426
ENSG00000145041,VPRBP,VPRBP,protein_coding,579.672891586966,0.315735574426041,0.10970089555298078,0.001932924104936997,0.009889896571447426
ENSG00000125347,IRF1,IRF1,protein_coding,495.84391622429627,-0.444468689707792,0.16626208127132017,0.001935506218419285,0.009899547087664837
ENSG00000132205,EMILIN2,EMILIN2,protein_coding,535.7153283210683,-0.30619346665877706,0.10579612542770787,0.0019442497606737225,0.00994069324077032
ENSG00000178449,COX14,COX14,protein_coding,223.01043793420263,0.4105824719764403,0.14929232927501251,0.0019504977691821737,0.009969055073247302
ENSG00000134574,DDB2,DDB2,protein_coding,1045.1330419945484,-0.2978029872970762,0.10257311019038222,0.0019537140514950284,0.009981906849305059
ENSG00000183255,PTTG1IP,PTTG1IP,protein_coding,7131.510049301004,0.28896446905796175,0.09928465710034405,0.0019579093417235387,0.009999749542791961
ENSG00000075539,FRYL,FRYL,protein_coding,1138.1125769319046,0.31703960487492644,0.1102356546015157,0.001959953358194767,0.010003005585562386
ENSG00000132510,KDM6B,KDM6B,protein_coding,667.8518095954634,-0.35522588393751736,0.1260290271948091,0.0019598326982447688,0.010003005585562386
ENSG00000100380,ST13,ST13,protein_coding,6249.702614398185,-0.26383366064179303,0.08956864028135915,0.0019639130600193795,0.010019619571634022
ENSG00000225733,FGD5-AS1,FGD5-AS1,antisense,3663.256752975012,0.2518041246583915,0.08514438596343618,0.0019656115951787482,0.010024689612700794
ENSG00000198933,TBKBP1,TBKBP1,protein_coding,462.9361801953158,0.3285463420672452,0.11472051345868968,0.001974285395760179,0.010065317372506375
ENSG00000106785,TRIM14,TRIM14,protein_coding,212.7407892186323,-0.49440124041058753,0.1895268455325343,0.001987916212377934,0.010131178862366082
ENSG00000170153,RNF150,RNF150,protein_coding,295.11022947888125,-0.5873528810867231,0.24090463874212328,0.0019901503307414286,0.010138932057473524
ENSG00000182272,B4GALNT4,B4GALNT4,protein_coding,49.542302248293744,-0.6839617009255916,0.2874700014719255,0.0020141022380678387,0.010257282575824181
ENSG00000055211,GINM1,GINM1,protein_coding,2405.619584585415,0.24261973722726807,0.08231031704961399,0.002015577140715275,0.010257448747597164
ENSG00000102882,MAPK3,MAPK3,protein_coding,2425.800293349521,-0.2620264450041329,0.08928682054632849,0.0020150917350821645,0.010257448747597164
ENSG00000165156,ZHX1,ZHX1,protein_coding,1123.268322995308,-0.3010503745241704,0.10422631767019333,0.002022080364491955,0.010283185950852189
ENSG00000223380,SEC22B,SEC22B,processed_transcript,3228.9146855318713,0.2648703994727499,0.09003029315030443,0.0020214694795526247,0.010283185950852189
ENSG00000163683,SMIM14,SMIM14,protein_coding,2327.4678441009637,0.3743602121867261,0.1351807824229295,0.0020452362514828864,0.010397226748067395
ENSG00000154589,LY96,LY96,protein_coding,124.8878627426965,-0.5568446800271288,0.22175065918189926,0.0020468606379723713,0.010401766957670243
ENSG00000069535,MAOB,MAOB,protein_coding,395.8756825127759,0.9823475930202402,0.5046260243173807,0.002048982596242474,0.010408831588911769
ENSG00000106049,HIBADH,HIBADH,protein_coding,1388.4475556077844,-0.2529495748489673,0.08580263051178617,0.0020522191784609575,0.01042155144392312
ENSG00000166037,CEP57,CEP57,protein_coding,825.3261312939143,-0.28566884749534266,0.09859853025670193,0.002055772550631914,0.010435870364092915
ENSG00000103248,MTHFSD,MTHFSD,protein_coding,287.2519989928463,-0.38232311386689866,0.13783242485684574,0.002057841458204892,0.010442646058332639
ENSG00000165240,ATP7A,ATP7A,protein_coding,609.317630271505,-0.3451209283005433,0.12239910553781246,0.0020677691731130123,0.010489282709828634
ENSG00000215105,TTC3P1,TTC3P1,pseudogene,307.11506505667086,-0.3671933336814893,0.13143330096665642,0.0020711986900828726,0.010502934106145733
ENSG00000109971,HSPA8,HSPA8,protein_coding,20408.97407446042,-0.23486383782358014,0.07937718710981674,0.002078537004193191,0.010536390002724143
ENSG00000026025,VIM,VIM,protein_coding,29720.957276991663,-0.3687638440308528,0.13320661458881197,0.00208070699818159,0.010537685043151654
ENSG00000135093,USP30,USP30,protein_coding,326.6094906847949,-0.37394328280952266,0.13462611809710273,0.002080820511970296,0.010537685043151654
ENSG00000198040,ZNF84,ZNF84,protein_coding,549.9206778845601,-0.31882939530156557,0.1107219263482732,0.0020810149948124997,0.010537685043151654
ENSG00000197006,METTL9,METTL9,protein_coding,1805.0276409917205,-0.25274109147405616,0.08596886357500219,0.002094038538888711,0.010599859137776876
ENSG00000153989,NUS1,NUS1,protein_coding,1108.7043537175207,0.30494588900028446,0.10604690037284904,0.0020975392972948106,0.010613802548815861
ENSG00000111846,GCNT2,GCNT2,protein_coding,40.16595331705767,0.8537009914984258,0.3942183880931204,0.0021015198147259846,0.010626383876524141
ENSG00000132801,ZSWIM3,ZSWIM3,protein_coding,108.24863580994527,-0.4962442974733504,0.19079569060676702,0.002100808920323846,0.010626383876524141
ENSG00000111641,NOP2,NOP2,protein_coding,397.32317449320743,0.34582030850298273,0.12306390946269653,0.0021121899134473646,0.0106765420500623
ENSG00000136925,TSTD2,TSTD2,protein_coding,300.2747124014666,-0.35365521053254184,0.12614112869583896,0.0021153807437123188,0.010688872361834465
ENSG00000162889,MAPKAPK2,MAPKAPK2,protein_coding,2500.3509192921456,0.23417687793549477,0.07984758329516409,0.0021205072885819754,0.010710971474712363
ENSG00000103888,KIAA1199,KIAA1199,protein_coding,117778.9379118848,0.759977323548363,0.3446984127417063,0.0021278333436846202,0.010744160979968064
ENSG00000132669,RIN2,RIN2,protein_coding,1162.9411510897842,0.2817943958534643,0.0971624928742936,0.002129040611311795,0.010746442035237393
ENSG00000110931,CAMKK2,CAMKK2,protein_coding,1164.0941822254977,0.25445843787128636,0.08674441698368335,0.002130566331580411,0.010750328308052419
ENSG00000163788,SNRK,SNRK,protein_coding,350.66921463702516,0.3615473074136527,0.12971458737915023,0.002140956834591731,0.01079509748856178
ENSG00000172731,LRRC20,LRRC20,protein_coding,216.0439266393918,-0.4117106517425086,0.1512561648425964,0.002140902703694456,0.01079509748856178
ENSG00000162298,SYVN1,SYVN1,protein_coding,1028.507670513134,0.28002779039995035,0.0965962698229326,0.002146481105182073,0.010817659866742881
ENSG00000166532,RIMKLB,RIMKLB,protein_coding,728.3334557263784,-0.27713326280023914,0.09542429102847752,0.0021469526015055647,0.010817659866742881
ENSG00000185480,PARPBP,PARPBP,protein_coding,127.09157205805187,-0.5748647282110056,0.2336721828409019,0.002159319188949139,0.010876117614593681
ENSG00000087077,TRIP6,TRIP6,protein_coding,1758.9998975749925,-0.3177120378349332,0.11183396404171418,0.0021608709233673362,0.010876701176425606
ENSG00000112146,FBXO9,FBXO9,protein_coding,1339.4157794733314,0.2650151350666938,0.09079694819293171,0.002160964392897832,0.010876701176425606
ENSG00000213190,MLLT11,MLLT11,protein_coding,141.08296129606614,-0.5471484141636489,0.21867458271508106,0.002163215543731489,0.010884180365771736
ENSG00000184083,FAM120C,FAM120C,protein_coding,441.98736965424365,0.3209663994827558,0.11287770980644668,0.002166033932828493,0.010894507305711629
ENSG00000235734,HMGN1P36,HMGN1P36,pseudogene,158.61124376368346,-0.4597275307305257,0.1736089622853489,0.002172526251319712,0.010923299186557647
ENSG00000120832,MTERFD3,MTERFD3,protein_coding,232.46171811810507,0.40762150608654263,0.14946958485646197,0.0021736621496478052,0.010925148557099074
ENSG00000167193,CRK,CRK,protein_coding,2308.565472947144,0.24211803995443068,0.08289881104311453,0.0021800627867137705,0.010953448632361947
ENSG00000173402,DAG1,DAG1,protein_coding,2850.2700253637167,0.28473425736806035,0.09889486785668644,0.002182011024225498,0.010959366104725808
ENSG00000173376,NDNF,NDNF,protein_coding,85.52089498531048,-0.5736075253587212,0.23073309208579626,0.0021885913495593248,0.010988536306435523
ENSG00000140497,SCAMP2,SCAMP2,protein_coding,1322.5295504048975,0.27990449981798615,0.0965010225889884,0.002191938901475129,0.010997579871104845
ENSG00000213699,SLC35F6,SLC35F6,protein_coding,986.3660893469846,0.2719828424147329,0.09370531290330805,0.002191701761696636,0.010997579871104845
ENSG00000148426,PROSER2,PROSER2,protein_coding,108.04425626813627,0.5893316181613596,0.24224195215170086,0.0021939904598114266,0.01100399164328552
ENSG00000198478,SH3BGRL2,SH3BGRL2,protein_coding,188.85064178437833,-0.4122556477070657,0.15254624732798613,0.0021956335917331146,0.011008351148682347
ENSG00000100106,TRIOBP,TRIOBP,protein_coding,870.7081954951071,-0.29345126827233664,0.10227860685045416,0.0021972991259450294,0.011012819861677976
ENSG00000203780,FANK1,FANK1,protein_coding,79.37759808452319,-0.5626377522207998,0.22609571133060194,0.002200700510033232,0.011025982407436666
ENSG00000099840,IZUMO4,IZUMO4,protein_coding,37.772819643803,0.7795003210213346,0.3492963799719331,0.0022024249269651207,0.01103073667646193
ENSG00000133597,ADCK2,ADCK2,protein_coding,237.65965676316785,0.38445197415419347,0.13946737242225193,0.0022118163598069903,0.011073873953500396
ENSG00000158552,ZFAND2B,ZFAND2B,protein_coding,350.41094320800045,-0.36561309225190014,0.1318358586374344,0.0022136881585950673,0.011079345660751668
ENSG00000145012,LPP,LPP,protein_coding,4864.738005877519,0.4153082394769701,0.15511977613969055,0.00221554743971418,0.011084750890782447
ENSG00000146433,TMEM181,TMEM181,protein_coding,1585.94196618098,0.2591177394754331,0.08895930404432777,0.002217462492936961,0.011090431258627052
ENSG00000070159,PTPN3,PTPN3,protein_coding,76.33082298445737,0.5806963355652672,0.23564359001435384,0.00222149191836157,0.01110618936173924
ENSG00000133027,PEMT,PEMT,protein_coding,200.62064725049638,0.43715667054041407,0.1640411961253833,0.002222174839954294,0.01110618936173924
ENSG00000196371,FUT4,FUT4,protein_coding,160.7147171968189,0.48868637966623546,0.18902014966569605,0.0022275474383869945,0.011129130580827753
ENSG00000051180,RAD51,RAD51,protein_coding,41.34423753614834,0.7442930022791472,0.328409225787253,0.0022370607997683465,0.011172736241539664
ENSG00000198959,TGM2,TGM2,protein_coding,10024.220711417585,0.39628754134232347,0.14724433854830027,0.0022590110564523203,0.011278404095113305
ENSG00000134058,CDK7,CDK7,protein_coding,479.66878435855006,0.3130586802163374,0.1104942501153651,0.002259843728926616,0.011278602526404276
ENSG00000079841,RIMS1,RIMS1,protein_coding,40.664163113566396,0.8918174100355363,0.43442373849159444,0.002263210228612509,0.01128748327201414
ENSG00000263006,ROCK1P1,ROCK1P1,pseudogene,267.12310482784295,0.4142926169523675,0.15382933000852142,0.0022626968853828645,0.01128748327201414
ENSG00000166250,CLMP,CLMP,protein_coding,3469.300094760076,-0.299690645211382,0.10535380248845594,0.0022717063370571453,0.011321916937036032
ENSG00000166394,CYB5R2,CYB5R2,protein_coding,220.4331885040346,0.3817036801784425,0.13900259196226258,0.0022711308833066298,0.011321916937036032
ENSG00000140374,ETFA,ETFA,protein_coding,1289.3670884971305,0.2833669401945506,0.09834229930490417,0.002285206403366453,0.011385210466369328
ENSG00000198237,RP11-98J23.2,RP11-98J23.2,pseudogene,109.12446041509855,-0.5281142813401025,0.20992357530006603,0.0022873461086429267,0.011391880619515753
ENSG00000122507,BBS9,BBS9,protein_coding,551.3513733869021,-0.3411608049115904,0.12230669998003207,0.0022964263688684443,0.011433100689809154
ENSG00000063587,ZNF275,ZNF275,protein_coding,580.7585758272423,0.31336417624574153,0.11068469296483191,0.00230315266622932,0.011462576460617862
ENSG00000116761,CTH,CTH,protein_coding,50.116997644485686,0.7268932725871595,0.32249117738613237,0.0023208320086709326,0.011546524830827333
ENSG00000215492,HNRNPA1P7,HNRNPA1P7,pseudogene,488.7742640084992,0.3319209739656869,0.11835908238587971,0.002321833905066256,0.01154747044253931
ENSG00000253366,RP11-589F5.4,RP11-589F5.4,pseudogene,113.20226759668152,-0.5178633238951297,0.20522887356517053,0.002328714355035154,0.011577641728773166
ENSG00000156345,CDK20,CDK20,protein_coding,156.76895745657168,-0.5162521338748121,0.20503208188066027,0.0023301268857470695,0.011580616639715694
ENSG00000115840,SLC25A12,SLC25A12,protein_coding,478.20398673787986,0.40968211768591173,0.15313591275723043,0.0023317178444057446,0.011584475940910692
ENSG00000108946,PRKAR1A,PRKAR1A,protein_coding,7498.264074145108,0.24282329907212274,0.08333237426147794,0.002333069397633727,0.01158714354467253
ENSG00000196409,ZNF658,ZNF658,protein_coding,117.13170979482788,-0.48485926308647304,0.1876736688965911,0.0023395280151536557,0.011615164568078745
ENSG00000091844,RGS17,RGS17,protein_coding,81.46959588019737,-0.5538225334400769,0.2227071345901055,0.002341851148075955,0.01162264156672449
ENSG00000184007,PTP4A2,PTP4A2,protein_coding,3926.107336696301,0.23909699329142567,0.08201981220138013,0.002345524773737304,0.01163681352690597
ENSG00000133874,RNF122,RNF122,protein_coding,118.17036584891041,-0.49836449104749625,0.19520526766553242,0.0023514400849790175,0.011662093364275294
ENSG00000139437,TCHP,TCHP,protein_coding,397.3154642851951,0.3360315333139005,0.12031940837589815,0.002354474709156556,0.011669006363429565
ENSG00000196154,S100A4,S100A4,protein_coding,3795.8684164088777,-0.240758578842965,0.08266223108510258,0.002354176882793807,0.011669006363429565
ENSG00000183111,ARHGEF37,ARHGEF37,protein_coding,195.01126845257312,-0.5301838735148766,0.21378641545146096,0.0023595260453405124,0.011689968118747283
ENSG00000127837,AAMP,AAMP,protein_coding,1360.8105154300313,0.2670171332866803,0.09283280151306418,0.00236361988762494,0.011706173148181457
ENSG00000104067,TJP1,TJP1,protein_coding,3262.4689561434393,0.2641075244579547,0.09271771905323262,0.002366358675188372,0.011715658125958721
ENSG00000072134,EPN2,EPN2,protein_coding,693.1062642236179,0.3425004715412967,0.12325921405175709,0.002385316732851433,0.011805408910257057
ENSG00000180628,PCGF5,PCGF5,protein_coding,949.5599471911995,0.35705253512326807,0.1297807673857075,0.002388267321858272,0.011815900656038979
ENSG00000121769,FABP3,FABP3,protein_coding,88.3120890970365,-0.5607876000558244,0.22809664092865425,0.002390110879117102,0.01182090999463201
ENSG00000189398,OR7E12P,OR7E12P,pseudogene,81.81577357219703,-0.5494152854381429,0.221696609331119,0.002401367985207103,0.01187245680277575
ENSG00000019144,PHLDB1,PHLDB1,protein_coding,2993.0372113611866,0.31473904282491855,0.11200849442333523,0.0024031957178194886,0.011873239281092187
ENSG00000167962,ZNF598,ZNF598,protein_coding,613.0098203735618,0.32759381301492363,0.11718042280032177,0.0024023661967081163,0.011873239281092187
ENSG00000075234,TTC38,TTC38,protein_coding,507.7967367967379,0.31277591308086683,0.11101058900124795,0.002407230733911472,0.011889045124707216
ENSG00000260565,ERVK13-1,ERVK13-1,processed_transcript,247.9022778660189,-0.3961655575232764,0.14708856274698945,0.0024084633937786625,0.011891004273900623
ENSG00000111799,COL12A1,COL12A1,protein_coding,43954.60815917089,-0.24086115683428164,0.08296268471268822,0.0024185204797582817,0.011932374368394658
ENSG00000138696,BMPR1B,BMPR1B,protein_coding,44.536900179717975,0.7149506889528154,0.31479111343802185,0.0024182969456826965,0.011932374368394658
ENSG00000090238,YPEL3,YPEL3,protein_coding,976.2810102933753,0.3298620700188931,0.11827776743432562,0.00245053721048781,0.01208614468861949
ENSG00000163545,NUAK2,NUAK2,protein_coding,78.29949839730202,0.6696517351282886,0.2952539505820574,0.002457459570726298,0.012116084899137215
ENSG00000172530,BANP,BANP,protein_coding,213.88823130981413,-0.4387947365027564,0.1677172685639642,0.0024754833752931864,0.012200719171923176
ENSG00000250251,PKD1P6,PKD1P6,pseudogene,1052.6939167652463,0.34881214263465377,0.12675803960669338,0.002480772685881816,0.01222255305991789
ENSG00000261088,RP11-61A14.3,RP11-61A14.3,lincRNA,103.42542384898056,0.5517190386077727,0.22489177552176084,0.002484075665615622,0.012234588735358936
ENSG00000111897,SERINC1,SERINC1,protein_coding,10766.94281251076,0.23842155432992576,0.08201766967208408,0.0024869130385914767,0.012244323662487077
ENSG00000115548,KDM3A,KDM3A,protein_coding,1312.4646624298862,0.2829988550295555,0.09947907364617353,0.0024964023079605425,0.012286791151706144
ENSG00000188921,PTPLAD2,PTPLAD2,protein_coding,815.1829981876286,0.3134413334062607,0.11196448836483774,0.002506838314404517,0.012333887299927309
ENSG00000170145,SIK2,SIK2,protein_coding,3183.6289120463466,0.27544782392408823,0.09655487559185637,0.0025180406240050616,0.012384719860251728
ENSG00000130202,PVRL2,PVRL2,protein_coding,1139.478061505298,0.2996284944428646,0.10636551642070548,0.002541419585711553,0.012495386169084388
ENSG00000182628,SKA2,SKA2,protein_coding,410.57817323133236,-0.3159001442554437,0.11327060391611461,0.002545132946486074,0.012509319637462997
ENSG00000119392,GLE1,GLE1,protein_coding,600.0603320267671,0.2881582167468309,0.10184202149437693,0.0025612350677413826,0.012584113161849196
ENSG00000054282,SDCCAG8,SDCCAG8,protein_coding,486.90293530689866,-0.34630450509128774,0.1260603760652338,0.0025665046901092287,0.012599147050692547
ENSG00000142733,MAP3K6,MAP3K6,protein_coding,810.2415074499668,0.3071979962873265,0.10968327226676125,0.00256744123409456,0.012599147050692547
ENSG00000188613,NANOS1,NANOS1,protein_coding,111.1745191653264,0.5604513392177147,0.23128123751951193,0.0025678379710318967,0.012599147050692547
ENSG00000197965,MPZL1,MPZL1,protein_coding,5428.870239312109,0.21527432563335194,0.07419685042693447,0.0025672101665436867,0.012599147050692547
ENSG00000170085,SIMC1,SIMC1,protein_coding,234.001006012917,0.36887540676988456,0.13574181529581,0.002573265970606203,0.01262142591927677
ENSG00000033627,ATP6V0A1,ATP6V0A1,protein_coding,795.5131890011215,0.3739770856263732,0.13868352548097554,0.0025836946078377585,0.012667848600467393
ENSG00000088882,CPXM1,CPXM1,protein_coding,61.77934131962815,-0.6611557856653434,0.28836148115152227,0.002584841583252335,0.012667848600467393
ENSG00000187735,TCEA1,TCEA1,protein_coding,2395.7550784662767,-0.2701199722784912,0.09507694282306083,0.0025854024526966285,0.012667848600467393
ENSG00000119227,PIGZ,PIGZ,protein_coding,174.99853458613592,0.40707520961141314,0.15408476381686848,0.002587533124078372,0.012673922574686903
ENSG00000196700,ZNF512B,ZNF512B,protein_coding,901.630776289897,-0.27065200649758053,0.09510826792913368,0.0026126037282059675,0.012792315122203678
ENSG00000054965,FAM168A,FAM168A,protein_coding,1647.509627570837,-0.24577751114960913,0.08546843013163076,0.0026251391328751244,0.01284927013971637
ENSG00000257542,OR7E47P,OR7E47P,pseudogene,207.4220257974174,0.5244020406403567,0.21431066716761388,0.0026274159982209023,0.012855990766664643
ENSG00000059758,CDK17,CDK17,protein_coding,820.5784504084888,-0.298900207181209,0.10590200170356602,0.002629667937942229,0.012862584851887987
ENSG00000095380,NANS,NANS,protein_coding,344.3453778645551,0.3258500407868256,0.11756274939448691,0.0026389923603940637,0.012903756388533917
ENSG00000111077,TENC1,TENC1,protein_coding,3662.95276903865,0.2611963916201116,0.09077614222656358,0.0026428008075862707,0.012917937693163958
ENSG00000187244,BCAM,BCAM,protein_coding,550.5857885890629,-0.3203226984331408,0.11577745153367815,0.00265906386965965,0.01299296615666055
ENSG00000169213,RAB3B,RAB3B,protein_coding,3270.927549549258,0.4331730745637417,0.16871896939314313,0.0026637100441379282,0.01301119906175065
ENSG00000023171,GRAMD1B,GRAMD1B,protein_coding,82.2238125077651,-0.592738802756966,0.25035078566353974,0.002670931711502365,0.013041995422042443
ENSG00000242732,RGAG4,RGAG4,protein_coding,652.7306429785323,0.3977433624109623,0.15011598457305703,0.0026758035712089964,0.013061300616635817
ENSG00000157036,EXOG,EXOG,protein_coding,270.30838533607283,0.4445160144245252,0.1722667037143621,0.0026824671968381625,0.013089335645909443
ENSG00000047621,C12orf4,C12orf4,protein_coding,384.655080982354,-0.34627310855318666,0.12625492127640728,0.0026835607313957987,0.013090181016246172
ENSG00000234745,HLA-B,HLA-B,protein_coding,4439.725394598901,-0.25347647853238625,0.08842749651063579,0.0026943164824362615,0.01313814111970291
ENSG00000155008,APOOL,APOOL,protein_coding,114.69519361887457,0.5183744199892668,0.211386417354441,0.002711450650503167,0.013217160401904404
ENSG00000197894,ADH5,ADH5,protein_coding,8177.982440906398,0.2695558380344676,0.09232029486209724,0.0027127195653302186,0.01321881572362351
ENSG00000124145,SDC4,SDC4,protein_coding,5582.079677991302,-0.35410337505049916,0.1310329835364852,0.002715773887439376,0.013229167046211536
ENSG00000153094,BCL2L11,BCL2L11,protein_coding,515.403126833937,-0.4718391881686299,0.18766377784514454,0.002730603001292754,0.013296849397599498
ENSG00000110881,ASIC1,ASIC1,protein_coding,265.6757421324847,-0.37239319724022896,0.13843915942490367,0.002741068570374057,0.013343244129021421
ENSG00000168661,ZNF30,ZNF30,protein_coding,47.30182109176426,-0.6829591548160334,0.30373399171212173,0.002753725098268753,0.013400268832629061
ENSG00000112419,PHACTR2,PHACTR2,protein_coding,1608.0369832391177,0.3333049176396864,0.12129284791190945,0.002756942323131485,0.013411336389952887
ENSG00000109323,MANBA,MANBA,protein_coding,1739.050186398784,-0.25546955396708687,0.08934696200168978,0.0027596906212321247,0.013420116032959228
ENSG00000143811,PYCR2,PYCR2,protein_coding,300.7111942310205,0.3463030445393029,0.12697933429007124,0.002760787909838625,0.0134208637148136
ENSG00000172348,RCAN2,RCAN2,protein_coding,547.6270203994857,-1.0640159920350547,0.6718360508198491,0.002777823418106449,0.013499063990142172
ENSG00000121104,FAM117A,FAM117A,protein_coding,148.4057923298777,-0.43726890094157167,0.16904530557284148,0.002782935274098266,0.01351928665941726
ENSG00000008083,JARID2,JARID2,protein_coding,302.230322053708,0.38172156948254954,0.14350513459573302,0.0027845987320780892,0.0135227491857558
ENSG00000228801,RP11-110G21.1,RP11-110G21.1,antisense,35.89555652170614,-0.7459319513140577,0.3424472018752467,0.0027869589619543044,0.013529591902675093
ENSG00000100714,MTHFD1,MTHFD1,protein_coding,748.0033658189554,0.27055845161875625,0.09581179513031304,0.0027921395539406216,0.013550117030109656
ENSG00000148925,BTBD10,BTBD10,protein_coding,507.12764181887485,-0.31360087440284784,0.11342809788028764,0.0028020704765061594,0.013593673416720194
ENSG00000104205,SGK3,SGK3,protein_coding,87.88185458928876,0.5098675403785765,0.20555695225539072,0.0028126295428761282,0.013635597347603971
ENSG00000122545,SEPT7,SEPT7,protein_coding,8720.376839606888,0.22109034529745664,0.07677783809889809,0.0028121357725715336,0.013635597347603971
ENSG00000138071,ACTR2,ACTR2,protein_coding,5203.887001089837,0.26427686559793057,0.09346444613229957,0.0028150488055533503,0.013638029363144023
ENSG00000174132,FAM174A,FAM174A,protein_coding,155.86524874477493,0.4258606847227754,0.16394198206991958,0.0028142868398555567,0.013638029363144023
ENSG00000132603,NIP7,NIP7,protein_coding,277.8632842381812,0.3453161064572912,0.12663719551849184,0.0028183635449010357,0.013649439245036544
ENSG00000164096,C4orf3,C4orf3,protein_coding,2320.6006653390396,-0.4674988041829531,0.1903174536644797,0.002824267980061538,0.013673379083864984
ENSG00000215447,BX322557.10,BX322557.10,processed_transcript,154.6363630744878,-0.4441704165634341,0.17318325173294866,0.0028515218290471145,0.013800628273687022
ENSG00000143429,AC027612.6,AC027612.6,pseudogene,749.8202701475177,-0.297828485499929,0.10720889408081029,0.002855774767544727,0.01381651030393068
ENSG00000105607,GCDH,GCDH,protein_coding,184.64264566599812,0.3969623920139285,0.15043562631448903,0.002860820308394066,0.013836214915537978
ENSG00000173545,ZNF622,ZNF622,protein_coding,517.696457542449,0.29796329773839036,0.10719050644848174,0.002883005266196914,0.013938771892041095
ENSG00000076706,MCAM,MCAM,protein_coding,70.22308728942626,0.6956768773849984,0.3191410372096967,0.0028856291291111413,0.013946717204375425
ENSG00000172955,ADH6,ADH6,protein_coding,31.901467093038324,0.7941561527948845,0.37814717364672823,0.002888364666028117,0.013955196674451064
ENSG00000099326,MZF1,MZF1,protein_coding,315.0588519233128,-0.37141387305193657,0.13849614948323424,0.0028897499475278358,0.013957148812779603
ENSG00000121690,DEPDC7,DEPDC7,protein_coding,92.06436536461115,-0.5304828527007311,0.2187511592795378,0.0029003147145529283,0.014000912205778534
ENSG00000128944,KNSTRN,KNSTRN,protein_coding,122.56088482251462,0.48320084572601063,0.1937073734878212,0.002901763862671198,0.014000912205778534
ENSG00000213366,GSTM2,GSTM2,protein_coding,1298.8025602079167,-0.2925449809864009,0.10529159375584361,0.002900786674641157,0.014000912205778534
ENSG00000255346,NOX5,NOX5,protein_coding,43.81827431107584,-0.7394480167490968,0.3424337442774069,0.0029047542551767355,0.014010588174172224
ENSG00000214940,NPIPA8,NPIPA8,protein_coding,1001.274099916585,0.28011888122660256,0.10009851052827579,0.0029175974513126523,0.01406776479575294
ENSG00000135074,ADAM19,ADAM19,protein_coding,751.3795976481249,0.41950630446729986,0.1626390100526843,0.0029233358450777053,0.014085883828043795
ENSG00000159593,NAE1,NAE1,protein_coding,719.6812322764825,0.2931644605534758,0.10563033934194571,0.0029226999930550093,0.014085883828043795
ENSG00000185803,SLC52A2,SLC52A2,protein_coding,427.30865305585655,0.35080573359296485,0.13160254506305694,0.002934997090216902,0.014137283647560181
ENSG00000124374,PAIP2B,PAIP2B,protein_coding,25.624759180189194,0.9167719011973098,0.47191033213874717,0.0029361214605155023,0.014137911866747632
ENSG00000091483,FH,FH,protein_coding,948.1861526511078,0.3033961817012723,0.10970673821114758,0.002937161610396025,0.014138134262698158
ENSG00000128272,ATF4,ATF4,protein_coding,5833.672076388549,-0.22966254050723794,0.08076663301122766,0.0029488381669871343,0.014189537918547023
ENSG00000126773,PCNXL4,PCNXL4,protein_coding,1323.10331437985,-0.24264414840660042,0.08512698558567712,0.0029533679689352954,0.014206528911104377
ENSG00000240809,RP11-550F7.1,RP11-550F7.1,pseudogene,30.438648390609732,0.8168600762357322,0.39857386101289655,0.002957741182051498,0.014222755433908217
ENSG00000135315,KIAA1009,KIAA1009,protein_coding,327.3909090190308,-0.3404197831126236,0.1255680393765739,0.0029610820831242044,0.014234008634795093
ENSG00000106683,LIMK1,LIMK1,protein_coding,1189.94275699454,-0.2528936688244052,0.0894854260456952,0.002975287450081052,0.014297462395254352
ENSG00000186462,NAP1L2,NAP1L2,protein_coding,62.94747630466273,0.6619025243305173,0.2963364513659887,0.002976615633183981,0.014299014105507919
ENSG00000111788,RP11-22B23.1,RP11-22B23.1,pseudogene,80.26588460680914,-0.565322282925797,0.23960806233258983,0.0030049141544203233,0.01443008066592663
ENSG00000144061,NPHP1,NPHP1,protein_coding,162.34989579861528,-0.4082605161475321,0.1571769395442756,0.0030203899227211678,0.014499502619232498
ENSG00000078177,N4BP2,N4BP2,protein_coding,450.5040089113484,0.3554241136084773,0.1327838713341032,0.0030216256396233157,0.014500540856275994
ENSG00000228223,HCG11,HCG11,lincRNA,507.09311259438795,0.29393187464581255,0.10602321318189217,0.0030272755943467756,0.01452275482427944
ENSG00000014216,CAPN1,CAPN1,protein_coding,3462.105023280208,0.2425879885905001,0.0856629931425503,0.003032692489216667,0.014539899457160058
ENSG00000112972,HMGCS1,HMGCS1,protein_coding,239.968409381751,-0.3626807501229931,0.13590696445486644,0.0030332406896160535,0.014539899457160058
ENSG00000159792,PSKH1,PSKH1,protein_coding,958.4956414178287,0.2757421689052189,0.09878732305817566,0.0030339160284625316,0.014539899457160058
ENSG00000119979,FAM45A,FAM45A,protein_coding,1465.5928990025052,0.25387072212191125,0.09045447602773989,0.00303710682956867,0.014550288832531075
ENSG00000136628,EPRS,EPRS,protein_coding,2682.568294186024,-0.26850673699717187,0.096094414374864,0.003040832890156746,0.014563234690097493
ENSG00000104219,ZDHHC2,ZDHHC2,protein_coding,1434.111446325641,0.3252502139200045,0.11948143903483556,0.0030729322779918383,0.014712012360200574
ENSG00000214967,NPIPA7,NPIPA7,protein_coding,1061.4486704929523,0.27492361123139253,0.09874355402330212,0.0030816271589653105,0.01474867587790127
ENSG00000132535,DLG4,DLG4,protein_coding,471.54284097092903,-0.2972878237517834,0.10841469715183936,0.003098569501591253,0.014819762164110762
ENSG00000134371,CDC73,CDC73,protein_coding,942.9555882097079,0.27431721372892615,0.09855127203113424,0.0030986422302549817,0.014819762164110762
ENSG00000196591,HDAC2,HDAC2,protein_coding,1292.462252734066,-0.2832827133356604,0.10195643220505642,0.0030996057675920638,0.014819762164110762
ENSG00000181045,SLC26A11,SLC26A11,protein_coding,310.4467104296712,-0.33020089609839876,0.1217174390027715,0.0031081708730834132,0.014854246020334376
ENSG00000197451,HNRNPAB,HNRNPAB,protein_coding,995.4105833969513,0.3225640629712381,0.118622404947416,0.003108906805577576,0.014854246020334376
ENSG00000130309,COLGALT1,COLGALT1,protein_coding,1784.8744178297218,0.23624515193203655,0.08358446143677277,0.0031108852125786694,0.01485870761038247
ENSG00000172531,PPP1CA,PPP1CA,protein_coding,1049.7261442938486,0.31239492038912126,0.11484894136889608,0.003137124353459551,0.014979005305004582
ENSG00000242802,AP5Z1,AP5Z1,protein_coding,942.7578128886576,0.2696795354475962,0.09661517580953921,0.0031394425277605775,0.014985043796935053
ENSG00000181819,KCTD9P2,KCTD9P2,pseudogene,81.81936094718432,0.5173275435379746,0.21475665034652455,0.0031424489108509883,0.014994362062376537
ENSG00000179632,MAF1,MAF1,protein_coding,1886.400304438413,0.2466928283226656,0.08695168280209492,0.0031528697444810684,0.015039040659120963
ENSG00000172840,PDP2,PDP2,protein_coding,224.42271615171404,0.49210879775735916,0.20255438231671996,0.0031573447113382508,0.015055337302740624
ENSG00000081189,MEF2C,MEF2C,protein_coding,115.34985032469602,-0.5129580425672856,0.21056707242703956,0.0031589329371667168,0.01505786263346494
ENSG00000213516,RBMXL1,RBMXL1,protein_coding,289.34023132244835,0.3828622153182794,0.1454584354441888,0.0031610755352754275,0.01506302794430743
ENSG00000135437,RDH5,RDH5,protein_coding,70.44585294458898,-0.6702744596106449,0.3111713490324427,0.0031772070968995535,0.015129760209675009
ENSG00000144120,TMEM177,TMEM177,protein_coding,62.282322063834265,-0.6220224898026053,0.2751522263833201,0.003176367412542885,0.015129760209675009
ENSG00000073921,PICALM,PICALM,protein_coding,3851.6552394019077,0.23701682042265718,0.08461342197715595,0.0031813213873910077,0.015144282267151837
ENSG00000102878,HSF4,HSF4,protein_coding,144.3664426318165,-0.4907556195148575,0.2003857276142773,0.0032125880827157485,0.015282893942658464
ENSG00000264469,RP11-173M1.8,RP11-173M1.8,lincRNA,46.87955258543027,0.651517576040393,0.29231358825491655,0.003211802222789205,0.015282893942658464
ENSG00000107679,PLEKHA1,PLEKHA1,protein_coding,663.0676889344275,0.27332191368419273,0.098498107161379,0.003231170333775936,0.015366154071423908
ENSG00000140598,EFTUD1,EFTUD1,protein_coding,430.98509412670376,-0.31822456775915786,0.1173175776585105,0.003232684088013333,0.015368214728576754
ENSG00000132003,ZSWIM4,ZSWIM4,protein_coding,145.34190683431626,0.47709347331801,0.1940652571223111,0.0032458233031643566,0.015420370963329929
ENSG00000163050,ADCK3,ADCK3,protein_coding,499.7992361120232,-0.3574907521099972,0.1352440158789685,0.0032447781567762593,0.015420370963329929
ENSG00000138119,MYOF,MYOF,protein_coding,16193.751703408627,0.26506737693507054,0.09523908837293689,0.003249179428143592,0.015431161330856244
ENSG00000198805,PNP,PNP,protein_coding,71.06557972741031,0.5491351761482702,0.2323051051958589,0.003250850108599408,0.015433942571668219
ENSG00000013016,EHD3,EHD3,protein_coding,1961.8333822187928,0.39259832688303664,0.15314159386737508,0.003257600580459582,0.0154608310498689
ENSG00000218497,ZNF84,ZNF84,protein_coding,522.1031518898199,-0.29978716651613374,0.10958940287892854,0.003269257586198337,0.015510980622443344
ENSG00000099956,SMARCB1,SMARCB1,protein_coding,872.9121550188179,-0.25993263289869367,0.0934724435904458,0.003291188907176096,0.015599423863936283
ENSG00000146414,SHPRH,SHPRH,protein_coding,430.060612645285,-0.3652031349362285,0.1386480080048926,0.003289796316596447,0.015599423863936283
ENSG00000177192,PUS1,PUS1,protein_coding,131.17624875689572,0.5073254270947083,0.21125467667458211,0.003290279454062741,0.015599423863936283
ENSG00000100578,KIAA0586,KIAA0586,protein_coding,298.0502733651038,-0.33478078469724254,0.12492489433376171,0.0032941483603432906,0.015608249925890395
ENSG00000186364,NUDT17,NUDT17,protein_coding,43.73052127355099,-0.6640930692198126,0.30226701515525706,0.0032952528234642623,0.015608283769882008
ENSG00000103005,USB1,USB1,protein_coding,645.8171410894068,0.30897785959900825,0.11359526307106484,0.0032972972847955468,0.015612768501641764
ENSG00000178567,EPM2AIP1,EPM2AIP1,protein_coding,673.3498407226211,-0.2779481183856665,0.099545290061214,0.003306081895418625,0.015638745886409885
ENSG00000198719,DLL1,DLL1,protein_coding,213.3790795329945,-0.4233685914434625,0.16710779018050317,0.00330584452980262,0.015638745886409885
ENSG00000253982,CTD-2336O2.1,CTD-2336O2.1,antisense,216.82706465728828,-0.36645300247595036,0.13909749183472137,0.003304837481332569,0.015638745886409885
ENSG00000135686,KLHL36,KLHL36,protein_coding,1651.7178263774852,0.23951790290603772,0.08529113297233819,0.003310498450271288,0.015654431501548806
ENSG00000053254,FOXN3,FOXN3,protein_coding,3785.44543514602,0.3488950853425909,0.13166258888380042,0.0033156438251017175,0.015673551933614766
ENSG00000106070,GRB10,GRB10,protein_coding,723.6544552664616,0.30818803439940434,0.11359881698853443,0.0033425155415070227,0.01579532925660993
ENSG00000225422,RBMS1P1,RBMS1P1,pseudogene,193.9975033582122,0.3910053031982626,0.15157823487119293,0.0033509468790113924,0.01582991312090935
ENSG00000257732,RP11-818F20.5,RP11-818F20.5,antisense,44.55892115839206,0.7142829104703414,0.33795926906398077,0.0033549516068951814,0.0158435696070641
ENSG00000177889,UBE2N,UBE2N,protein_coding,898.5736342859809,0.27332278153046846,0.09907376168947639,0.003362944931079472,0.015876046697535482
ENSG00000269834,CTD-3018O17.3,CTD-3018O17.3,processed_transcript,120.29797562641122,-0.5160376580082061,0.2167186933212724,0.0033677340341524333,0.01589338052481228
ENSG00000146828,SLC12A9,SLC12A9,protein_coding,524.6633471901686,0.28983338786579493,0.1060579236548073,0.003371341016939485,0.015905125912088633
ENSG00000017427,IGF1,IGF1,protein_coding,841.7973471539967,-0.42619411903418136,0.1683739287286329,0.003372550480456095,0.01590555637732344
ENSG00000152952,PLOD2,PLOD2,protein_coding,2285.3618574334164,-0.3784359867843617,0.1470846020274159,0.0033745739126350913,0.015909824107829477
ENSG00000020181,GPR124,GPR124,protein_coding,7891.900034231233,-0.3153973551520756,0.11626930269164655,0.0033774533605581227,0.015912850811718695
ENSG00000173482,PTPRM,PTPRM,protein_coding,3124.5485134474975,0.30102126975121934,0.11129646818270818,0.0033774255024584155,0.015912850811718695
ENSG00000155511,GRIA1,GRIA1,protein_coding,2887.4273507465145,0.7083302747494794,0.34753185385332885,0.0034045332240354403,0.0160351260194305
ENSG00000109099,PMP22,PMP22,protein_coding,6957.796166545702,-0.24429278127351087,0.08693248509168787,0.003407557246859392,0.01604405636521946
ENSG00000259953,RP11-4O1.2,RP11-4O1.2,sense_overlapping,53.83248703563969,0.6040682955208527,0.26638312323554786,0.003420064758404521,0.016097617843661784
ENSG00000138641,HERC3,HERC3,protein_coding,632.3272663203397,0.37479658727308734,0.14438821621630057,0.0034375648923658983,0.016170306988797952
ENSG00000196576,PLXNB2,PLXNB2,protein_coding,10228.111621151842,-0.2790921217679862,0.10277894285621995,0.0034389186333741426,0.016170306988797952
ENSG00000197008,ZNF138,ZNF138,protein_coding,69.8553847824885,-0.5680445713179453,0.24591977188961842,0.0034380478021750083,0.016170306988797952
ENSG00000198832,SELM,SELM,protein_coding,2083.7057453237535,0.22800253255538788,0.08156955970805736,0.0034451540381903105,0.016194273311043946
ENSG00000154743,TSEN2,TSEN2,protein_coding,159.85491952084772,0.41667176372024023,0.16349678377999996,0.0034490086450411728,0.016207036328729975
ENSG00000185163,DDX51,DDX51,protein_coding,233.03115714178682,0.3794329238857466,0.1460353120872283,0.0034526880493945,0.01621896790442119
ENSG00000205476,CCDC85C,CCDC85C,protein_coding,112.64093042803681,-0.5210101386455893,0.220854877934257,0.003455603561612525,0.016227304410820917
ENSG00000122335,SERAC1,SERAC1,protein_coding,958.4867176773403,-0.280268755872397,0.10230996218447524,0.003460122315708837,0.01624316165631766
ENSG00000105750,ZNF85,ZNF85,protein_coding,41.36196460302439,-0.7042519441934721,0.33293646019622725,0.0034635495617367246,0.016253886165009293
ENSG00000048405,ZNF800,ZNF800,protein_coding,364.62900176099726,0.33340049905758296,0.1256513780174024,0.0034821731017030525,0.016335893864981604
ENSG00000001629,ANKIB1,ANKIB1,protein_coding,1787.3060968663644,-0.2249881614077563,0.07991324022706985,0.00349229982229503,0.016372601408149147
ENSG00000112659,CUL9,CUL9,protein_coding,637.2339413987189,-0.2938517471045512,0.10825769204434249,0.0034913729880922833,0.016372601408149147
ENSG00000225398,RP11-395L14.5,RP11-395L14.5,pseudogene,118.93163294504468,-0.4567656682468548,0.18424263150267792,0.003500645459535503,0.01640631993951664
ENSG00000152700,SAR1B,SAR1B,protein_coding,1000.715856855457,0.271051461428258,0.09850566240482844,0.0035036050735153916,0.016414782136259198
ENSG00000197415,VEPH1,VEPH1,protein_coding,609.1228867180464,0.4259458842521151,0.1708802099620846,0.0035107983316429894,0.016443067326075037
ENSG00000181804,SLC9A9,SLC9A9,protein_coding,888.363087771241,0.4169388283137655,0.1639744116671839,0.003526263013699749,0.01651006093050205
ENSG00000180304,OAZ2,OAZ2,protein_coding,1951.9545527880027,-0.23129676544415956,0.082884582755223285,0.0035352608957507094,0.016546742672312632
ENSG00000082641,NFE2L1,NFE2L1,protein_coding,10368.473095422456,0.2355775171732012,0.08422624404764074,0.003537138245698949,0.016550083686454557
ENSG00000117594,HSD11B1,HSD11B1,protein_coding,767.7300534625558,1.0127991579634943,0.7293639211899909,0.003573377893912017,0.016714149017758806
ENSG00000159403,C1R,C1R,protein_coding,24978.829198629195,0.20315534430402316,0.07222516776769068,0.0035804257644790408,0.016741609491765244
ENSG00000128928,IVD,IVD,protein_coding,1268.6028083262916,0.2758632113425894,0.10046790896515519,0.0035820433539346247,0.01674366896692938
ENSG00000176148,TCP11L1,TCP11L1,protein_coding,487.3995843357289,0.3076206952670871,0.11405147837421423,0.003584924385317069,0.01675163089906373
ENSG00000108641,B9D1,B9D1,protein_coding,174.39140981132675,-0.4918649757609115,0.20664556991618638,0.003592831260906463,0.01678306464864812
ENSG00000013619,MAMLD1,MAMLD1,protein_coding,1101.992741012531,0.31820437603529694,0.11863641256300358,0.0035963193478074583,0.016792929786872815
ENSG00000110395,CBL,CBL,protein_coding,902.3566347809341,0.28991598389750073,0.1067904984651463,0.0035973043490299117,0.016792929786872815
ENSG00000177042,TMEM80,TMEM80,protein_coding,728.9463904278667,-0.2917574592998743,0.10767437611412556,0.003600098739231588,0.016800460783080746
ENSG00000119608,PROX2,PROX2,protein_coding,38.87401582632505,-0.7211404550998133,0.34736478256216224,0.003605264882661808,0.016819051390941805
ENSG00000129009,ISLR,ISLR,protein_coding,3920.901000217623,-0.2143480700930129,0.07652834691966778,0.0036080144048980392,0.01682635963779335
ENSG00000143889,HNRNPLL,HNRNPLL,protein_coding,689.2903524343595,-0.27539270726577714,0.10093123285175519,0.003610792791828544,0.01682828200228349
ENSG00000212932,RPL23AP4,RPL23AP4,pseudogene,160.3554012924491,-0.40717012675957026,0.1595752486626571,0.0036102237952915193,0.01682828200228349
ENSG00000164808,SPIDR,SPIDR,protein_coding,1160.1779893796552,0.26380119120112955,0.09596403408873673,0.003614906003999682,0.016841933508316895
ENSG00000159658,EFCAB14,EFCAB14,protein_coding,3244.5087772603333,0.2379668609461166,0.08537132840640818,0.0036277052600165952,0.016896031309258694
ENSG00000167863,ATP5H,ATP5H,protein_coding,991.9612864618528,0.26069993001517167,0.09429308742847631,0.003634464934852663,0.016921973562469488
ENSG00000182796,TMEM198B,TMEM198B,pseudogene,579.3559110021191,0.344712001886523,0.13122404785039277,0.003644582661851705,0.0169635287245349
ENSG00000114978,MOB1A,MOB1A,protein_coding,2913.9741274834487,0.26779399972223855,0.09796357875089831,0.0036592966348985923,0.017026442700293614
ENSG00000065923,SLC9A7,SLC9A7,protein_coding,420.5350250991572,-0.39585613557076615,0.15636581215773807,0.0036670769733907894,0.01705706437851883
ENSG00000023330,ALAS1,ALAS1,protein_coding,963.4207407682393,-0.258726023099678,0.09445910022152718,0.0036793644039745596,0.01710305172672987
ENSG00000147224,PRPS1,PRPS1,protein_coding,596.5587687962459,-0.36714562655953287,0.142664210596776,0.003679368552010222,0.01710305172672987
ENSG00000138375,SMARCAL1,SMARCAL1,protein_coding,613.097800806526,-0.27123288828616443,0.09925103481055422,0.0036887986715284267,0.017141284646788744
ENSG00000196839,ADA,ADA,protein_coding,106.5220582357346,-0.5211294494516755,0.22281630154014365,0.0037029028991087637,0.01720120536803496
ENSG00000156521,TYSND1,TYSND1,protein_coding,286.44039961516904,0.3500005259640786,0.1333001534625324,0.0037114268702737856,0.01723517329506181
ENSG00000107186,MPDZ,MPDZ,protein_coding,1714.9494191769218,-0.2451196948773108,0.08906993010866003,0.0037346357821250757,0.0173372909154527
ENSG00000111331,OAS3,OAS3,protein_coding,197.31671022044134,-0.4567942999947423,0.18815755779710963,0.0037426419766426926,0.017368789388504294
ENSG00000050165,DKK3,DKK3,protein_coding,17475.087192598552,0.2229970226168864,0.08039745923111155,0.003744955944094286,0.01737385953972509
ENSG00000091164,TXNL1,TXNL1,protein_coding,1249.3221660905626,-0.25122147285937707,0.09138544432447186,0.0037509257227173972,0.017390365290114316
ENSG00000117697,NSL1,NSL1,protein_coding,369.14638042704956,-0.3120792328870953,0.11685968206864643,0.0037509589925527782,0.017390365290114316
ENSG00000236255,AC009404.2,AC009404.2,lincRNA,36.16038374436401,-0.7576847056985972,0.38088684763626934,0.0037532651143355944,0.01739538709231329
ENSG00000027697,IFNGR1,IFNGR1,protein_coding,1444.1238605613573,0.3448795838761655,0.1318591344387023,0.0037571866083630726,0.017407890005653532
ENSG00000179978,RP11-1319K7.1,RP11-1319K7.1,pseudogene,210.02108643672517,-0.4016176046953032,0.15867983641747946,0.0037616603043717713,0.017422942419206798
ENSG00000129925,TMEM8A,TMEM8A,protein_coding,1902.02354708687,0.2242777156585679,0.08111526398404158,0.0037708359145025155,0.017459755874962166
ENSG00000232938,AC139099.3,AC139099.3,pseudogene,134.74838622157523,-0.4360379099482437,0.17620294447852808,0.0037788133056877657,0.01749099917347959
ENSG00000143641,GALNT2,GALNT2,protein_coding,4143.761793330111,0.20848277503189078,0.07494184408983909,0.00378034293913612,0.017492387106789905
ENSG00000104976,SNAPC2,SNAPC2,protein_coding,314.0630104550514,0.34490378606058847,0.13202526862707858,0.0038078578024184784,0.01761397378263429
ENSG00000037637,FBXO42,FBXO42,protein_coding,630.4563037777039,0.3140171389607006,0.1181041638444221,0.003813885607882699,0.01763612122448749
ENSG00000148672,GLUD1,GLUD1,protein_coding,2606.0687170007536,0.24310007792359148,0.08761851561102364,0.003816618479256632,0.0176430228303368
ENSG00000174775,HRAS,HRAS,protein_coding,375.2625170850423,0.32277769823533103,0.12120161982877271,0.0038227034769347714,0.017665410739415268
ENSG00000113407,TARS,TARS,protein_coding,1415.5066344610764,-0.2828189994315779,0.10476615186090703,0.0038250004357502634,0.017670284572300014
ENSG00000206573,SETD5-AS1,SETD5-AS1,antisense,219.78969248683893,-0.3838357682525565,0.14997094310821493,0.0038463747751208066,0.01776325805237609
ENSG00000126522,ASL,ASL,protein_coding,252.73634986697456,0.3998208038117262,0.1586294992227053,0.003860075834854642,0.017820746080808966
ENSG00000135924,DNAJB2,DNAJB2,protein_coding,1863.7045887201323,-0.23503170728236264,0.08301282154109016,0.003865370245685668,0.017839398564124902
ENSG00000225470,JPX,JPX,lincRNA,163.8421348353502,-0.4106557736973911,0.16386629793648594,0.0038710794891802704,0.017859952855692564
ENSG00000122566,HNRNPA2B1,HNRNPA2B1,protein_coding,7973.2535167845945,0.21176108040593686,0.07582662111715137,0.003879508333149968,0.017893037137070408
ENSG00000166439,RNF169,RNF169,protein_coding,565.2357011366373,-0.3116157239701587,0.11763490526772462,0.0038923456653921135,0.017946426173269827
ENSG00000132357,CARD6,CARD6,protein_coding,686.877998372666,0.29925039702306333,0.11189679317618188,0.0039006694857857452,0.01797897691698524
ENSG00000134108,ARL8B,ARL8B,protein_coding,2374.521963759159,0.24526622804027098,0.08969975211916105,0.003904896183341945,0.01799262821893613
ENSG00000143036,SLC44A3,SLC44A3,protein_coding,110.51096805596208,0.4657332588814792,0.1927554290453445,0.003913505953333943,0.018026460064838736
ENSG00000099957,P2RX6,P2RX6,protein_coding,65.12833827999383,-0.6271342139051127,0.29210438897062085,0.003917452765689127,0.018038798361658188
ENSG00000182397,DNM1P46,DNM1P46,pseudogene,38.87488061290574,-0.6887821571342335,0.33020469758569354,0.003919883496391368,0.018044149790508356
ENSG00000120265,PCMT1,PCMT1,protein_coding,1024.758894634578,0.275209873187262,0.10168205903179629,0.003951478420244627,0.018183703995328235
ENSG00000165775,FUNDC2,FUNDC2,protein_coding,796.3782512780133,0.2539461345499577,0.09290051665468992,0.003954676051889557,0.018192533040775245
ENSG00000164713,BRI3,BRI3,protein_coding,1833.5665835437658,0.26459990807605804,0.09692109190707995,0.003958070867339576,0.0182022631804197
ENSG00000011028,MRC2,MRC2,protein_coding,16713.327720229125,-0.218449328686473,0.07890047776989766,0.003962609178291759,0.018211357981267197
ENSG00000122085,MTERFD2,MTERFD2,protein_coding,393.06203325708384,-0.3146619393942451,0.11842941760068104,0.003961920946749586,0.018211357981267197
ENSG00000102781,KATNAL1,KATNAL1,protein_coding,618.0440025562541,0.29379123804246904,0.1101331553357057,0.003972030141402342,0.018242866235488188
ENSG00000144118,RALB,RALB,protein_coding,1108.365619140443,0.2407171977906581,0.08797476601038655,0.003971184525273311,0.018242866235488188
ENSG00000157873,TNFRSF14,TNFRSF14,protein_coding,449.35588061271096,-0.30891993952052993,0.11641853260625536,0.0039760895598264755,0.0182556158486029
ENSG00000070214,SLC44A1,SLC44A1,protein_coding,3535.630926067367,0.282429806865575,0.10529136002236536,0.0039793888950409384,0.01826486855213369
ENSG00000124795,DEK,DEK,protein_coding,2753.246079590049,0.2424809587197856,0.08845539957715284,0.003994744442402363,0.018323523040545374
ENSG00000169519,METTL15,METTL15,protein_coding,298.77574785010927,-0.3259456489934097,0.12408587560044047,0.003994647306934799,0.018323523040545374
ENSG00000108588,CCDC47,CCDC47,protein_coding,1300.420408482254,0.24073819863397278,0.08803840517161429,0.004013246564966583,0.018396525665512302
ENSG00000198830,HMGN2,HMGN2,protein_coding,1782.72801258788,-0.27906760611219783,0.10393560522397796,0.004013093740523199,0.018396525665512302
ENSG00000166348,USP54,USP54,protein_coding,222.80306571064293,-0.46596122719465727,0.19587136271290953,0.004031508988258514,0.018474286033823808
ENSG00000162688,AGL,AGL,protein_coding,919.4928983267662,0.34595980069764376,0.13387517833401436,0.004033644081964071,0.01847811704407631
ENSG00000237234,RP1-142L7.5,RP1-142L7.5,antisense,40.884382877226024,-0.6835241539752316,0.3310976526865695,0.00404292693806526,0.018514678933367758
ENSG00000205181,LINC00654,LINC00654,lincRNA,192.46177044988275,-0.4176734107076312,0.168960483708246,0.0040572762286903066,0.018568435352925006
ENSG00000213281,NRAS,NRAS,protein_coding,766.2685516122391,0.2664333746383106,0.09838112160720346,0.004056655472763495,0.018568435352925006
ENSG00000176428,VPS37D,VPS37D,protein_coding,74.99130795716427,-0.526061022818655,0.22862445784658797,0.004060544980894349,0.018577417757555878
ENSG00000171791,BCL2,BCL2,protein_coding,177.14258599457267,-0.3934477881753643,0.1563182037333662,0.004065081561643442,0.018592192968751226
ENSG00000140299,BNIP2,BNIP2,protein_coding,1715.8889458602803,0.2539250925153615,0.09318675052151343,0.004072503250421717,0.018620149866280456
ENSG00000168079,SCARA5,SCARA5,protein_coding,407.64878260435046,1.015091855703048,0.7649017444171216,0.00407990925455929,0.018647277033060464
ENSG00000182952,HMGN4,HMGN4,protein_coding,879.1971298731094,0.25449294408291057,0.09366447674805739,0.004081058310174158,0.018647277033060464
ENSG00000132478,UNK,UNK,protein_coding,322.7853960954699,-0.3306466576464686,0.12673094685220088,0.0040868176579052,0.018666490928538875
ENSG00000154978,VOPP1,VOPP1,protein_coding,1942.72495956602,0.3014579289237823,0.11372973624552943,0.004087948031420354,0.018666490928538875
ENSG00000253203,GUSBP3,GUSBP3,pseudogene,114.64288963978647,-0.4944579305768463,0.2114945279702074,0.00408920034683121,0.018666490928538875
ENSG00000112619,PRPH2,PRPH2,protein_coding,143.87629421214228,-0.46685142199937657,0.19574869521253552,0.004106717414066826,0.018726352911159354
ENSG00000134779,TPGS2,TPGS2,protein_coding,2220.6631884672984,-0.24324922756045975,0.08910310021877194,0.00410687349415905,0.018726352911159354
ENSG00000156261,CCT8,CCT8,protein_coding,2426.4937538078793,0.25010166220710167,0.09160482982397727,0.004107580222357789,0.018726352911159354
ENSG00000221838,AP4M1,AP4M1,protein_coding,296.39889424204415,-0.3273094906574586,0.12519099013014723,0.004106884223662975,0.018726352911159354
ENSG00000132840,BHMT2,BHMT2,protein_coding,451.11944419630964,-0.3066971628749349,0.11555949456899516,0.004122555127487132,0.018782583002362897
ENSG00000175550,DRAP1,DRAP1,protein_coding,1296.0589495796287,-0.25187490841249205,0.09289458502927861,0.004121271373691986,0.018782583002362897
ENSG00000162004,CCDC78,CCDC78,protein_coding,41.895136466979544,0.6452667641671735,0.30376420631878387,0.004127252580719044,0.018797963723390227
ENSG00000138587,MNS1,MNS1,protein_coding,72.91823870494055,-0.5305956281957562,0.231114362796603,0.004134071377769652,0.018822993366643895
ENSG00000147905,ZCCHC7,ZCCHC7,protein_coding,375.68411042077435,-0.3286444750079527,0.12340583115805295,0.004159035481134835,0.018930598618771808
ENSG00000214530,STARD10,STARD10,protein_coding,83.11188742707792,-0.5161722432984814,0.22319498967956522,0.004172069633125468,0.018983851075360415
ENSG00000072071,LPHN1,LPHN1,protein_coding,309.27523870290105,-0.3500514048645714,0.13558685124001327,0.004176393143208551,0.01899137342359285
ENSG00000217416,ISCA1P1,ISCA1P1,pseudogene,98.11069770042742,0.4708467058194883,0.19747584511160732,0.004175725658083482,0.01899137342359285
ENSG00000267102,RP11-686D22.7,RP11-686D22.7,pseudogene,61.455240095643056,0.5911108853356504,0.2709211783361815,0.004185135362676355,0.019025044870152916
ENSG00000079308,TNS1,TNS1,protein_coding,6261.977672759619,-0.24904847229272903,0.09109026766867165,0.0041911774295815465,0.01904642420395141
ENSG00000197608,ZNF841,ZNF841,protein_coding,223.64295394898556,-0.39677748705646376,0.1581342986337401,0.004199176046835461,0.019076678406319894
ENSG00000261625,RP11-554A11.4,RP11-554A11.4,sense_overlapping,140.12068085064718,0.46410002354010044,0.19480224148377004,0.004201349014172983,0.019080456059258146
ENSG00000108424,KPNB1,KPNB1,protein_coding,4800.989176621969,0.20307422188564542,0.0735552470303361,0.004204739291397898,0.019089757957498787
ENSG00000143393,PI4KB,PI4KB,protein_coding,1826.9733233925788,-0.25175084775921075,0.0928328450049863,0.004215012328945396,0.019130292076234626
ENSG00000173276,ZBTB21,ZBTB21,protein_coding,282.70931502172186,0.35270679488143586,0.1380543382269016,0.0042172905147143894,0.019134526405517535
ENSG00000213341,CHUK,CHUK,protein_coding,544.8707247269971,0.30964532017948493,0.11733029233213506,0.004223162619629868,0.01915505902474976
ENSG00000089472,HEPH,HEPH,protein_coding,2899.9635986428607,-0.25021821105617087,0.09167082380144038,0.00422627898404709,0.019163083286288116
ENSG00000105737,GRIK5,GRIK5,protein_coding,148.19087603045006,-0.4199972985907423,0.17112000730889135,0.004237580549710164,0.019208204505760794
ENSG00000162520,SYNC,SYNC,protein_coding,649.5041455811629,-0.37963303622081235,0.1515138126565523,0.004241305778572985,0.019218965719790423
ENSG00000196663,TECPR2,TECPR2,protein_coding,1357.3643669308215,0.23198544019745643,0.08483196289086298,0.004257337644181847,0.019285468360140952
ENSG00000102302,FGD1,FGD1,protein_coding,528.5408664908092,-0.30307663716797734,0.11505003463664198,0.00426530807722879,0.019309275012890616
ENSG00000134905,CARS2,CARS2,protein_coding,883.3566397356158,0.29514885691756076,0.11142395298623126,0.0042650199152233685,0.019309275012890616
ENSG00000164989,CCDC171,CCDC171,protein_coding,77.67006342466613,-0.5398822813539653,0.2391298458557317,0.004275023347915418,0.019341698286228618
ENSG00000165383,LRRC18,LRRC18,protein_coding,34.25404083120252,0.7257499277438934,0.36469197241292484,0.004275189778677079,0.019341698286228618
ENSG00000175600,SUGCT,SUGCT,protein_coding,242.4837133867781,0.37006725476195906,0.1458502617833971,0.004281216229733003,0.019362804340770184
ENSG00000130958,SLC35D2,SLC35D2,protein_coding,499.04719281740165,0.3084488682904955,0.11724944715152102,0.004297177202479609,0.01942881389957723
ENSG00000023697,DERA,DERA,protein_coding,482.51686789740046,0.2826168782629956,0.106060706937537,0.004298859155598702,0.019430242335314884
ENSG00000137563,GGH,GGH,protein_coding,250.41887752952246,0.348290820708439,0.13555386834208827,0.004311683267763525,0.019482014866794274
ENSG00000055130,CUL1,CUL1,protein_coding,1292.561220305534,0.24999965871074015,0.09247525086211882,0.004314000479399739,0.019486294956805934
ENSG00000002919,SNX11,SNX11,protein_coding,251.38167659486533,0.34507167154999663,0.13635750876859007,0.004318914301985955,0.019502297470301026
ENSG00000254719,RP11-351I24.3,RP11-351I24.3,pseudogene,111.31840452165976,0.4423770560201349,0.18317495733017045,0.004320825034230682,0.01950473350901213
ENSG00000180875,GREM2,GREM2,protein_coding,380.445971103145,-0.45803258464100527,0.19447518600699631,0.004345376630146092,0.019609339209136427
ENSG00000130962,PRRG1,PRRG1,protein_coding,811.5569481416655,0.30722437325670265,0.1168705731003989,0.004367069695629008,0.019700982984658107
ENSG00000136861,CDK5RAP2,CDK5RAP2,protein_coding,1694.1863661605728,-0.25457820632401906,0.09431314781160396,0.00437375928978197,0.01972490556051323
ENSG00000166508,MCM7,MCM7,protein_coding,741.5836479137586,-0.3002080989876735,0.11390933994693464,0.004403777233168481,0.019853986486398884
ENSG00000137497,NUMA1,NUMA1,protein_coding,4097.307335451052,-0.24985750208118399,0.09319592111816315,0.004405392852529326,0.019854977165518733
ENSG00000182568,SATB1,SATB1,protein_coding,815.0940600507306,-0.34858534890701953,0.13765898693682496,0.004408983193095218,0.019864864408801513
ENSG00000118260,CREB1,CREB1,protein_coding,760.6251806912506,-0.2875259063479188,0.10869581068935627,0.004421842751242944,0.01991649502649767
ENSG00000113119,TMCO6,TMCO6,protein_coding,136.79298641475395,0.4229651335285618,0.17324688940707347,0.004431847960603696,0.019955240706434618
ENSG00000111229,ARPC3,ARPC3,protein_coding,1772.0291032674734,0.23088357185038139,0.0844171208833562,0.004442589001647606,0.01999727403779606
ENSG00000134248,LAMTOR5,LAMTOR5,protein_coding,584.6111446284119,0.27408004488479154,0.10283214000460776,0.004445059971602432,0.020002066762440047
ENSG00000119280,C1orf198,C1orf198,protein_coding,2778.8322169480675,0.3779355435482407,0.15178584691031358,0.004449014091328279,0.020013528284330628
ENSG00000144140,RP11-143M1.7,RP11-143M1.7,pseudogene,48.3716963580662,-0.6158128893580282,0.2897045167014491,0.004464242063134775,0.020075681032573203
ENSG00000185697,MYBL1,MYBL1,protein_coding,73.26512116836557,-0.6817254080465854,0.35185367157161973,0.004468335006027489,0.02008773613329172
ENSG00000225032,RP11-228B15.4,RP11-228B15.4,antisense,39.089613660457154,0.7809103350152642,0.42930741872824296,0.004469788034444036,0.020087919431890033
ENSG00000221963,APOL6,APOL6,protein_coding,1013.0142390808774,-0.27835190289688877,0.1051015109787734,0.004472001827538707,0.020089941206318525
ENSG00000243943,ZNF512,ZNF512,protein_coding,283.5405543057755,-0.34701416653999445,0.13586030469480295,0.004473062696879272,0.020089941206318525
ENSG00000170113,NIPA1,NIPA1,protein_coding,345.27296155278987,0.30474960265567386,0.11621314765491685,0.004476440152427803,0.020098764118728872
ENSG00000104611,SH2D4A,SH2D4A,protein_coding,843.8254975831278,-0.42954402736490177,0.18005628812033211,0.004479519266354439,0.02010624236182567
ENSG00000141753,IGFBP4,IGFBP4,protein_coding,75312.40748699273,-0.24934761262201455,0.09270163485522206,0.004482118629269385,0.02011156321221695
ENSG00000127241,MASP1,MASP1,protein_coding,8125.237338653976,-0.22559584157720294,0.08275578518378954,0.00450403591793658,0.0202035341837685
ENSG00000101182,PSMA7,PSMA7,protein_coding,1623.207562786343,0.24927292121343728,0.0927016775717081,0.004511170946356197,0.02022916000661114
ENSG00000134909,ARHGAP32,ARHGAP32,protein_coding,415.28660908487035,-0.30409591871572317,0.1158992144342588,0.004514376734210328,0.02023715558380325
ENSG00000140543,DET1,DET1,protein_coding,136.69338948406022,-0.4810307595105181,0.20794601865091017,0.004519953497056321,0.020255771437343764
ENSG00000081026,MAGI3,MAGI3,protein_coding,304.161400734939,-0.32037700895421023,0.12316660275745069,0.00454697001412224,0.020370425663267636
ENSG00000108592,FTSJ3,FTSJ3,protein_coding,1287.5446707950375,0.25051846104253694,0.09328059137857006,0.004563948793462879,0.0204400527828136
ENSG00000106299,WASL,WASL,protein_coding,1421.821901416165,0.3139697535223145,0.1206277315314664,0.004584341000222218,0.02052491859841386
ENSG00000240356,RPL23AP7,RPL23AP7,pseudogene,470.63364562462607,-0.30344183011149134,0.115860845160515,0.00458693752553709,0.020530081612095522
ENSG00000110713,NUP98,NUP98,protein_coding,2341.9532429389756,0.22542103941326777,0.08363618040787119,0.004594069568676786,0.02055553493075137
ENSG00000153885,KCTD15,KCTD15,protein_coding,141.1585676239153,-0.5833580947222696,0.27759118306304487,0.004610828486165573,0.020624032826169533
ENSG00000145147,SLIT2,SLIT2,protein_coding,1252.1293072495905,0.2693208982517119,0.1012697199978562,0.004615497008963133,0.02063193886093388
ENSG00000163297,ANTXR2,ANTXR2,protein_coding,5705.398943825998,0.3214807582549442,0.12472257975409255,0.004614956899072519,0.02063193886093388
ENSG00000076356,PLXNA2,PLXNA2,protein_coding,240.6212997193216,-0.4372216464938682,0.18427973318697272,0.004620446223824175,0.020647573700180666
ENSG00000132406,TMEM128,TMEM128,protein_coding,408.25569779283086,0.3112978573621199,0.11960943355214078,0.004623718818927741,0.020655708693601817
ENSG00000136026,CKAP4,CKAP4,protein_coding,4132.804746679109,-0.23593852385736125,0.08762450658157243,0.0046359530159417435,0.020703860501964006
ENSG00000099904,ZDHHC8,ZDHHC8,protein_coding,1102.287162260261,0.2667828768775052,0.10031946458105868,0.004644386687564692,0.02073501451472699
ENSG00000119326,CTNNAL1,CTNNAL1,protein_coding,1638.481280951511,0.2685277286129063,0.10086399576128664,0.004656751561956383,0.020783694451605772
ENSG00000267745,RP11-686D22.8,RP11-686D22.8,processed_transcript,33.08767659920552,0.70126405135586,0.35309250718438717,0.004666950834337416,0.02082268151430847
ENSG00000172164,SNTB1,SNTB1,protein_coding,554.1970415135434,0.39950108166400944,0.1635618015824893,0.004668816853173189,0.020824475045323126
ENSG00000102189,EEA1,EEA1,protein_coding,2823.0542524919797,-0.24439013957468883,0.09032207238574094,0.004682022231864472,0.020876828910984406
ENSG00000259071,RP11-247L20.4,RP11-247L20.4,lincRNA,30.99061414029896,0.7105513209188478,0.3599368185472093,0.004691655064989863,0.020913225209782456
ENSG00000147437,GNRH1,GNRH1,protein_coding,99.09087675807723,0.5541914809025945,0.2554677864414265,0.004708091247546799,0.020979915383805035
ENSG00000054983,GALC,GALC,protein_coding,666.0629145189941,0.266589331714801,0.1004491634891766,0.004711512377336429,0.02098858504705085
ENSG00000001036,FUCA2,FUCA2,protein_coding,1287.630013809026,-0.23721447903618922,0.08746325970968012,0.004723057576814424,0.021026845374838295
ENSG00000157916,RER1,RER1,protein_coding,2180.895973262877,0.21295733175408088,0.07842381940916679,0.004722042170025793,0.021026845374838295
ENSG00000156052,GNAQ,GNAQ,protein_coding,1669.692677502604,0.2148097843340276,0.08071477364349833,0.004734435483736282,0.021070904355652342
ENSG00000126106,TMEM53,TMEM53,protein_coding,104.81619643071981,0.472241099286263,0.20425270115473504,0.004739109142970275,0.021085107428717297
ENSG00000231943,RP11-395L14.4,RP11-395L14.4,lincRNA,234.76144926278462,-0.5511986986026741,0.26138323336629443,0.004755455886546234,0.021151220928778493
ENSG00000113384,GOLPH3,GOLPH3,protein_coding,2992.4581324191445,0.2505356019259853,0.09378830597265965,0.00477562856199041,0.02123430467825933
ENSG00000023734,STRAP,STRAP,protein_coding,2029.3766687124998,0.2504886944533239,0.09408288463609236,0.004777514408108017,0.021236051544040138
ENSG00000197557,TTC30A,TTC30A,protein_coding,168.23678085716506,-0.47696928174374326,0.20835315982264013,0.0047861797073927015,0.021267922573556322
ENSG00000185267,CDNF,CDNF,protein_coding,48.998292349254015,-0.598182988191385,0.28175965486521126,0.0048001698232293865,0.02132342772192842
ENSG00000075415,SLC25A3,SLC25A3,protein_coding,6363.7661063646165,0.20117666534686812,0.0738103650765007,0.004830530908315959,0.021451599013389385
ENSG00000170647,TMEM133,TMEM133,protein_coding,28.185165402566884,-0.8047111299841198,0.4509580059036915,0.00483641739682165,0.021468157202261536
ENSG00000213930,GALT,GALT,protein_coding,140.35191825479237,-0.43463885727195983,0.18264741372744345,0.004837278109761546,0.021468157202261536
ENSG00000168140,VASN,VASN,protein_coding,3898.6331361390285,-0.2615881818777421,0.09907437614236723,0.004840244966568573,0.021474623956478908
ENSG00000225373,WASH5P,WASH5P,pseudogene,963.1886609498595,-0.2798243213816545,0.10663645702390682,0.004848454015864772,0.02150356613181709
ENSG00000229927,RHEBP1,RHEBP1,pseudogene,35.658702521507806,0.6995901547100009,0.35915223119234857,0.00484979191161904,0.02150356613181709
ENSG00000067141,NEO1,NEO1,protein_coding,1075.7328990815836,-0.2571977482786499,0.0977213813143368,0.0048579104380446405,0.02151273912538822
ENSG00000100625,SIX4,SIX4,protein_coding,575.3902482494957,-0.28296153395051366,0.10785038455700416,0.00485365970619109,0.02151273912538822
ENSG00000172748,ZNF596,ZNF596,protein_coding,111.16514812414962,-0.4846838512034689,0.21216651677997933,0.004857613272060618,0.02151273912538822
ENSG00000184194,GPR173,GPR173,protein_coding,114.09790441195338,-0.47569440445168076,0.2059721295738335,0.004856091351550312,0.02151273912538822
ENSG00000272631,RP11-359E3.4,RP11-359E3.4,antisense,71.0878056588091,0.5422519108867725,0.24678092725126144,0.004862235192230415,0.021525189347739004
ENSG00000140398,NEIL1,NEIL1,protein_coding,181.07608886425766,0.39198476641661706,0.15977049045618527,0.004873785695101465,0.02154949571872031
ENSG00000161249,DMKN,DMKN,protein_coding,1584.4118128558544,-0.25074354683830874,0.09422364924965539,0.004873576741886404,0.02154949571872031
ENSG00000162882,HAAO,HAAO,protein_coding,44.04423193225629,-0.6278706188973445,0.30186886281057035,0.0048709398752511636,0.02154949571872031
ENSG00000171606,ZNF274,ZNF274,protein_coding,309.10891258726144,-0.32703925748873874,0.1280381968466631,0.004872894529746444,0.02154949571872031
ENSG00000111913,FAM65B,FAM65B,protein_coding,74.72927469466009,-0.59017805992058,0.28047341923103397,0.004875477897105116,0.02155027893363057
ENSG00000078142,PIK3C3,PIK3C3,protein_coding,1077.6941749662678,0.2612925074514486,0.09861359335115702,0.004884878252949703,0.02157867158857208
ENSG00000183426,NPIPA1,NPIPA1,protein_coding,1214.0788936592585,0.23898312183339787,0.08808386229389598,0.004886431184081494,0.02157867158857208
ENSG00000229081,LINC01165,LINC01165,antisense,38.000886008432644,0.712577596999485,0.3703865795138581,0.004886452558126453,0.02157867158857208
ENSG00000118985,ELL2,ELL2,protein_coding,6087.213764059665,0.22442957885892803,0.08339475118116384,0.004889825777876122,0.021586865879736176
ENSG00000137500,CCDC90B,CCDC90B,protein_coding,881.5778127724827,-0.2548208777697118,0.09578758858407901,0.004895575241250545,0.021605542113418478
ENSG00000056661,PCGF2,PCGF2,protein_coding,636.5965327017477,-0.2699510815262889,0.10230056483991666,0.00491556272272831,0.02168702362533731
ENSG00000082213,C5orf22,C5orf22,protein_coding,419.55921603172476,0.30275633693204507,0.11633735704347939,0.004922179773398108,0.02170948375095029
ENSG00000171914,TLN2,TLN2,protein_coding,1207.9483325742483,-0.2710803033072199,0.10308654385066263,0.004928813508932187,0.021732003518614824
ENSG00000183580,FBXL7,FBXL7,protein_coding,664.857911708931,0.4291101814908292,0.18374661309329662,0.004931683690089966,0.02173792029991933
ENSG00000112249,ASCC3,ASCC3,protein_coding,2077.076946845395,-0.24550405796637437,0.09230928318038957,0.004937001293786171,0.02175461784473807
ENSG00000251669,FAM86EP,FAM86EP,pseudogene,31.61441226009667,-0.732397027270775,0.38627488636241636,0.004947159745689349,0.021792629365960145
ENSG00000172824,CES4A,CES4A,protein_coding,93.12738802176793,0.5008992111535588,0.22169196059161272,0.004951864604343773,0.021806601279314497
ENSG00000100983,GSS,GSS,protein_coding,611.8634971552708,-0.30619493403215026,0.11870546510829405,0.004954543664070704,0.02181164626361551
ENSG00000227518,MIR1302-9,MIR1302-9,antisense,55.77773616429684,-0.5797989131730861,0.27286307400442383,0.00497786151887216,0.02190751925879876
ENSG00000204314,PRRT1,PRRT1,protein_coding,122.65208449747497,-0.4804828339974044,0.2109654314263035,0.005005743752542947,0.022023414517838194
ENSG00000074201,CLNS1A,CLNS1A,protein_coding,1090.6972651046528,-0.23382275018734727,0.08723603233706206,0.005018253987085434,0.022071627925882256
ENSG00000116095,PLEKHA3,PLEKHA3,protein_coding,403.4409269657181,0.33125658731888435,0.13057636704502262,0.005025357401764362,0.02209603823267273
ENSG00000182287,AP1S2,AP1S2,protein_coding,662.7223986104599,0.3169427195067258,0.12393280654928902,0.005031829902226211,0.022117660237721146
ENSG00000162695,SLC30A7,SLC30A7,protein_coding,859.6571473019649,0.2733715810766951,0.10415354403712992,0.00503343660597313,0.022117887637739204
ENSG00000131504,DIAPH1,DIAPH1,protein_coding,1765.1433382180214,0.2622419893978536,0.09911341497195253,0.005041069424774082,0.022137749767825423
ENSG00000182446,NPLOC4,NPLOC4,protein_coding,2010.4609036861093,0.22516377939773308,0.0838346572649728,0.005039799155734555,0.022137749767825423
ENSG00000101098,RIMS4,RIMS4,protein_coding,48.23971762063979,-0.6995152237234921,0.3708847729699137,0.005063036921207539,0.022227357150387664
ENSG00000139428,MMAB,MMAB,protein_coding,101.37345900993157,-0.4591605580572691,0.19786841917780104,0.005084891498120045,0.02230953012623674
ENSG00000140406,MESDC1,MESDC1,protein_coding,233.4835626465043,0.3670533560754862,0.1491297935225394,0.005083711861116417,0.02230953012623674
ENSG00000144357,UBR3,UBR3,protein_coding,1165.8981358265394,0.24597020271821854,0.09209579817282265,0.0051021618633505725,0.022378399736138928
ENSG00000184949,FAM227A,FAM227A,protein_coding,51.05297417668753,-0.6114047239574916,0.2960633018003301,0.005110091392953507,0.02240627002878258
ENSG00000066827,ZFAT,ZFAT,protein_coding,201.411169363315,-0.3816651170319865,0.15607222215602756,0.005123702806408852,0.02245210989475031
ENSG00000080823,MOK,MOK,protein_coding,115.90711304989988,-0.5102268445124659,0.2311598344783657,0.005123435067400908,0.02245210989475031
ENSG00000128159,TUBGCP6,TUBGCP6,protein_coding,1136.6390533068409,0.24926610453363945,0.09416885323521809,0.005160237364175427,0.022605240612267097
ENSG00000114054,PCCB,PCCB,protein_coding,364.23619020006817,-0.31597385882636375,0.12372209734287222,0.005172407599980529,0.02265157811025956
ENSG00000124164,VAPB,VAPB,protein_coding,1221.4196392640597,0.23205976401647133,0.0869712145318019,0.005196981341938037,0.022752189168275358
ENSG00000258150,RP11-345J4.3,RP11-345J4.3,protein_coding,48.11015158119832,-0.6165803752518775,0.30196908969036174,0.00520751679147679,0.022791298105220268
ENSG00000136732,GYPC,GYPC,protein_coding,1263.570912355992,-0.3117513735600059,0.12247226537793038,0.0052281295776831355,0.022874474042745285
ENSG00000109079,TNFAIP1,TNFAIP1,protein_coding,964.0012667646895,0.25385974574509756,0.09607834680088087,0.005229780228459138,0.022874659892251778
ENSG00000182372,CLN8,CLN8,protein_coding,468.6401061378898,-0.27843852667971064,0.10699304636842448,0.005244917240690153,0.02293381581050622
ENSG00000159784,FAM131B,FAM131B,protein_coding,216.30364709147608,-0.3575789308990837,0.1439006157612059,0.0052482360196566,0.02294127509022602
ENSG00000161013,MGAT4B,MGAT4B,protein_coding,6090.223067035582,0.21819651996153996,0.08121266523737707,0.005257285502117606,0.022973772344737582
ENSG00000103035,PSMD7,PSMD7,protein_coding,716.9983177200199,0.26776366832969795,0.10243979408495835,0.0052597490714337836,0.022977478744494514
ENSG00000178307,TMEM11,TMEM11,protein_coding,374.9407631975197,0.33366923056871944,0.13282176233956458,0.005266878753850291,0.02300156075983007
ENSG00000152894,PTPRK,PTPRK,protein_coding,2405.0536002586787,-0.2573666254340408,0.09798016951940218,0.005288506285136197,0.023088923695450358
ENSG00000168938,PPIC,PPIC,protein_coding,786.5155220771402,-0.2840219584629987,0.10903560257810864,0.005293506167748507,0.023103661162950217
ENSG00000175356,SCUBE2,SCUBE2,protein_coding,93.71475402116432,0.4791678079186984,0.21077972486907087,0.005297135814117901,0.023112410987734054
ENSG00000144306,SCRN3,SCRN3,protein_coding,477.2944657303889,-0.2837008608235616,0.10956553620274175,0.005314736807949942,0.023176404883988384
ENSG00000233084,AL672183.2,AL672183.2,pseudogene,136.8496888568823,-0.4150637607604733,0.17451624804046417,0.005315061356268989,0.023176404883988384
ENSG00000118407,FILIP1,FILIP1,protein_coding,165.9646495200992,-0.5149794891357509,0.23777173684892003,0.005324758108556597,0.02321157196938677
ENSG00000013561,RNF14,RNF14,protein_coding,890.5664414237796,0.2790975456849821,0.10738644346720722,0.005337342441948798,0.023250598889441452
ENSG00000101126,ADNP,ADNP,protein_coding,1634.9989295183923,-0.2336224705039299,0.0879174798381007,0.005335952282711407,0.023250598889441452
ENSG00000112787,FBRSL1,FBRSL1,protein_coding,507.66048888967816,0.27470254348483286,0.10548196766120153,0.0053386147337539215,0.023250598889441452
ENSG00000266865,RP11-848P1.9,RP11-848P1.9,pseudogene,52.29336667959167,-0.5715003830037747,0.2707074537865374,0.0053460196091959945,0.023275721738966585
ENSG00000058056,USP13,USP13,protein_coding,432.39673882694126,0.3199650158908427,0.1263506210235522,0.00535796696444592,0.023320600398494113
ENSG00000115649,CNPPD1,CNPPD1,protein_coding,890.2670070221934,0.26783675114501654,0.10237357181215856,0.005359791330219645,0.023321404674531733
ENSG00000115760,BIRC6,BIRC6,protein_coding,3128.8114497457987,0.23733068173517433,0.0888871045363091,0.005371540782940448,0.023365381069279795
ENSG00000161835,GRASP,GRASP,protein_coding,182.22666342172633,-0.3823627219641975,0.15732398669681374,0.005379160062099691,0.023391370444300216
ENSG00000181800,CELF2-AS1,CELF2-AS1,antisense,44.616254580255664,0.6689933247528952,0.34924388999884415,0.005439299509645458,0.023645658993030866
ENSG00000162885,B3GALNT2,B3GALNT2,protein_coding,323.8435065907634,-0.3171761865436846,0.1258480477986511,0.0054453508145888944,0.023664732657107373
ENSG00000124370,MCEE,MCEE,protein_coding,161.49359815057267,-0.4043799892571692,0.1690527048642705,0.005467841806348191,0.023755217426236
ENSG00000073464,CLCN4,CLCN4,protein_coding,581.7134586044842,0.3437853553736825,0.13859550581886645,0.005472640251576973,0.02376880456135293
ENSG00000143748,NVL,NVL,protein_coding,246.24392921561022,-0.3421308979310485,0.1365357422534546,0.005476066186016841,0.023776424123902178
ENSG00000074416,MGLL,MGLL,protein_coding,4323.149021279259,0.3708961292805115,0.15330679695781396,0.005483394811357989,0.023800978882134893
ENSG00000174370,C11orf45,C11orf45,protein_coding,59.156411666197215,-0.5639581877332993,0.26797029082715274,0.0055119979029523295,0.0239178334873685
ENSG00000160695,VPS11,VPS11,protein_coding,1135.0242276310291,-0.23768574820559718,0.0901832497974742,0.005522954768920874,0.023958069116538735
ENSG00000137573,SULF1,SULF1,protein_coding,16648.864414376683,0.27877363312209175,0.10864905811948129,0.005526879008320577,0.023967782626326796
ENSG00000115129,TP53I3,TP53I3,protein_coding,622.4187998837054,-0.29318869520069346,0.11457276811001742,0.005533553216718052,0.023989412055653025
ENSG00000135776,ABCB10,ABCB10,protein_coding,304.0755749132354,0.3142559783264045,0.12493733419556195,0.005540083981905391,0.02401040662968381
ENSG00000006638,TBXA2R,TBXA2R,protein_coding,66.07064793341695,-0.5262108403509549,0.2423458543261701,0.005543971901592122,0.024018507589939418
ENSG00000164889,SLC4A2,SLC4A2,protein_coding,1517.3642208446838,0.23234217207145672,0.08807538132026797,0.005545330351895462,0.024018507589939418
ENSG00000164308,ERAP2,ERAP2,protein_coding,853.1450407775652,-0.2598415037447808,0.09976857556274915,0.0055540917725986514,0.02404913283818667
ENSG00000241878,PISD,PISD,protein_coding,527.5512233404575,0.3016747616141637,0.11892509118655395,0.005557597869932785,0.02405699090137673
ENSG00000117859,OSBPL9,OSBPL9,protein_coding,1586.5869390623793,0.3557929901336964,0.1454480312273786,0.005576566988288921,0.024119702918060756
ENSG00000138771,SHROOM3,SHROOM3,protein_coding,1143.3821225648264,0.4141770090600318,0.17912189713518661,0.005577172588407046,0.024119702918060756
ENSG00000258498,DIO3OS,DIO3OS,lincRNA,336.7732665003657,0.40561369607035047,0.1716571519442776,0.005575483291318927,0.024119702918060756
ENSG00000162650,ATXN7L2,ATXN7L2,protein_coding,109.48674090350096,0.44201119380485837,0.19175394401354556,0.00558160825652691,0.02413154888779294
ENSG00000130881,LRP3,LRP3,protein_coding,640.8979170013369,-0.3172875118079027,0.12622454371180405,0.0055859616123142015,0.024143031897161108
ENSG00000177098,SCN4B,SCN4B,protein_coding,260.35341012864217,-0.3502595294638256,0.14144568334396454,0.005595303008118035,0.024176060142002104
ENSG00000042088,TDP1,TDP1,protein_coding,190.88006214031952,-0.37343369624285133,0.154113715267307,0.005599869294020663,0.024188442404539906
ENSG00000117906,RCN2,RCN2,protein_coding,1666.4057297891334,0.24859581917077908,0.0953668926178843,0.005610841811608862,0.024208797290634985
ENSG00000158427,TMSB15B,TMSB15B,protein_coding,119.61506612959502,-0.4453853081052099,0.1932557761591977,0.005612565701962121,0.024208797290634985
ENSG00000186868,MAPT,MAPT,protein_coding,37.672939111206716,-0.6971928110606813,0.3735875080821228,0.005613091497786431,0.024208797290634985
ENSG00000187866,FAM122A,FAM122A,protein_coding,362.80956011304346,-0.31855260530674673,0.1257206200607694,0.005611932677510995,0.024208797290634985
ENSG00000198727,MT-CYB,MT-CYB,protein_coding,57779.08721350261,0.2710060738657026,0.10288502028617681,0.005610204315641802,0.024208797290634985
ENSG00000241549,GUSBP2,GUSBP2,pseudogene,75.0849644072327,-0.5123884141849243,0.2342902464467149,0.005640708727522771,0.02432053378001937
ENSG00000240350,AC017002.1,AC017002.1,lincRNA,139.3899292601546,-0.42786511615776035,0.1833961777836012,0.005673570907449557,0.02445480987501894
ENSG00000154222,CC2D1B,CC2D1B,protein_coding,693.9740063908512,0.25282567123170047,0.0967252229022263,0.005681207191651574,0.02448030629931899
ENSG00000159445,THEM4,THEM4,protein_coding,251.8358261296562,-0.3756197980850154,0.15569410867935332,0.0056915802469832315,0.02451757644854315
ENSG00000172845,SP3,SP3,protein_coding,1777.096878545603,-0.22253384059232909,0.08414394667311571,0.005697755462538057,0.024536746502918958
ENSG00000115271,GCA,GCA,protein_coding,118.82758443529052,0.45135718416090415,0.19838569884061988,0.005704442033085177,0.024557299256730974
ENSG00000144736,SHQ1,SHQ1,protein_coding,356.13433907414264,-0.3017954466762566,0.11883509163826951,0.005705981021055671,0.024557299256730974
ENSG00000104765,BNIP3L,BNIP3L,protein_coding,8314.320166760348,0.28524527266366473,0.11224143732744754,0.005710537139219218,0.02456947376535213
ENSG00000101367,MAPRE1,MAPRE1,protein_coding,1792.569449719885,0.23661169008972127,0.09000409855225962,0.005724809234451168,0.02462343107070862
ENSG00000049656,CLPTM1L,CLPTM1L,protein_coding,1488.1201302765578,0.23238615495072548,0.08799452868149615,0.005733603162472231,0.024653800297159918
ENSG00000081386,ZNF510,ZNF510,protein_coding,292.399508996723,-0.3170696471090648,0.12609360959742022,0.005745983925164697,0.02469956946253933
ENSG00000240291,RP11-499P20.2,RP11-499P20.2,antisense,21.515899485541023,0.7978969668894723,0.4585013399657371,0.005751869567600108,0.024717399616176416
ENSG00000077312,SNRPA,SNRPA,protein_coding,329.4397295069502,-0.3030590707652947,0.12017421655286462,0.005764325154692001,0.024763443370685298
ENSG00000135018,UBQLN1,UBQLN1,protein_coding,2164.3295974436796,0.21119809071439086,0.07992316729536937,0.005766973540948574,0.02476734047296272
ENSG00000163040,CCDC74A,CCDC74A,protein_coding,184.5175456032751,-0.37007479683127137,0.15258140022503205,0.005770286762749345,0.024774089620690214
ENSG00000082996,RNF13,RNF13,protein_coding,927.3495021469369,0.291275496701989,0.11436861962411549,0.005776586724933778,0.024793654066221502
ENSG00000157637,SLC38A10,SLC38A10,protein_coding,2625.8581215543927,0.2481946776107768,0.09544576145703249,0.005780323111725314,0.024802206920416552
ENSG00000133424,LARGE,LARGE,protein_coding,881.1716561078858,-0.3069984741545142,0.1219108079093722,0.005789624107060665,0.024834624034629344
ENSG00000108984,MAP2K6,MAP2K6,protein_coding,88.67425526187468,-0.5389424487934382,0.25519566780025704,0.005799703834261209,0.02487036097031397
ENSG00000151689,INPP1,INPP1,protein_coding,340.5703828176014,-0.30696305228196813,0.12122198527212644,0.005811460343751109,0.024913264595996316
ENSG00000122778,KIAA1549,KIAA1549,protein_coding,228.80422847592254,-0.3982143014483585,0.168782769306537,0.005830210613562467,0.0249861150248004
ENSG00000154479,CCDC173,CCDC173,protein_coding,32.77163553292436,0.7411545206045076,0.42410780067031634,0.005871089795126912,0.025153729290929277
ENSG00000249459,ZNF286B,ZNF286B,protein_coding,157.38864744612698,-0.4010335993706571,0.16975963546253486,0.005897711102514129,0.025260175465872017
ENSG00000080947,CROCCP3,CROCCP3,pseudogene,108.3796487815188,-0.4294178045365338,0.18567660281000767,0.005914205060805604,0.025323194697440973
ENSG00000090661,CERS4,CERS4,protein_coding,176.198710713183,-0.4055116510070967,0.17204041263078215,0.0059177175317939,0.02533060914000495
ENSG00000164099,PRSS12,PRSS12,protein_coding,6500.232025299713,-0.21778361802417234,0.08234222243848321,0.005932786937756899,0.0253874733461655
ENSG00000102974,CTCF,CTCF,protein_coding,701.7048198701209,-0.2606460087796837,0.1012698748929503,0.005935586553594655,0.025389291758683555
ENSG00000255399,TBX5-AS1,TBX5-AS1,antisense,546.8939441593268,-0.2715551138089621,0.10571925718222366,0.005936781804652805,0.025389291758683555
ENSG00000215630,GUSBP9,GUSBP9,pseudogene,63.643285924784436,-0.5747074123238946,0.28213417424526954,0.005940269356417701,0.025396570882382136
ENSG00000113594,LIFR,LIFR,protein_coding,686.5330753237358,0.3126714290026261,0.12465324587038534,0.00596231797712923,0.025483176354172528
ENSG00000260528,FAM157C,FAM157C,processed_transcript,137.65326779311619,-0.4165533921314797,0.17942706620902696,0.006007185322450955,0.02566722860514941
ENSG00000187051,RPS19BP1,RPS19BP1,protein_coding,652.460706617969,0.2574935370533307,0.09985987072741867,0.006015200861120886,0.02569375887344849
ENSG00000107854,TNKS2,TNKS2,protein_coding,2342.801326817508,-0.2401035295772275,0.09244867555275364,0.006033398896438897,0.025763754398963334
ENSG00000168137,SETD5,SETD5,protein_coding,2210.097284700993,-0.2235716183456353,0.08511871080336536,0.0060433672133018215,0.025798576003002734
ENSG00000246090,RP11-696N14.1,RP11-696N14.1,antisense,385.31111081843335,0.2949283231545795,0.11676274790114481,0.00604703822018486,0.025806502143387176
ENSG00000155189,AGPAT5,AGPAT5,protein_coding,245.59906441635178,0.45256899287855656,0.2029605773097173,0.006049664949288368,0.025809968277947737
ENSG00000198246,SLC29A3,SLC29A3,protein_coding,146.87370125718954,-0.41461861485600066,0.17832447926284642,0.006053367261560376,0.025818019768646113
ENSG00000118058,KMT2A,KMT2A,protein_coding,2650.458223603814,-0.2591418494981189,0.10078191376654733,0.006081539433421422,0.025930400749696138
ENSG00000003987,MTMR7,MTMR7,protein_coding,25.57465431992355,0.7248916509489226,0.4004076276688127,0.0060915059830267595,0.025965112706794316
ENSG00000104885,DOT1L,DOT1L,protein_coding,300.1362696293135,0.3057031592850774,0.12306273749467742,0.006108095410075716,0.026028025498177645
ENSG00000129680,MAP7D3,MAP7D3,protein_coding,830.4111891832397,0.2785130113634673,0.10935817502952838,0.006118019208495036,0.026062505307467322
ENSG00000105204,DYRK1B,DYRK1B,protein_coding,421.51385012143965,-0.33003788950578805,0.1340860648062904,0.006125572795278038,0.026086870491028386
ENSG00000165943,MOAP1,MOAP1,protein_coding,341.3268923600759,0.32289192632209557,0.12936147376615048,0.006140504361060686,0.026142632155560373
ENSG00000073711,PPP2R3A,PPP2R3A,protein_coding,727.383498565592,-0.2624981640707211,0.10229162909776394,0.006149730184789509,0.026174076046812083
ENSG00000162654,GBP4,GBP4,protein_coding,50.37886146759952,-0.607423135805668,0.3091862133758435,0.006158707236695811,0.02619865713463623
ENSG00000255769,RP11-152F13.3,RP11-152F13.3,pseudogene,85.86541740623048,-0.5320682751912412,0.2531079026015066,0.0061591893601113295,0.02619865713463623
ENSG00000005007,UPF1,UPF1,protein_coding,2270.071422449008,0.2139544787995685,0.08207591705693557,0.006162161497841483,0.02620346342161353
ENSG00000146950,SHROOM2,SHROOM2,protein_coding,64.98305879755755,0.7059442621902164,0.4258788576597337,0.006164198276753081,0.026204290582347824
ENSG00000126970,ZC4H2,ZC4H2,protein_coding,185.22301986413763,-0.36087831357401656,0.14939076028222725,0.006167328552131455,0.02620976436376391
ENSG00000260920,RP1-228H13.5,RP1-228H13.5,sense_overlapping,28.051612129964735,-0.7096075878643692,0.38941742514657196,0.006172702215532237,0.02622476592405333
ENSG00000103353,UBFD1,UBFD1,protein_coding,2062.6208332722663,-0.23563936926341808,0.09077080879605534,0.0061829743713546015,0.026260563588578038
ENSG00000108448,TRIM16L,TRIM16L,protein_coding,195.59758336230982,-0.3488034015390802,0.1433261896032861,0.006213170476297961,0.02637306381822208
ENSG00000149557,FEZ1,FEZ1,protein_coding,1516.9223687031738,-0.23931522933739044,0.09225290354811429,0.006212227198378847,0.02637306381822208
ENSG00000130522,JUND,JUND,protein_coding,1364.1600129850153,-0.22026510794045343,0.08409782912192955,0.006224051229804626,0.026411367748431086
ENSG00000139154,AEBP2,AEBP2,protein_coding,658.3916724080186,-0.25763302617248773,0.10004858814313737,0.006253376842209411,0.02652789508010339
ENSG00000182195,LDOC1,LDOC1,protein_coding,665.1261207421612,-0.24754145204080838,0.09668664403759884,0.00625569078905938,0.02652979898138957
ENSG00000173421,CCDC36,CCDC36,protein_coding,37.00180140562032,-0.6840707325196234,0.37046303484710413,0.006258719598372528,0.026534732508867613
ENSG00000075568,TMEM131,TMEM131,protein_coding,1877.5579748910686,-0.22391596065220465,0.08532393240694541,0.006263873010066922,0.026548667966386143
ENSG00000112679,DUSP22,DUSP22,protein_coding,745.1110501190819,0.2960686487723221,0.11845048820878726,0.006281722140843749,0.026608850256256717
ENSG00000114126,TFDP2,TFDP2,protein_coding,979.5092812281462,-0.2773979263058847,0.1093724520091482,0.00628181377675127,0.026608850256256717
ENSG00000027001,MIPEP,MIPEP,protein_coding,528.6590812740847,-0.3138928108625188,0.12723139255484822,0.006311222480157242,0.02672546250603055
ENSG00000107362,ABHD17B,ABHD17B,protein_coding,201.08676690106532,0.39520767138519153,0.16941472568638014,0.0063295389029122216,0.026782584803650287
ENSG00000164116,GUCY1A3,GUCY1A3,protein_coding,275.0611531011854,-0.4436055277423373,0.1991444190794811,0.0063303606657671724,0.026782584803650287
ENSG00000179941,BBS10,BBS10,protein_coding,653.829625989822,0.2743655244055176,0.10813628109757382,0.006327658405186748,0.026782584803650287
ENSG00000165874,FAM35BP,FAM35BP,pseudogene,94.63988810747328,0.4493468268500868,0.19955609278093778,0.0063535047395985155,0.026872510085057772
ENSG00000120948,TARDBP,TARDBP,protein_coding,2563.171038209235,-0.20139666027934958,0.07705198726455852,0.006359821778662931,0.02689123215805634
ENSG00000135932,CAB39,CAB39,protein_coding,1683.4257406925074,0.26434528005029656,0.10366976545367072,0.006364763324712059,0.026904128835276177
ENSG00000188342,GTF2F2,GTF2F2,protein_coding,297.75820820872485,-0.3365952182710124,0.1377591121954587,0.006373011679699007,0.02693099172074827
ENSG00000163527,STT3B,STT3B,protein_coding,3877.8673378125154,0.2902606953889072,0.11545946116378736,0.00640191216577123,0.027045084242925448
ENSG00000225485,ARHGAP23,ARHGAP23,protein_coding,2913.5862989929806,0.22007164822648337,0.084438012311302,0.006429119650914358,0.027151959000773704
ENSG00000267427,CTC-503J8.6,CTC-503J8.6,lincRNA,863.5082669313226,0.2959107092608241,0.1193679209108954,0.006444782501878386,0.02721002858614371
ENSG00000069275,NUCKS1,NUCKS1,protein_coding,4176.984592946402,-0.24789415601512715,0.0967100485297163,0.006468663444479604,0.027302750395928155
ENSG00000183793,NPIPA5,NPIPA5,protein_coding,1018.7636084864415,0.24375383656781088,0.09463682795128937,0.006479182359569693,0.02733903585954296
ENSG00000183671,GPR1,GPR1,protein_coding,355.7347418439337,0.3767218700501462,0.15946356363767392,0.006500467936876045,0.0274207164691948
ENSG00000180773,SLC36A4,SLC36A4,protein_coding,450.673963041367,0.2865127291321003,0.11386337435022852,0.006515881699639586,0.027477587102186028
ENSG00000088305,DNMT3B,DNMT3B,protein_coding,54.54892616394114,-0.5935874817402014,0.3023466870670542,0.006524806150325238,0.027507066592242498
ENSG00000065665,SEC61A2,SEC61A2,protein_coding,131.93768013028875,-0.39894409108793366,0.1711037424185481,0.006566288689219772,0.02767374527865542
ENSG00000130733,YIPF2,YIPF2,protein_coding,556.9742318882982,-0.2758161833084386,0.10944721518529346,0.0065868264472750656,0.027752079202026225
ENSG00000224597,PTCHD3P1,PTCHD3P1,antisense,756.5152276596915,0.2572073901238544,0.10163155558924757,0.0066010200993853185,0.027803645215770438
ENSG00000215493,XXbac-B562F10.11,XXbac-B562F10.11,pseudogene,32.77709431307152,-0.6750294981003926,0.36806081628977955,0.006656066308918634,0.028027201651290305
ENSG00000087470,DNM1L,DNM1L,protein_coding,1163.3091513464271,0.24111912745700817,0.09393592988755538,0.006660014738903462,0.028035528158083117
ENSG00000152818,UTRN,UTRN,protein_coding,4187.476727838453,0.31951152160764906,0.13029788244898483,0.006662385779151099,0.028037211633918712
ENSG00000047644,WWC3,WWC3,protein_coding,1548.9432245318405,0.28380911308190226,0.11433986371418449,0.006670792239803775,0.02806428536497157
ENSG00000198919,DZIP3,DZIP3,protein_coding,724.0735568805163,-0.248066452977763,0.0972475667530398,0.0066732432398912255,0.02806629563696416
ENSG00000144642,RBMS3,RBMS3,protein_coding,1404.574806129896,0.24071727448135394,0.09396985432206768,0.0066920302156472,0.02813699018249062
ENSG00000240344,PPIL3,PPIL3,protein_coding,418.25986705827086,-0.3035792765121647,0.1227288231013457,0.006713274871610789,0.02821797333740894
ENSG00000169136,ATF5,ATF5,protein_coding,911.6599812814459,-0.6497564057178776,0.3669047094755438,0.006727249849189006,0.02826836096155522
ENSG00000243279,PRAF2,PRAF2,protein_coding,360.6955366460096,-0.299371093068286,0.1209146818110819,0.006734268630525107,0.02828949704683672
ENSG00000168310,IRF2,IRF2,protein_coding,682.9212878186078,0.2948554295142839,0.11845446788168772,0.0067413938320343295,0.02831106757214535
ENSG00000230084,RP4-613B23.1,RP4-613B23.1,antisense,44.3638416423199,0.5960636964371601,0.3054308370028634,0.006746160723398977,0.028322724359394053
ENSG00000143498,TAF1A,TAF1A,protein_coding,86.229918521180565,-0.46848332396779663,0.2143061294883131,0.006771168307765895,0.028419326647879047
ENSG00000204172,AGAP10,AGAP10,protein_coding,223.25802344830188,-0.36592460079983147,0.15500429412864414,0.0067860751083352894,0.028473490366065238
ENSG00000162413,KLHL21,KLHL21,protein_coding,2272.4658115984416,0.36300253971309127,0.15416939549985234,0.006795208810649367,0.02850340611108127
ENSG00000013375,PGM3,PGM3,protein_coding,1001.385685731645,-0.2721768901976604,0.10801770475573404,0.006808373147996774,0.02855020626683553
ENSG00000109586,GALNT7,GALNT7,protein_coding,376.2756190075692,0.3063069979303302,0.12517826448525524,0.006818515632886854,0.028584310746296082
ENSG00000198721,ECI2,ECI2,protein_coding,462.2951221124136,-0.28924934153876053,0.11611048612445743,0.006825274176246258,0.028604213283125155
ENSG00000109133,TMEM33,TMEM33,protein_coding,718.8449334234286,0.2500419633477844,0.09826281013919094,0.006856493128507029,0.028721597961029965
ENSG00000168476,REEP4,REEP4,protein_coding,211.96659360565462,0.3383919411571493,0.1405478210750247,0.006857321897894951,0.028721597961029965
ENSG00000146648,EGFR,EGFR,protein_coding,4752.552217689619,-0.2025837699594962,0.07857565837336848,0.006889129599741678,0.028846328945165037
ENSG00000120688,WBP4,WBP4,protein_coding,386.4270879938746,0.2951971777961451,0.11891661022389452,0.00690826639165947,0.028909438409815916
ENSG00000128815,WDFY4,WDFY4,protein_coding,35.44087570113214,0.747256197213086,0.4814967943656187,0.006907027848608015,0.028909438409815916
ENSG00000180667,YOD1,YOD1,protein_coding,221.80587987663063,0.37827770641999,0.16334011404907445,0.006930479317838127,0.0289938640638028
ENSG00000113621,TXNDC15,TXNDC15,protein_coding,1242.1703374204346,0.22511637520242422,0.08709263065505476,0.006944973312392125,0.029044219863989605
ENSG00000115267,IFIH1,IFIH1,protein_coding,186.8644387183984,-0.3826524103532231,0.16376983784451404,0.00694659982967468,0.029044219863989605
ENSG00000196961,AP2A1,AP2A1,protein_coding,3885.9928131384117,0.21731455225527962,0.08396244028190138,0.006961574445904114,0.02909827649677935
ENSG00000151470,C4orf33,C4orf33,protein_coding,85.91486553807233,-0.47863432696339114,0.22261361261158547,0.006965794685940353,0.029107362988488716
ENSG00000115641,FHL2,FHL2,protein_coding,4520.068047414493,0.2519367533382,0.1005375790118553,0.006973322304696551,0.02913026034126395
ENSG00000142065,ZFP14,ZFP14,protein_coding,127.74049674955548,-0.42248256705468434,0.18736770482831705,0.00697735451141295,0.029138546849776216
ENSG00000160469,BRSK1,BRSK1,protein_coding,140.35735182242206,-0.3884725753798763,0.16799412652094028,0.006983232496475741,0.02915453449658672
ENSG00000181588,MEX3D,MEX3D,protein_coding,312.2347750701961,-0.34136723506984806,0.14237181636800225,0.006985909174203027,0.029157151435992915
ENSG00000156876,SASS6,SASS6,protein_coding,50.70519203481097,-0.5576143770537055,0.2774844495857818,0.006997457911677835,0.029196785372750226
ENSG00000156928,MALSU1,MALSU1,protein_coding,278.27754945302985,0.3061489970469211,0.1253406367319772,0.007003589276634385,0.029213798789104833
ENSG00000259726,CSPG4P11,CSPG4P11,pseudogene,187.72492433226623,-0.4433675000667896,0.2024393983620164,0.007021172586927264,0.029278557278350454
ENSG00000120693,SMAD9,SMAD9,protein_coding,440.83907017838976,-0.27514509944955257,0.10978103573388308,0.007025101291241053,0.029286354269229993
ENSG00000089159,PXN,PXN,protein_coding,2860.1886818993125,-0.2565853450891369,0.10196256219468525,0.0070306303339433395,0.029300816252566676
ENSG00000117523,PRRC2C,PRRC2C,protein_coding,5510.111514550899,-0.21329251878893876,0.08257477209383472,0.007050294293120308,0.029365559597465087
ENSG00000169499,PLEKHA2,PLEKHA2,protein_coding,891.209390896798,0.2613598818035049,0.10384484063168795,0.007050161970524835,0.029365559597465087
ENSG00000079819,EPB41L2,EPB41L2,protein_coding,7308.7883829475295,-0.2667807511562596,0.10611695702270595,0.007059135651215635,0.029393777957520836
ENSG00000170631,ZNF16,ZNF16,protein_coding,137.10534664149685,-0.41483240273462496,0.18339831229831036,0.0070738249751821965,0.02944407989613215
ENSG00000196968,FUT11,FUT11,protein_coding,707.1219004908886,0.2697765617380509,0.1076379866434045,0.00707535609427585,0.02944407989613215
ENSG00000102362,SYTL4,SYTL4,protein_coding,362.5346905537974,0.3605176157774514,0.1531856094271019,0.007081917155813982,0.029451269906021534
ENSG00000136100,VPS36,VPS36,protein_coding,804.907691162824,0.24420547126282652,0.0960799899503443,0.00708104146029399,0.029451269906021534
ENSG00000166068,SPRED1,SPRED1,protein_coding,1161.7467846226587,0.2971049644796627,0.12068095718935808,0.007083295440698796,0.029451269906021534
ENSG00000198258,UBL5,UBL5,protein_coding,1184.0749564721589,0.2296327134627292,0.08979634858054086,0.00709505644554659,0.029491549643908443
ENSG00000198663,C6orf89,C6orf89,protein_coding,4781.483042322621,-0.19197297394596805,0.0731647405697493,0.007117617329296888,0.029576683871434105
ENSG00000138642,HERC6,HERC6,protein_coding,184.21407979226916,-0.35495182283904486,0.14982375048193322,0.007125112961746081,0.029599184219590024
ENSG00000180611,MB21D2,MB21D2,protein_coding,111.98405269449131,0.4330977368279386,0.1959185457759744,0.0071308115598030875,0.029614208358142807
ENSG00000066855,MTFR1,MTFR1,protein_coding,308.20700290720714,0.3302537179737586,0.13613021125480304,0.007141785324453442,0.029651125059844064
ENSG00000111275,ALDH2,ALDH2,protein_coding,1569.6241586135855,0.28535144117848527,0.11505774383482817,0.00714619015128801,0.02966075538719599
ENSG00000112182,BACH2,BACH2,protein_coding,119.2457601803585,0.49896355730323216,0.24166604651201426,0.007159661020314467,0.029707998352670063
ENSG00000183955,SETD8,SETD8,protein_coding,1128.3453124077375,-0.28310145446482854,0.1150800861858113,0.007168346331855374,0.029735362561770437
ENSG00000172156,CCL11,CCL11,protein_coding,528.9280139790816,-0.8040088116468819,0.9041080015790333,0.007173899130680872,0.029749720476619453
ENSG00000170142,UBE2E1,UBE2E1,protein_coding,1528.7188690598496,-0.23128538676413515,0.09065610251822044,0.007192830603421263,0.029819534393198503
ENSG00000101230,ISM1,ISM1,protein_coding,50.63940855933801,0.5969052484291788,0.3118573292918597,0.0072278222456626144,0.029955869353818484
ENSG00000155506,LARP1,LARP1,protein_coding,4237.086100678232,0.23459019058587902,0.09269211985931695,0.007234787751766153,0.029976003781276368
ENSG00000030582,GRN,GRN,protein_coding,11111.026876742733,-0.18890379380676237,0.07249373947598041,0.007242696891975323,0.02999130148222911
ENSG00000116337,AMPD2,AMPD2,protein_coding,801.0951073032086,-0.26196670493673446,0.1044788995182782,0.0072418905774400385,0.02999130148222911
ENSG00000143409,FAM63A,FAM63A,protein_coding,477.5798758651797,-0.30962281027507343,0.12724793475914845,0.00726058062895537,0.03005660618924947
ENSG00000077235,GTF3C1,GTF3C1,protein_coding,2357.412446226021,-0.2105886239966215,0.08212906047102296,0.007265803479711497,0.030069475907889533
ENSG00000119471,HSDL2,HSDL2,protein_coding,1707.5878769373483,0.21757006295115416,0.08474754996937503,0.00727294867175466,0.0300902914214771
ENSG00000174780,SRP72,SRP72,protein_coding,2132.35272873639,-0.20474394360142661,0.07946508997338914,0.007288562546504322,0.03014612203008941
ENSG00000183889,NPIPA7,NPIPA7,protein_coding,1528.8274609623936,0.23880956297081046,0.09388054980211283,0.007309765784072789,0.030225031544375388
ENSG00000005100,DHX33,DHX33,protein_coding,486.7997627562309,0.31212710005369054,0.1285787996087567,0.007326059060772057,0.03027480072063386
ENSG00000229631,AL603926.1,AL603926.1,protein_coding,143.63717922631682,-0.38536347867133186,0.16655123856358273,0.00732489355621198,0.03027480072063386
ENSG00000078725,BRINP1,BRINP1,protein_coding,30.421779206632863,-0.7600853840888149,0.514880967379865,0.007334250821637353,0.0302822594156661
ENSG00000135452,TSPAN31,TSPAN31,protein_coding,425.85604683514754,0.2903604146440771,0.11778045606086734,0.007332382434684842,0.0302822594156661
ENSG00000171867,PRNP,PRNP,protein_coding,8784.715292338224,-0.21630210630215524,0.08441201977215948,0.007331115512974056,0.0302822594156661
ENSG00000156642,NPTN,NPTN,protein_coding,2626.765096666901,0.20703672701019724,0.07978679844721447,0.007363842576413519,0.030395617181342396
ENSG00000108352,RAPGEFL1,RAPGEFL1,protein_coding,55.66175488348504,-0.5417584834263669,0.2699839951751998,0.007378304640990273,0.0304464767082813
ENSG00000272325,NUDT3,NUDT3,protein_coding,361.6844529654843,0.3370449227599471,0.14122310446175973,0.007388373910526067,0.03047918518077807
ENSG00000241058,NSUN6,NSUN6,protein_coding,60.86485672766141,-0.5261952337310337,0.2581444015933354,0.00739127592101189,0.030482316236727494
ENSG00000149596,JPH2,JPH2,protein_coding,34.677616024316066,0.7250571348755352,0.46062033777735556,0.007407707343316872,0.030541225869953385
ENSG00000177868,CCDC23,CCDC23,protein_coding,273.42074694835,-0.33813431064589694,0.14170092330305173,0.007425331100657551,0.030596745609387334
ENSG00000253816,RP11-1415C14.3,RP11-1415C14.3,pseudogene,78.04116334102977,-0.5423808265575529,0.2749843179503838,0.007425475663920492,0.030596745609387334
ENSG00000215301,DDX3X,DDX3X,protein_coding,6525.51604873471,0.2397249607663717,0.09434328449160956,0.007445158105445723,0.030668962899467116
ENSG00000235865,GSN-AS1,GSN-AS1,antisense,68.85900747801274,-0.5935657668740553,0.3191711420214273,0.00745775095040672,0.03071194253578031
ENSG00000120675,DNAJC15,DNAJC15,protein_coding,565.3886139446166,0.27830943145304815,0.11244890103263093,0.007470160706935163,0.030742450461216986
ENSG00000129596,CDO1,CDO1,protein_coding,94.90839742710831,0.6338069755954586,0.36947992609035224,0.0074716430852381265,0.030742450461216986
ENSG00000154096,THY1,THY1,protein_coding,7459.666908554573,-0.2145989702494987,0.08739538749643733,0.007471601045247431,0.030742450461216986
ENSG00000159915,ZNF233,ZNF233,protein_coding,40.04504207808086,-0.6255492109763117,0.34070273812749535,0.007476670885630849,0.030754241375712317
ENSG00000080845,DLGAP4,DLGAP4,protein_coding,1720.9982228752833,-0.2250111204920141,0.08815035811388491,0.007489269698626018,0.030794692375101393
ENSG00000155792,DEPTOR,DEPTOR,protein_coding,30.39628183669752,-0.7054071295231773,0.4224712707794497,0.007490834900017633,0.030794692375101393
ENSG00000115998,C2orf42,C2orf42,protein_coding,186.93050490173698,-0.34363945032345666,0.14483331024049229,0.007502795087994634,0.030822880731772254
ENSG00000133835,HSD17B4,HSD17B4,protein_coding,2508.888234545253,0.22460597410884367,0.08826774448747736,0.007499980084697067,0.030822880731772254
ENSG00000164056,SPRY1,SPRY1,protein_coding,757.7529668286154,0.3140263065547594,0.13018200526087154,0.007504192630352033,0.030822880731772254
ENSG00000102265,TIMP1,TIMP1,protein_coding,15924.90540753614,-0.3010320385014962,0.12369671356629762,0.007527810526899808,0.03091096331830914
ENSG00000169515,CCDC8,CCDC8,protein_coding,318.5869475923295,-0.4299130458140475,0.1969967336858127,0.007548884574974234,0.030988552437065945
ENSG00000140474,ULK3,ULK3,protein_coding,339.5247186367735,0.3044929064177399,0.1269491896347256,0.00755177524868196,0.030991474650101613
ENSG00000164934,DCAF13,DCAF13,protein_coding,547.1534913367552,0.2656826722703607,0.10734872227909617,0.007569664933567591,0.031055931357099914
ENSG00000121892,PDS5A,PDS5A,protein_coding,2499.2553881306703,0.21261148246284553,0.0837975411912296,0.007595133357409927,0.031151435085293774
ENSG00000172594,SMPDL3A,SMPDL3A,protein_coding,2176.6779204587788,0.2423411720610719,0.09598592774712456,0.0076049299953711335,0.03118262446069732
ENSG00000221843,C2orf16,C2orf16,protein_coding,39.76048780891039,-0.6171398510610803,0.3353203641519481,0.007608183675144027,0.03118697538767972
ENSG00000110031,LPXN,LPXN,protein_coding,110.0594559743813,-0.4194202652094694,0.18860808498294845,0.007624912750912707,0.031246545367036114
ENSG00000105227,PRX,PRX,protein_coding,215.9246079891951,-0.3759142867254954,0.16354854724671136,0.007634271305658072,0.031275885671566944
ENSG00000126261,UBA2,UBA2,protein_coding,1694.9701087497556,0.2672722368824194,0.10783059366818529,0.007636612278254277,0.03127646790840451
ENSG00000172732,MUS81,MUS81,protein_coding,429.56421306359374,0.27697316606382244,0.11191750744538588,0.007640418881243081,0.0312830507100753
ENSG00000147454,SLC25A37,SLC25A37,protein_coding,576.7927347841135,-0.3189384870966006,0.13328238659336633,0.0076501474059129425,0.03131386955444768
ENSG00000105778,AVL9,AVL9,protein_coding,765.5898508989635,0.259096351758754,0.10394587898398894,0.007667269197531814,0.031374924357218795
ENSG00000186951,PPARA,PPARA,protein_coding,881.1907673812065,0.2566626017985326,0.10290293981288225,0.007672859996537894,0.031388772099728214
ENSG00000111726,CMAS,CMAS,protein_coding,524.1366147207675,0.27627033280780855,0.11188024572499207,0.007787408043530088,0.03184821506934214
ENSG00000141699,FAM134C,FAM134C,protein_coding,1089.5203513600975,0.2571847480676215,0.10316139970133315,0.0078002427463074115,0.031891535735405756
ENSG00000185100,ADSSL1,ADSSL1,protein_coding,149.90424809404666,-0.5414005388553247,0.28487251326596186,0.007808545251940372,0.03191630679988502
ENSG00000104218,CSPP1,CSPP1,protein_coding,376.9055702161144,-0.3049273496205533,0.12642016873116732,0.00783269188906878,0.03200580563921698
ENSG00000134802,SLC43A3,SLC43A3,protein_coding,361.89494153368395,-0.3323754859629419,0.14042436319184143,0.007846601254510135,0.03205343372893514
ENSG00000112531,QKI,QKI,protein_coding,3003.7330182660176,0.21521236928622473,0.0846486982047832,0.00785451734309266,0.03206735209189151
ENSG00000141030,COPS3,COPS3,protein_coding,637.2687089946006,-0.25690537139718955,0.10278961416665006,0.00785228718152213,0.03206735209189151
ENSG00000213235,EEF1A1P16,EEF1A1P16,pseudogene,154.00052472010896,-0.4279139478564143,0.196105600636166,0.007857284767508483,0.032069445777056144
ENSG00000128284,APOL3,APOL3,protein_coding,464.6126963433194,0.3617553986190471,0.15634493997201954,0.007863558282990131,0.03208584423902801
ENSG00000141448,GATA6,GATA6,protein_coding,110.8423546808385,-0.48835146294826937,0.23775320109790687,0.007869588023483658,0.03210123890049658
ENSG00000163386,NBPF10,NBPF10,protein_coding,5027.323006799055,-0.23392900434237335,0.09330656776511893,0.007903234056220882,0.03222924346779984
ENSG00000126804,ZBTB1,ZBTB1,protein_coding,774.8396156827771,0.2614764208418588,0.10551200434186192,0.007909050628502771,0.032243719157301065
ENSG00000069329,VPS35,VPS35,protein_coding,2975.180066807741,-0.1969630338867272,0.07680864997397291,0.007918442595890429,0.03227275859138838
ENSG00000164548,TRA2A,TRA2A,protein_coding,763.0740058522214,-0.27789422817012766,0.11362372645653993,0.007925256887158678,0.03229127870608566
ENSG00000236609,ZNF853,ZNF853,protein_coding,174.92635859522528,-0.3800011990209344,0.16648674789252882,0.007928753091844412,0.03229627261695158
ENSG00000144115,THNSL2,THNSL2,protein_coding,518.8815408709734,0.26837096941123545,0.10973063471123388,0.007932807835013425,0.03230353811773001
ENSG00000267010,RP11-108P20.1,RP11-108P20.1,lincRNA,32.09751279501328,0.6692529511776871,0.38856564169130037,0.00794622411320032,0.0323489100704526
ENSG00000268568,AC007228.9,AC007228.9,lincRNA,71.4582729386368,0.48147258900128614,0.23084691907384203,0.007971941175879842,0.03244431796443916
ENSG00000138834,MAPK8IP3,MAPK8IP3,protein_coding,1369.761529682743,-0.2609187941848459,0.10558356628702488,0.007986563054578039,0.032485236742441526
ENSG00000259295,CSPG4P12,CSPG4P12,pseudogene,336.2647050595492,-0.3079432179290389,0.12795956019755694,0.007984852099238894,0.032485236742441526
ENSG00000215608,AL356585.2,AL356585.2,pseudogene,133.8245771294284,-0.384556893297522,0.16975580428998754,0.007989012198190388,0.03248590894998859
ENSG00000164576,SAP30L,SAP30L,protein_coding,1684.9680695510915,0.24298565261393623,0.09702258549693346,0.007993908534262436,0.03249652900581563
ENSG00000158470,B4GALT5,B4GALT5,protein_coding,1464.9864123922368,0.25146196066574794,0.10124420675483999,0.008000201311532965,0.03251281813006997
ENSG00000173085,COQ2,COQ2,protein_coding,150.19424209448965,0.41119565243214146,0.18541827740936925,0.008025232194282274,0.032605227858175115
ENSG00000224411,RP11-1033A18.1,RP11-1033A18.1,pseudogene,177.64724255027096,-0.3516146019605212,0.15101827839978274,0.008034839397690034,0.032634938775769
ENSG00000175727,MLXIP,MLXIP,protein_coding,2247.3591911774743,0.30669600903179084,0.12772265750797096,0.008062831660024458,0.03273928562152095
ENSG00000104825,NFKBIB,NFKBIB,protein_coding,420.8156473837872,0.2919803029907092,0.12041704989644013,0.008068117800412668,0.03275140056879846
ENSG00000188811,NHLRC3,NHLRC3,protein_coding,725.0300404615307,0.3027483406314415,0.1256193802053484,0.008074227641160373,0.03275750541011556
ENSG00000233013,FAM157B,FAM157B,lincRNA,58.375160337325994,-0.5397762407497378,0.27522666827069386,0.00807200387442461,0.03275750541011556
ENSG00000005884,ITGA3,ITGA3,protein_coding,1289.3562897433214,0.2997550532065981,0.12562987403404027,0.008113164571758204,0.03290608864234066
ENSG00000138674,SEC31A,SEC31A,protein_coding,8920.039998396374,-0.18751804691130308,0.07313000725392484,0.0081225335789354,0.03293016769411174
ENSG00000160172,FAM86C2P,FAM86C2P,pseudogene,33.275430417928526,-0.6347116262064669,0.35275199456754036,0.008123731611265332,0.03293016769411174
ENSG00000103187,COTL1,COTL1,protein_coding,2204.6778487722504,0.3038715733051023,0.12713684305661033,0.00814225447472659,0.03299584833290912
ENSG00000144161,ZC3H8,ZC3H8,protein_coding,99.60393476972054,-0.4558448709174734,0.21591997137074273,0.00816300512864623,0.033061100498252845
ENSG00000173705,SUSD5,SUSD5,protein_coding,84.87609641583691,0.4924075373424684,0.24035392929638527,0.008160813917906956,0.033061100498252845
ENSG00000085978,ATG16L1,ATG16L1,protein_coding,569.1627613539836,0.25399018426749315,0.10239684930034139,0.008196151904152139,0.03317645551640866
ENSG00000141127,PRPSAP2,PRPSAP2,protein_coding,171.14816249717575,-0.39009714415266333,0.17404150110841285,0.008194782714034876,0.03317645551640866
ENSG00000180182,MED14,MED14,protein_coding,892.9793852308306,0.24557930879617876,0.09876573141546008,0.008219076581232308,0.03325978528917449
ENSG00000236287,ZBED5,ZBED5,protein_coding,911.8345298225531,-0.22956965147874026,0.09178807041751126,0.008222110264427134,0.03326259852139123
ENSG00000176485,PLA2G16,PLA2G16,protein_coding,438.54635790891444,0.3091647030110791,0.12939942420935252,0.008229849434966892,0.03328444081972393
ENSG00000151500,THYN1,THYN1,protein_coding,424.78584508578024,-0.2835140054470805,0.1173169395874107,0.008268907642818665,0.0334329000316807
ENSG00000104361,NIPAL2,NIPAL2,protein_coding,1205.4807340414168,-0.2544606826737732,0.103413565476492,0.008296921033458443,0.033536631082669195
ENSG00000131435,PDLIM4,PDLIM4,protein_coding,323.5571550744574,-0.3501466187671441,0.15151517793025054,0.008300552462253813,0.03354177790428927
ENSG00000059145,UNKL,UNKL,protein_coding,670.4737346047505,0.24619338241796648,0.09925633583200778,0.008307368889077911,0.03355260866120413
ENSG00000086061,DNAJA1,DNAJA1,protein_coding,3678.0138398230347,-0.27711691348698486,0.11302694893129743,0.008307950485430326,0.03355260866120413
ENSG00000155561,NUP205,NUP205,protein_coding,857.1432399097478,-0.2703816290233446,0.11065581578620248,0.008317134025129772,0.03358016303532384
ENSG00000261730,RP4-668J24.2,RP4-668J24.2,antisense,66.19588393963257,-0.4992639343567888,0.245577892514119,0.008320122637476586,0.03358269704752184
ENSG00000220205,VAMP2,VAMP2,protein_coding,673.1186022151734,0.35507895036064296,0.15450558595733058,0.008324993246595788,0.03359282381264638
ENSG00000240065,PSMB9,PSMB9,protein_coding,142.18089505104047,-0.40180319523482827,0.1811262214943855,0.008359643452423423,0.033723076706543044
ENSG00000233184,RP11-421L21.3,RP11-421L21.3,antisense,79.2728630265814,-0.4685572447471433,0.22416614389727324,0.008380517934751136,0.03379769977428414
ENSG00000233859,ADH5P4,ADH5P4,pseudogene,149.80517696874963,0.39545439782715325,0.17729686212686493,0.008392926258704027,0.03383814713826703
ENSG00000148985,PGAP2,PGAP2,protein_coding,269.21870689452976,-0.30742214909822824,0.12872492735519633,0.008395958894027056,0.03384078189533603
ENSG00000104365,IKBKB,IKBKB,protein_coding,1014.0630698491909,0.22226728900468523,0.08969969594982283,0.008424530553449616,0.033946323680528995
ENSG00000134109,EDEM1,EDEM1,protein_coding,1183.7982125480853,0.3003275574469843,0.1257908932577486,0.008435769423489727,0.03398198365327609
ENSG00000054118,THRAP3,THRAP3,protein_coding,2801.052230335724,-0.19162813605014573,0.07558395598243775,0.008445538794283825,0.03401170549543973
ENSG00000132561,MATN2,MATN2,protein_coding,3309.2807813520803,-0.281151425892801,0.1150863165190636,0.0084511898669515,0.034024830078550276
ENSG00000104866,PPP1R37,PPP1R37,protein_coding,570.4632162747004,-0.25154687641992807,0.10161940649361208,0.00847222832908962,0.03409405351267337
ENSG00000167772,ANGPTL4,ANGPTL4,protein_coding,919.2072000510153,0.6150373044268955,0.3595031964543504,0.008473177669242151,0.03409405351267337
ENSG00000066136,NFYC,NFYC,protein_coding,385.8563973285273,-0.2793637783151373,0.11481878874296964,0.008534010071677868,0.03432911743765441
ENSG00000140044,JDP2,JDP2,protein_coding,1330.4995770984517,-0.30054037411671913,0.1264313970890448,0.008539846052150819,0.03434288104206765
ENSG00000065308,TRAM2,TRAM2,protein_coding,9976.00429474265,0.18872240821975808,0.0733039663847389,0.008552664784288455,0.034384709975047764
ENSG00000114573,ATP6V1A,ATP6V1A,protein_coding,2034.3838706375627,-0.28281676751990426,0.11728422345883714,0.008560341514771067,0.034396580689059
ENSG00000145908,ZNF300,ZNF300,protein_coding,131.5570328323454,-0.38299488629403383,0.17099857502200688,0.008560453855404167,0.034396580689059
ENSG00000079313,REXO1,REXO1,protein_coding,318.5293044922688,0.2923819563645342,0.12226328292913989,0.008564963217101913,0.03440498073992025
ENSG00000163681,SLMAP,SLMAP,protein_coding,1211.5691362035584,0.32774216717244403,0.14063060404135455,0.008578233263745745,0.034448557296307025
ENSG00000100345,MYH9,MYH9,protein_coding,41609.417517582915,0.22036183281079297,0.0899534948099773,0.008588340545721869,0.03447363303788998
ENSG00000138101,DTNB,DTNB,protein_coding,90.19154831556186,-0.45709489282624793,0.21918777418130883,0.00858932476703333,0.03447363303788998
ENSG00000028839,TBPL1,TBPL1,protein_coding,422.06629664674006,-0.3072463407099094,0.1292353079099855,0.00864229196033762,0.03467643465270587
ENSG00000135185,TMEM243,TMEM243,protein_coding,286.063152575821,0.32616922215721217,0.13912438616177736,0.008668357597253309,0.03477121220060098
ENSG00000216829,BX005214.1,BX005214.1,pseudogene,328.74573390703677,-0.3191824897797951,0.13594716935931506,0.008706100204964016,0.03491276270521798
ENSG00000168899,VAMP5,VAMP5,protein_coding,1010.2297121309274,0.2210065007269126,0.08837920135888304,0.008710377617247066,0.034920070808264446
ENSG00000214826,DDX12P,DDX12P,pseudogene,66.77977460836343,-0.5076670357557042,0.2555160870676936,0.008714442671335641,0.03492652368472194
ENSG00000096696,DSP,DSP,protein_coding,162.94019139004862,0.530787239473309,0.27885322939507257,0.008718469896484175,0.03493282135425096
ENSG00000128578,STRIP2,STRIP2,protein_coding,65.93211476827051,-0.5424728373152613,0.2840155931221651,0.008722162894394044,0.03493489701030095
ENSG00000206127,GOLGA8O,GOLGA8O,protein_coding,217.77509359767345,-0.3274569537405404,0.1400431630319886,0.008723900040817559,0.03493489701030095
ENSG00000185825,BCAP31,BCAP31,protein_coding,1977.3372502822328,0.2011468436879483,0.08007530700899357,0.008732932483549453,0.03495524766797997
ENSG00000228218,ATF4P3,ATF4P3,pseudogene,230.84646583954182,-0.3274756778254686,0.1394029260448486,0.008733896949662598,0.03495524766797997
ENSG00000154114,TBCEL,TBCEL,protein_coding,639.6255300857861,0.24981901276900106,0.10157934541368872,0.008739666368591333,0.03496849913553956
ENSG00000174652,ZNF266,ZNF266,protein_coding,612.6101436162068,-0.27683446008821005,0.11434172935904363,0.00875375015153178,0.03501500060612712
ENSG00000076555,ACACB,ACACB,protein_coding,370.1119336433474,0.30009765191018106,0.12606196053967084,0.008756281723967774,0.035015280079200906
ENSG00000089327,FXYD5,FXYD5,protein_coding,902.4844028863689,-0.244800502426885,0.09939170227545999,0.008775160301719868,0.03508091066095093
ENSG00000261338,RP11-378A13.1,RP11-378A13.1,sense_overlapping,34.827224390414536,0.6329515202529467,0.363989417746298,0.008783241562659241,0.035103351499653004
ENSG00000182944,EWSR1,EWSR1,protein_coding,3912.5028670516945,0.19987071541606702,0.07867405277137345,0.008793110514249095,0.035132922459179525
ENSG00000243004,AC005062.2,AC005062.2,sense_overlapping,56.1750499020669,-0.5436066734678732,0.28463297583556185,0.008801575699458563,0.035156869629064474
ENSG00000134287,ARF3,ARF3,protein_coding,2195.1389380037554,0.2233820975157929,0.09020120687493485,0.008805011501331061,0.03516071970660668
ENSG00000106077,ABHD11,ABHD11,protein_coding,88.75839317759842,-0.47051292117586796,0.2298486461890475,0.00882330598171473,0.03522388556943877
ENSG00000123609,NMI,NMI,protein_coding,229.3077923329223,-0.35269325808349045,0.15450835214743291,0.008832985699824294,0.03525263428571851
ENSG00000124508,BTN2A2,BTN2A2,protein_coding,224.9344070969754,-0.32115725646025645,0.13654756215971875,0.008840068260461043,0.03527100447035003
ENSG00000133731,IMPA1,IMPA1,protein_coding,299.9106688044093,0.30538784386528695,0.12904799152403876,0.008869450671282239,0.03537831361422282
ENSG00000119953,SMNDC1,SMNDC1,protein_coding,618.1000336869723,0.2807707873582413,0.11647582336528409,0.008899656090131814,0.035488844470433115
ENSG00000157911,PEX10,PEX10,protein_coding,195.82625122239529,-0.35323745216450403,0.15478581140016967,0.008905081222376663,0.03550052559055091
ENSG00000137288,UQCC2,UQCC2,protein_coding,326.46064749743533,-0.35484056625426286,0.15657507744468796,0.008924325541477858,0.03556727556794089
ENSG00000071859,FAM50A,FAM50A,protein_coding,1416.8102851378253,0.24104824218383725,0.09799039214516989,0.008936812292683548,0.03560706387986857
ENSG00000168883,USP39,USP39,protein_coding,964.6286778007146,0.25632259003102625,0.10494562779888654,0.008944653766691523,0.03562832684889953
ENSG00000168264,IRF2BP2,IRF2BP2,protein_coding,963.158251949445,-0.2959779319543647,0.12473488130633295,0.00895333823901114,0.03565293480170618
ENSG00000139625,MAP3K12,MAP3K12,protein_coding,1475.9046654020322,-0.24169807664031645,0.09855812979464053,0.008959161360946244,0.03565615870120296
ENSG00000182963,GJC1,GJC1,protein_coding,379.8902192987092,-0.28751308817647253,0.1195494390613415,0.00895903780183835,0.03565615870120296
ENSG00000079134,THOC1,THOC1,protein_coding,344.76751619804173,-0.3064136324967645,0.1289243381582114,0.008973553549618228,0.03568348495660321
ENSG00000170390,DCLK2,DCLK2,protein_coding,202.0401517031212,0.4326510380322036,0.20505025229601687,0.008972595470926293,0.03568348495660321
ENSG00000215196,AC091878.1,AC091878.1,antisense,38.12000684466212,-0.6334659783544175,0.37220369798869335,0.008973477355936888,0.03568348495660321
ENSG00000204852,TCTN1,TCTN1,protein_coding,791.0130099885865,-0.23165912577932313,0.09363644559422699,0.008985294388564553,0.03572018652401962
ENSG00000187801,ZFP69B,ZFP69B,protein_coding,23.284758307505676,-0.7155918258727886,0.4573980750909536,0.00898921672445234,0.03572579454836828
ENSG00000106344,RBM28,RBM28,protein_coding,468.9589081646894,0.29602327806771384,0.12526046662796306,0.00900170878326706,0.035765448528824205
ENSG00000140265,ZSCAN29,ZSCAN29,protein_coding,501.8781233736161,-0.26689730486901625,0.11006551133179465,0.0090152415073730275,0.035809213962824334
ENSG00000227398,KIF9-AS1,KIF9-AS1,antisense,48.92535454801678,-0.5407675010338227,0.2829226471223792,0.009040558415019596,0.035899749551992946
ENSG00000052126,PLEKHA5,PLEKHA5,protein_coding,1423.039962481077,-0.2697138497957585,0.11203768256572841,0.009056541737501748,0.035943150020710066
ENSG00000145349,CAMK2D,CAMK2D,protein_coding,4182.715314621253,0.25543921404104614,0.10491564276797945,0.009056207747487988,0.035943150020710066
ENSG00000132823,OSER1,OSER1,protein_coding,896.1518117216863,0.3206049455237709,0.13753735673650372,0.009075892668733362,0.03600990162344863
ENSG00000160211,G6PD,G6PD,protein_coding,3266.7392774219716,-0.29817671399628687,0.1264685876490927,0.009080669089274298,0.036018805668108646
ENSG00000125124,BBS2,BBS2,protein_coding,1036.0527468280493,-0.2590900635358701,0.1068076492902421,0.009099569817315967,0.03608371371104051
ENSG00000099219,ERMP1,ERMP1,protein_coding,593.2178262910044,0.2820876452133402,0.11745732867453189,0.009137270261857714,0.036223113769415866
ENSG00000101605,MYOM1,MYOM1,protein_coding,101.31414333415711,0.4299850914364134,0.2026080641570185,0.009142220864791535,0.0362326412874881
ENSG00000158062,UBXN11,UBXN11,protein_coding,174.85370572225528,-0.3623887266640747,0.16093922779272143,0.009167244223207456,0.03632169410331556
ENSG00000164938,TP53INP1,TP53INP1,protein_coding,1973.6248763443948,-0.2712792419944578,0.11294632358935233,0.009169902837266833,0.03632211026379377
ENSG00000177694,NAALADL2,NAALADL2,protein_coding,218.79354673657983,-0.4223420137754066,0.20039981204337914,0.009174554288507305,0.03633041765025832
ENSG00000224712,NPIPA3,NPIPA3,protein_coding,435.4881214324874,0.27351923229031994,0.11346940687461257,0.009195247252757771,0.0364022256953038
ENSG00000072110,ACTN1,ACTN1,protein_coding,12844.122452201416,0.3331074757859803,0.14569107870606718,0.009228202359734554,0.03651000865571725
ENSG00000189241,TSPYL1,TSPYL1,protein_coding,1384.8621930237202,-0.23371137142083886,0.09528156981981031,0.00922600608713489,0.03651000865571725
ENSG00000198835,GJC2,GJC2,protein_coding,70.08775691171844,-0.5146499804647201,0.2643388431136416,0.009230173729327842,0.03651000865571725
ENSG00000176170,SPHK1,SPHK1,protein_coding,204.4500904259383,0.5353922349202048,0.29774871616565807,0.00927884974314965,0.036692343271215073
ENSG00000156313,RPGR,RPGR,protein_coding,123.46939333256614,0.40364051630231945,0.18488124253880514,0.00928901352039254,0.036722325823808646
ENSG00000099974,DDTL,DDTL,protein_coding,252.64913695139006,0.3586828795693302,0.1595505034227203,0.009306280341182187,0.03678036442705625
ENSG00000065518,NDUFB4,NDUFB4,protein_coding,742.3383422314055,-0.230234601962931,0.09342890306702091,0.009355383713089697,0.036956417189018737
ENSG00000100441,KHNYN,KHNYN,protein_coding,1201.2054417695124,0.22581412291148545,0.09192753494872749,0.009356022096291935,0.036956417189018737
ENSG00000087301,TXNDC16,TXNDC16,protein_coding,276.6388402218591,0.33119447599482144,0.14373973138980795,0.009372297835842413,0.03699459421187782
ENSG00000136367,ZFHX2,ZFHX2,protein_coding,52.651229949322975,-0.5150818209226882,0.2649707266441908,0.009371553343700764,0.03699459421187782
ENSG00000168564,CDKN2AIP,CDKN2AIP,protein_coding,384.08745401758006,0.27313809705877495,0.11337108351855231,0.009373489703290752,0.03699459421187782
ENSG00000163482,STK36,STK36,protein_coding,706.2571485531291,-0.2385762884887343,0.09710981868796872,0.00939255339564985,0.037059550485360186
ENSG00000156504,FAM122B,FAM122B,protein_coding,421.1414576141166,0.31137669499381365,0.13365238572086438,0.009407078886249962,0.03710656962784788
ENSG00000136108,CKAP2,CKAP2,protein_coding,379.27979250762513,-0.2933404953904585,0.12429656697396668,0.009444432597823895,0.037243584494440554
ENSG00000161281,COX7A1,COX7A1,protein_coding,328.3593883322438,0.2894652096125101,0.12201307191806708,0.009458324500609941,0.037288028740763805
ENSG00000171282,RP11-1055B8.7,RP11-1055B8.7,protein_coding,550.0214636289031,-0.2816720938924791,0.1185427985253664,0.009468769902531168,0.03731886480842431
ENSG00000111335,OAS2,OAS2,protein_coding,76.64799428992701,-0.49882993228021477,0.25505652597017653,0.009531692089622493,0.03754679651210534
ENSG00000113732,ATP6V0E1,ATP6V0E1,protein_coding,3491.4951784397476,0.22843576539453408,0.09464363543108954,0.0095318814823687,0.03754679651210534
ENSG00000147408,CSGALNACT1,CSGALNACT1,protein_coding,750.2581703909133,0.3583194074539376,0.16116640705932198,0.00956227962560315,0.037653056501443474
ENSG00000251634,RP11-1280N14.3,RP11-1280N14.3,pseudogene,156.19440402157366,-0.3692631923151355,0.16568017281421377,0.009564151654929364,0.037653056501443474
ENSG00000259472,RP13-996F3.3,RP13-996F3.3,pseudogene,86.85481736342268,-0.4822664331173547,0.2426241736265175,0.009568839906160736,0.03766108987969848
ENSG00000145817,YIPF5,YIPF5,protein_coding,1967.5472732617816,-0.25598669880964636,0.10623313669298705,0.009580438414879267,0.03769630871735621
ENSG00000070476,ZXDC,ZXDC,protein_coding,381.00955414461373,0.2808895446220232,0.11792967778398136,0.009585054571179117,0.03770404209636387
ENSG00000129245,FXR2,FXR2,protein_coding,668.1133961246283,0.23697612178460747,0.09709732014004314,0.009591534318736222,0.03771909984785845
ENSG00000158042,MRPL17,MRPL17,protein_coding,501.3601803552197,-0.33573797983982534,0.1479910534964011,0.009626105238399123,0.03784458842205338
ENSG00000236548,RP11-510H23.1,RP11-510H23.1,antisense,40.9338214324009,0.5914822518514085,0.33722655261157014,0.009658797035352707,0.03796262200355261
ENSG00000187987,ZSCAN23,ZSCAN23,protein_coding,57.96590001779167,-0.5721377216454306,0.32522362203750543,0.009673661695244381,0.03801054252849616
ENSG00000100577,GSTZ1,GSTZ1,protein_coding,195.8195887454186,-0.33020512701286986,0.14385660245651186,0.0096928714989816,0.03807550516473744
ENSG00000269958,RP11-73M18.8,RP11-73M18.8,sense_intronic,138.47583216716777,0.3928278944126607,0.180685463618101,0.009722215143021594,0.038180228656636984
ENSG00000188384,CSPG4P8,CSPG4P8,pseudogene,248.09297531436073,-0.3977782585497719,0.1856556321729474,0.009738299323672327,0.038232837311596796
ENSG00000197694,SPTAN1,SPTAN1,protein_coding,11219.144387762817,0.20770308597020343,0.08441037924879298,0.009742931284344227,0.03824046760168661
ENSG00000144320,KIAA1715,KIAA1715,protein_coding,1870.7910595807455,0.2568200674549539,0.10664774746877678,0.009748770115718137,0.038252829276130974
ENSG00000214106,PAXIP1-AS2,PAXIP1-AS2,protein_coding,89.49759617137188,-0.44005221777976694,0.2099045068964828,0.009754917591060628,0.03826639487458532
ENSG00000196365,LONP1,LONP1,protein_coding,1219.6783450441394,-0.2988456213536443,0.1279611345564579,0.00975834176283899,0.03826927301754116
ENSG00000185634,SHC4,SHC4,protein_coding,28.80023031079022,-0.6328624189585228,0.37278352183444385,0.009764224567663385,0.03828178893341896
ENSG00000163328,GPR155,GPR155,protein_coding,206.05372422432612,-0.32333716154219505,0.14056855790030967,0.009779061378225144,0.03832939350892104
ENSG00000205250,E2F4,E2F4,protein_coding,957.3188314500252,0.2574159368007073,0.10680520578605222,0.009784611018276651,0.03833284566503046
ENSG00000251602,RP11-521B24.3,RP11-521B24.3,antisense,48.23950333714442,-0.5423789596186901,0.2911232792431005,0.009785332016994207,0.03833284566503046
ENSG00000173039,RELA,RELA,protein_coding,1395.635421275288,0.20948616378037457,0.08480985747836009,0.00979216842670848,0.038349064895787835
ENSG00000089057,SLC23A2,SLC23A2,protein_coding,866.7724265813032,-0.26923666341520847,0.11297011629919539,0.009803352891384393,0.03838229879632579
ENSG00000100523,DDHD1,DDHD1,protein_coding,683.1862999919381,-0.2646282045217993,0.1106802476548061,0.00983098102994274,0.038479877316980056
ENSG00000117020,AKT3,AKT3,protein_coding,1199.6470734920847,0.28413357912455445,0.120407387821851,0.009839488365794923,0.038500085966333794
ENSG00000122299,ZC3H7A,ZC3H7A,protein_coding,1462.6703122021513,0.2599299950711839,0.10812828579970933,0.009841557408154504,0.038500085966333794
ENSG00000235386,RP11-397A15.4,RP11-397A15.4,pseudogene,53.85438678058049,-0.5063794489631466,0.26113722766784925,0.009858845157852484,0.038557111224991406
ENSG00000198551,ZNF627,ZNF627,protein_coding,175.36726666422425,-0.34021284381929706,0.1500141709967127,0.009869727628993163,0.03858906151588751
ENSG00000085231,TAF9,TAF9,protein_coding,724.4606190819245,0.2634703202028434,0.11013564342713393,0.00989567997131662,0.038677965242905205
ENSG00000119906,FAM178A,FAM178A,protein_coding,900.3023391256354,-0.240096363066423,0.09899300134839753,0.00989790449129464,0.038677965242905205
ENSG00000117620,SLC35A3,SLC35A3,protein_coding,488.2035452476356,0.30354877251588347,0.13043312566098209,0.009924516105557423,0.03877130378617105
ENSG00000261705,RP11-61A14.2,RP11-61A14.2,lincRNA,42.51848748181917,0.5544985046660451,0.30182752477091046,0.009928469815517173,0.038776099576034125
ENSG00000079337,RAPGEF3,RAPGEF3,protein_coding,85.50043855082895,-0.4831635923365127,0.24489161019867983,0.009936934265436136,0.0387985048014174
ENSG00000167779,IGFBP6,IGFBP6,protein_coding,4204.229330616628,0.28333105060383185,0.12034416530030298,0.00995659084012304,0.03886458510151211
ENSG00000205271,CSPG4P10,CSPG4P10,pseudogene,247.6503115009023,-0.39879073425357026,0.18665626290652357,0.009961484154679852,0.03887301800169169
ENSG00000109762,SNX25,SNX25,protein_coding,440.64871138485466,0.2712907860965153,0.11395601744677918,0.009968016121407623,0.03888783908691773
ENSG00000136010,ALDH1L2,ALDH1L2,protein_coding,2120.1658959541933,-0.2586725256405279,0.10656363722178433,0.009977475278327826,0.03890340141418174
ENSG00000187372,PCDHB13,PCDHB13,protein_coding,68.78196156451901,-0.486255208277114,0.2467588984564984,0.009976414406391354,0.03890340141418174
ENSG00000136068,FLNB,FLNB,protein_coding,1962.9490707172508,0.3704383850994884,0.17026888848189178,0.009993028369062261,0.03895336681872886
ENSG00000182890,GLUD2,GLUD2,protein_coding,285.56354196226096,0.309205036159941,0.13442621235653,0.01004376827428047,0.039140427379004215
ENSG00000118960,HS1BP3,HS1BP3,protein_coding,1022.5840835418062,0.21892999210435923,0.08943291610116724,0.010062493236164214,0.0392026578447548
ENSG00000170629,DPY19L2P2,DPY19L2P2,pseudogene,48.2770350994425,-0.5786007932075663,0.3333294210155022,0.010070041594021315,0.039221323010229785
ENSG00000063180,CA11,CA11,protein_coding,105.9172835783715,-0.41872674569892254,0.19876920725835698,0.010078068421543821,0.03924184101506688
ENSG00000141258,SGSM2,SGSM2,protein_coding,1326.7966686575749,-0.2131555969532364,0.0864433822138583,0.010093977652570878,0.03929303178165522
ENSG00000075945,KIFAP3,KIFAP3,protein_coding,823.9208885738327,-0.2881754617892566,0.1234701430893542,0.01010175732972176,0.03931255711572156
ENSG00000130508,PXDN,PXDN,protein_coding,11815.590094929808,0.24628530019288608,0.10035547534811098,0.010111976874160608,0.039341564293780225
ENSG00000151743,AMN1,AMN1,protein_coding,32.27533971726468,-0.6028438311424891,0.3489007750347715,0.010124754262097553,0.039380504409099154
ENSG00000186399,GOLGA8R,GOLGA8R,protein_coding,194.39993555181962,-0.32675655588697217,0.14322821423540427,0.010137475843006982,0.039419206230435024
ENSG00000170604,IRF2BP1,IRF2BP1,protein_coding,303.24534324953095,-0.29467048736081275,0.12576437222360953,0.010143799738104324,0.039423635199280924
ENSG00000198270,TMEM116,TMEM116,protein_coding,143.0643897083646,-0.3938414936819335,0.1827262979893293,0.01014415810105232,0.039423635199280924
ENSG00000166073,GPR176,GPR176,protein_coding,4122.181012145796,-0.2010661208311259,0.08160612214945535,0.010154221227923128,0.03945196469433995
ENSG00000100599,RIN3,RIN3,protein_coding,618.4232431993888,-0.3085995305024484,0.134267129501613,0.010176039627501524,0.039515148146759944
ENSG00000164610,RP9,RP9,protein_coding,145.4944617573033,-0.3810873846563287,0.17519368473711064,0.010173402075460998,0.039515148146759944
ENSG00000119718,EIF2B2,EIF2B2,protein_coding,373.4861786386738,-0.37004516168371004,0.17017899551452956,0.010228539389805405,0.03970817256566378
ENSG00000064932,SBNO2,SBNO2,protein_coding,1174.5416391533463,0.25325873044349706,0.10552319144080269,0.010240436440337888,0.03974351103065924
ENSG00000166922,SCG5,SCG5,protein_coding,347.83953589222045,-0.322829544266522,0.1406767982201761,0.01024572124001409,0.03975317482759422
ENSG00000105514,RAB3D,RAB3D,protein_coding,193.80326920512593,0.36693920517463646,0.16732923101993608,0.010265596359092306,0.039808572140602225
ENSG00000227827,RP11-958N24.2,RP11-958N24.2,pseudogene,2739.1733536778333,0.2850704075004661,0.12194150497035917,0.010264607713845244,0.039808572140602225
ENSG00000134698,AGO4,AGO4,protein_coding,660.7992749082608,0.2472203363854652,0.10300739940676276,0.01029725134002707,0.03989869328808091
ENSG00000163281,GNPDA2,GNPDA2,protein_coding,576.8483248244232,0.24960791109456776,0.10406993893496393,0.010296068628011669,0.03989869328808091
ENSG00000197582,GPX1P1,GPX1P1,pseudogene,272.3874137649672,0.36389437310821676,0.16610619036264881,0.010295658787384913,0.03989869328808091
ENSG00000089737,DDX24,DDX24,protein_coding,3514.5234814031974,-0.21888877592571837,0.08979467976526267,0.01030534207532542,0.03991916821335206
ENSG00000105329,TGFB1,TGFB1,protein_coding,1860.745172676318,-0.26302004942500057,0.11105141896896119,0.010325610025527027,0.03998678927391681
ENSG00000120697,ALG5,ALG5,protein_coding,473.5393415547818,0.25430120652129307,0.10611587912500645,0.010334680100998379,0.04001102061965186
ENSG00000171503,ETFDH,ETFDH,protein_coding,914.8741905084347,-0.2952384338851243,0.12766370590647683,0.010353251636505998,0.04006378035833457
ENSG00000174564,IL20RB,IL20RB,protein_coding,45.489641161731925,-0.5431444185611207,0.296417718532863,0.01035394098686993,0.04006378035833457
ENSG00000127920,GNG11,GNG11,protein_coding,862.8431168547437,0.29037062945963826,0.12483393164417682,0.010373593689282645,0.040128908522261725
ENSG00000078747,ITCH,ITCH,protein_coding,1520.5785586747854,0.22243752936685618,0.09161161149970495,0.010380856252875503,0.040146084649510916
ENSG00000061676,NCKAP1,NCKAP1,protein_coding,5703.427303248245,0.2285484003014969,0.09434828537007668,0.010412253339828152,0.04025656197491591
ENSG00000204560,DHX16,DHX16,protein_coding,789.0268027816578,0.23647079346297847,0.09791774964294392,0.010424540473909973,0.040293115136112896
ENSG00000139636,LMBR1L,LMBR1L,protein_coding,640.1512608762059,0.2459722581612246,0.10261740492825938,0.010481406766324596,0.040495876563665524
ENSG00000183666,GUSBP1,GUSBP1,pseudogene,114.26008294223666,-0.39417610641079365,0.1844588532372899,0.010482692456933103,0.040495876563665524
ENSG00000107581,EIF3A,EIF3A,protein_coding,8926.311597981281,0.18355123974028914,0.07408846410665783,0.010498796558673218,0.04054707636453105
ENSG00000116161,CACYBP,CACYBP,protein_coding,716.1693968995272,-0.24911331265706388,0.10443021247452053,0.010508627942961165,0.040574029278143214
ENSG00000175073,VCPIP1,VCPIP1,protein_coding,705.0770335482836,0.2317933817780707,0.09638748171947552,0.0105514133624131,0.04071711982283341
ENSG00000230055,CISD3,CISD3,protein_coding,208.5211771207387,0.3265928833246371,0.14380283465368388,0.010549806910286978,0.04071711982283341
ENSG00000167393,PPP2R3B,PPP2R3B,protein_coding,199.78088951262916,-0.32428798521742985,0.1423929465212493,0.010590489073665024,0.04085682576181483
ENSG00000158158,CNNM4,CNNM4,protein_coding,223.74801387081695,0.3165022489248973,0.13855580525871003,0.010621414687239678,0.04096502237291138
ENSG00000108179,PPIF,PPIF,protein_coding,575.8246675951746,0.26183576227005484,0.11046004545896218,0.010624315745859198,0.040965103596937176
ENSG00000068885,IFT80,IFT80,protein_coding,613.4817133644224,-0.28599252407182113,0.12308491240114632,0.010631906074729537,0.04098326070649131
ENSG00000136643,RPS6KC1,RPS6KC1,protein_coding,712.5494881871577,-0.24822678899051914,0.10392970017755924,0.010641376260848904,0.04100865237992815
ENSG00000132549,VPS13B,VPS13B,protein_coding,2940.4986074114186,-0.21848289268770696,0.08928730017463406,0.010684255634805495,0.04116274435251174
ENSG00000056277,ZNF280C,ZNF280C,protein_coding,154.75022791198361,-0.386817985723893,0.18075819428081089,0.010752938070769736,0.0413982269049978
ENSG00000106565,TMEM176B,TMEM176B,protein_coding,864.4816270690275,0.29485098935489684,0.12789577711103278,0.010754109140464487,0.0413982269049978
ENSG00000174456,C12orf76,C12orf76,protein_coding,101.99414804111703,0.4064228600156458,0.19337688261558866,0.010750742054132845,0.0413982269049978
ENSG00000117298,ECE1,ECE1,protein_coding,7316.6201779931,0.24703780417018611,0.10356844522527284,0.010761775538306713,0.04141653010196826
ENSG00000177119,ANO6,ANO6,protein_coding,3535.4924744800965,0.22756859569053942,0.09428766007695594,0.01076731614595597,0.04142664453883628
ENSG00000099308,MAST3,MAST3,protein_coding,380.6476043563182,0.30342349072642183,0.13256355579393103,0.010777745652176218,0.0414555581818698
ENSG00000177707,PVRL3,PVRL3,protein_coding,1063.6990231107975,0.21349622171730712,0.0877205181187375,0.010800976751656055,0.04153368297257522
ENSG00000167815,PRDX2,PRDX2,protein_coding,799.2054101409224,-0.23581874267483752,0.09825927552266399,0.010813676130113728,0.04156630316689446
ENSG00000198911,SREBF2,SREBF2,protein_coding,1891.4571739458204,-0.309951487987795,0.13671885704021586,0.01081530427591932,0.04156630316689446
ENSG00000165512,ZNF22,ZNF22,protein_coding,196.29146252053087,0.3654369349288797,0.16712414430172165,0.010826245395385991,0.041597113588322625
ENSG00000067221,STOML1,STOML1,protein_coding,298.5686879134884,-0.3078002809632554,0.13490532485285897,0.010833754007093344,0.04161472238641526
ENSG00000106477,CEP41,CEP41,protein_coding,192.77280826848315,-0.3432606215639323,0.15429810079355577,0.010837938919308968,0.04161955809618001
ENSG00000068745,IP6K2,IP6K2,protein_coding,800.1749373357009,-0.2888178340207306,0.12502321669048477,0.010887732877828724,0.041799490540954325
ENSG00000166454,ATMIN,ATMIN,protein_coding,1617.1282745677277,-0.2110522347922549,0.0858359843318761,0.010979415041008045,0.04214009701654032
ENSG00000021826,CPS1,CPS1,protein_coding,324.38389714342,-0.2814866380975917,0.1211537676158827,0.011006882270778433,0.042234122853939154
ENSG00000152556,PFKM,PFKM,protein_coding,1376.7847309971385,-0.23090631623957297,0.09638633804805923,0.011020611489002543,0.04227539854896768
ENSG00000168528,SERINC2,SERINC2,protein_coding,1311.2692842450758,0.29937081459288356,0.1312782997227636,0.011054665936533856,0.04239459915914197
ENSG00000160305,DIP2A,DIP2A,protein_coding,864.548194861067,-0.22081874743614746,0.09149514958804261,0.011079720209190107,0.04247922917938547
ENSG00000101457,DNTTIP1,DNTTIP1,protein_coding,336.7365896997172,-0.2742227173629509,0.11753819422127233,0.011087573088436933,0.04249788186740149
ENSG00000179837,RBM15B,RBM15B,protein_coding,1562.0611943647377,-0.21625615626104117,0.08972629218489982,0.011133892981162102,0.0426524357026797
ENSG00000204947,ZNF425,ZNF425,protein_coding,123.95501831673421,-0.3852977020855655,0.18111184599154098,0.011130917022916985,0.0426524357026797
ENSG00000143466,IKBKE,IKBKE,protein_coding,185.78880527463076,-0.38478708536398654,0.18253477093366058,0.011138975955217265,0.04266041841330382
ENSG00000118418,HMGN3,HMGN3,protein_coding,433.9486311820997,-0.29452569995192585,0.12849863134549483,0.011201001056402808,0.04287721332341285
ENSG00000139971,C14orf37,C14orf37,protein_coding,109.76393533028295,-0.45972737017897736,0.23471376024525445,0.011207044445239721,0.04287721332341285
ENSG00000149292,TTC12,TTC12,protein_coding,211.4169679604775,-0.32409298244557794,0.14441962217158694,0.011205584990687684,0.04287721332341285
ENSG00000256667,KLRAP1,KLRAP1,pseudogene,54.17087056745151,-0.5154120608803859,0.27979804635683786,0.01120764054671323,0.04287721332341285
ENSG00000235823,LINC00263,LINC00263,processed_transcript,42.801574241123525,-0.5396769503745583,0.30012248793754115,0.011223910617411363,0.04292791197151364
ENSG00000127666,TICAM1,TICAM1,protein_coding,259.4909082627601,0.30140507574578973,0.13227703360271853,0.01123016421627955,0.04294028382052697
ENSG00000164168,TMEM184C,TMEM184C,protein_coding,1254.0824852799053,0.24335068102663657,0.10260848257483798,0.011254914798726085,0.04302335611316308
ENSG00000114770,ABCC5,ABCC5,protein_coding,1137.317832452721,0.27668381246840695,0.1188667551581832,0.011315560635852128,0.043220336864758506
ENSG00000218283,MORF4L1P1,MORF4L1P1,pseudogene,1051.3697503315652,0.21857178489566312,0.09056742381547993,0.011313614364703427,0.043220336864758506
ENSG00000243759,ST13P15,ST13P15,pseudogene,146.3004858181301,-0.36728870378683837,0.16998045242477727,0.011312782966238994,0.043220336864758506
ENSG00000124216,SNAI1,SNAI1,protein_coding,65.8936514834778,-0.4893991671512372,0.2589414991785947,0.011322094676043138,0.04323368447571479
ENSG00000269293,ZSCAN16-AS1,ZSCAN16-AS1,antisense,79.32998832797317,0.4363677414996824,0.216758504679482,0.01133519359173469,0.04327208632550569
ENSG00000231242,RP11-87H9.3,RP11-87H9.3,lincRNA,57.64671962997772,-0.5097690979138106,0.275440437765654,0.011342666763923617,0.04328899706199343
ENSG00000146830,GIGYF1,GIGYF1,protein_coding,1634.873042019005,0.21853715985728692,0.09088579603999107,0.011353936137855089,0.043320382946580145
ENSG00000183628,DGCR6,DGCR6,protein_coding,121.61546236098665,0.39319571899850725,0.18662504482344028,0.011359410905558597,0.04332964889264293
ENSG00000154582,TCEB1,TCEB1,protein_coding,684.7463296826373,0.23179974001562334,0.09789052758092727,0.011407090939124134,0.04349042284788452
ENSG00000166166,TRMT61A,TRMT61A,protein_coding,350.6930842492128,0.2836647873973439,0.12402718023360329,0.011407674890709867,0.04349042284788452
ENSG00000106780,MEGF9,MEGF9,protein_coding,1357.7215270659276,0.26312055389127187,0.11274133494352061,0.011426537504099828,0.043542138689425726
ENSG00000228794,LINC01128,LINC01128,processed_transcript,348.14852685465,0.3010480613056045,0.13190303994007374,0.01142736246679037,0.043542138689425726
ENSG00000102710,SUPT20H,SUPT20H,protein_coding,758.7080702675795,-0.24805703848542848,0.10513823682258094,0.011430907592594816,0.04354398221667613
ENSG00000099977,DDT,DDT,protein_coding,263.40290761355243,0.3385645831112958,0.15353558565667152,0.011445410944795826,0.04358755696888242
ENSG00000160888,IER2,IER2,protein_coding,261.6275612933407,-0.3078056093089518,0.13595503623192645,0.011469011481321734,0.04366574392674527
ENSG00000262691,CTC-277H1.7,CTC-277H1.7,processed_transcript,30.981459567557334,-0.6272852807068632,0.39836895612501033,0.011500662849149338,0.04377453261073058
ENSG00000139826,ABHD13,ABHD13,protein_coding,359.0947448677805,0.3042232604467357,0.13434897857544545,0.01151238211037327,0.04379838987226783
ENSG00000269937,RP11-20I23.8,RP11-20I23.8,antisense,108.78575129443621,-0.42414406798891585,0.20949223453571247,0.011513089126294248,0.04379838987226783
ENSG00000173456,RNF26,RNF26,protein_coding,708.6045027159578,0.2480162725543478,0.1051693488284816,0.011524566064528109,0.043818612056094046
ENSG00000198176,TFDP1,TFDP1,protein_coding,1753.1168531416001,0.21300901569865113,0.08848106565274601,0.011522848098516454,0.043818612056094046
ENSG00000143442,POGZ,POGZ,protein_coding,1245.482947046025,-0.20535452846963995,0.08556138204574802,0.011528445531481236,0.04382164864772557
ENSG00000238083,LRRC37A2,LRRC37A2,protein_coding,371.2792965713937,-0.27066821852013967,0.11647219396138105,0.011535247187600869,0.0438357884040702
ENSG00000189079,ARID2,ARID2,protein_coding,628.6159077404874,-0.242672363334931,0.10299445840583912,0.01156260321021642,0.04392800963197606
ENSG00000008282,SYPL1,SYPL1,protein_coding,1971.704748200019,0.2462753200726375,0.10445412409442763,0.01157990577562857,0.043953701540357826
ENSG00000099783,HNRNPM,HNRNPM,protein_coding,2791.7839585367037,0.19228061487118986,0.07959442437431088,0.01157639527427922,0.043953701540357826
ENSG00000137310,TCF19,TCF19,protein_coding,134.45075706858609,-0.3641590953957144,0.16894500108188987,0.01157553776178177,0.043953701540357826
ENSG00000260336,RP11-395B7.7,RP11-395B7.7,sense_overlapping,1169.0284322987209,0.2629250441876189,0.11275208346492312,0.011581726193283263,0.043953701540357826
ENSG00000185973,TMLHE,TMLHE,protein_coding,239.81129003293213,-0.308789228370452,0.13586697997246866,0.011595272344169148,0.043993372585612686
ENSG00000233024,NPIPA7,NPIPA7,protein_coding,975.1361680481958,0.25442229614931233,0.10851142469961904,0.011606501860201362,0.044024235322534445
ENSG00000163902,RPN1,RPN1,protein_coding,3528.4119645639007,0.20257462845237373,0.08391011361504265,0.011613824502954515,0.04404026652360038
ENSG00000102226,USP11,USP11,protein_coding,1454.9989020615897,-0.19873133719013078,0.08218673745159198,0.011630342104536617,0.04409114767988508
ENSG00000198682,PAPSS2,PAPSS2,protein_coding,3819.134489865306,0.2853446776998695,0.12500536584292954,0.01166003098120858,0.04419192131007483
ENSG00000147400,CETN2,CETN2,protein_coding,743.3566603804744,-0.23082321826140725,0.09672538147529372,0.011697513850874197,0.0443221728862106
ENSG00000173040,EVC2,EVC2,protein_coding,464.4338454270244,0.26890891585079624,0.11585072944438517,0.011701180236693049,0.04432425770618427
ENSG00000138443,ABI2,ABI2,protein_coding,1066.4027639393612,-0.23409300306977587,0.0989201422325756,0.01171101222184473,0.04434969058666652
ENSG00000124570,SERPINB6,SERPINB6,protein_coding,1604.1508686997931,-0.21701658228508622,0.09083553628647245,0.011724208406858201,0.044387846787104356
ENSG00000129083,COPB1,COPB1,protein_coding,3783.7273261131018,0.19258986650430315,0.07986629199548058,0.011756807988550682,0.044499424382422804
ENSG00000104852,SNRNP70,SNRNP70,protein_coding,4078.0161911923897,0.213719317333911,0.0891984210072894,0.011771193549119036,0.04454202102757892
ENSG00000130741,EIF2S3,EIF2S3,protein_coding,2374.896009519694,-0.19757041293304342,0.08214193981953168,0.01177924107732124,0.04456061837335567
ENSG00000162929,KIAA1841,KIAA1841,protein_coding,213.9598969718072,-0.351058169352009,0.16222767040195366,0.011788973303637883,0.04458557731213647
ENSG00000180938,ZNF572,ZNF572,protein_coding,37.78417118240025,-0.5678055682643982,0.33573196247443904,0.011806636897115657,0.044640511223969455
ENSG00000130779,CLIP1,CLIP1,protein_coding,5366.961992205666,0.22355653120037117,0.09131074786793732,0.011825212347982419,0.04469886272593727
ENSG00000108061,SHOC2,SHOC2,protein_coding,1271.0681351529192,0.2419735645712292,0.10261160147579203,0.011829965847755083,0.044704950642526116
ENSG00000139163,ETNK1,ETNK1,protein_coding,611.6966614854379,0.29507412896648255,0.13085390743047806,0.011850536502655268,0.044770791823046094
ENSG00000143845,ETNK2,ETNK2,protein_coding,178.23045020696054,0.3578409264267063,0.1662387420428395,0.01189675412892781,0.044933465408887194
ENSG00000110721,CHKA,CHKA,protein_coding,97.94481970903888,0.43500298560006506,0.21829527318141825,0.011904683689502819,0.044943587423080654
ENSG00000137501,SYTL2,SYTL2,protein_coding,895.94278493046545,-0.5798690346083503,0.37200317805588107,0.011905753473718216,0.044943587423080654
ENSG00000177144,NUDT4P1,NUDT4P1,pseudogene,228.88730953408313,0.45717619977822127,0.2414453686125183,0.01192651981736586,0.04501003393001115
ENSG00000179456,ZBTB18,ZBTB18,protein_coding,184.24469234665196,-0.3310881830728782,0.150198466723323,0.011950346212864829,0.045076034084271896
ENSG00000184634,MED12,MED12,protein_coding,1282.625473485024,-0.2320921178280977,0.0983327012309439,0.01194836860834267,0.045076034084271896
ENSG00000247572,CKMT2-AS1,CKMT2-AS1,antisense,82.72563210878225,-0.4844353513223921,0.25963288987404126,0.011965041231582782,0.04511949800584133
ENSG00000122512,PMS2,PMS2,protein_coding,302.9128888718708,-0.2830137525855091,0.12391029332796742,0.011978118257599457,0.045156839145532646
ENSG00000167578,RAB4B,RAB4B,protein_coding,62.72120699157594,0.47526323671323195,0.24921720736051128,0.011990734082318167,0.04519242225407886
ENSG00000104671,DCTN6,DCTN6,protein_coding,236.95684536075566,0.2999367292749896,0.13185286582404523,0.0120003465371716,0.0452166699721136
ENSG00000074695,LMAN1,LMAN1,protein_coding,3763.312579425546,-0.20791405222020173,0.08580210845412688,0.012037765469283954,0.04534565043302303
ENSG00000163710,PCOLCE2,PCOLCE2,protein_coding,889.6916558360444,-0.2714678950867517,0.1188847144895805,0.012052863774550965,0.04538503368171755
ENSG00000259721,RP11-758N13.1,RP11-758N13.1,lincRNA,108.69111941056899,-0.4854766575825917,0.26501732879644396,0.012054601887621547,0.04538503368171755
ENSG00000122741,DCAF10,DCAF10,protein_coding,998.7258579944282,0.2276768575984788,0.09600797189461313,0.012073572130966692,0.045444427094699716
ENSG00000008324,SS18L2,SS18L2,protein_coding,122.20400619271058,0.4220764640499105,0.21084978438197496,0.012085090786768211,0.04547574903465371
ENSG00000143258,USP21,USP21,protein_coding,365.99413577527275,-0.30663090560304923,0.13724148818898543,0.012090684690349058,0.04548476567985322
ENSG00000125877,ITPA,ITPA,protein_coding,418.5517047173687,0.26375579678666794,0.11403709965724766,0.012103454454228611,0.045520765773915325
ENSG00000232653,GOLGA8N,GOLGA8N,protein_coding,223.84493914733793,-0.31246228373690005,0.1399496803386065,0.012136164075190574,0.045631720276370795
ENSG00000129474,AJUBA,AJUBA,protein_coding,546.2521512711719,-0.29109898899058995,0.12907525661432834,0.012215878055562249,0.04591930482619382
ENSG00000091622,PITPNM3,PITPNM3,protein_coding,31.664299448300653,-0.5856070924514953,0.359068242006866,0.012311909448956843,0.046261282986479794
ENSG00000116731,PRDM2,PRDM2,protein_coding,1193.5075768988058,0.21055072071293154,0.08820845857959729,0.012313358927644298,0.046261282986479794
ENSG00000080546,SESN1,SESN1,protein_coding,606.6225865025282,-0.23638731253334833,0.10046668506281257,0.012337409187549464,0.04633940012772738
ENSG00000139200,PIANP,PIANP,protein_coding,475.06347505065827,0.325290120562126,0.14820459460575608,0.012342240198671736,0.04634530744084128
ENSG00000099284,H2AFY2,H2AFY2,protein_coding,395.69117338851316,-0.3013592855703377,0.1342398855317166,0.012359011793048037,0.04639603688158228
ENSG00000128694,OSGEPL1,OSGEPL1,protein_coding,94.74655293890962,-0.4104406448241059,0.20225194491684462,0.012381022923763824,0.0464664037117722
ENSG00000095015,MAP3K1,MAP3K1,protein_coding,311.78902674169876,-0.2998367562176623,0.13370230053785484,0.012384327159509502,0.046466544319932246
ENSG00000205464,ATP6AP1L,ATP6AP1L,protein_coding,103.13024417231345,-0.39175710667817676,0.18939390285401644,0.01238787545905015,0.04646760035061428
ENSG00000006831,ADIPOR2,ADIPOR2,protein_coding,1097.8855785570902,0.2162001931086626,0.09070873911750213,0.012406292311195364,0.04652441387673157
ENSG00000145358,DDIT4L,DDIT4L,protein_coding,36.84415488351014,-0.5652849746435263,0.33964934446836714,0.012446151654159172,0.04666158701337903
ENSG00000158195,WASF2,WASF2,protein_coding,4322.25627612458,0.21537686757658606,0.09150740971362432,0.012450919031221136,0.04666716002637403
ENSG00000141542,RAB40B,RAB40B,protein_coding,287.3030796382852,-0.3096690613936077,0.13846589288451128,0.012455063651184418,0.046670396568610946
ENSG00000064763,FAR2,FAR2,protein_coding,271.7805404715655,0.3267561743512612,0.14905071913374487,0.012478786428555877,0.046746973442132946
ENSG00000139629,GALNT6,GALNT6,protein_coding,152.26825622854687,-0.3947904425704489,0.19249680357077908,0.012507696874990953,0.046830608146846885
ENSG00000169714,CNBP,CNBP,protein_coding,3635.253660225152,0.21090548621160396,0.08935415767762145,0.012507327849547781,0.046830608146846885
ENSG00000168701,TMEM208,TMEM208,protein_coding,283.61381140565913,0.2807403483894229,0.12433281103124649,0.012512337328094276,0.04683535381206303
ENSG00000254087,LYN,LYN,protein_coding,130.44101126177057,0.4846174407532846,0.2689580831094724,0.012515549763755032,0.04683535381206303
ENSG00000125629,INSIG2,INSIG2,protein_coding,438.73074167889075,0.33176310502849443,0.15297501501992483,0.012527197251086761,0.046866610652145736
ENSG00000146776,ATXN7L1,ATXN7L1,protein_coding,256.910276193019,-0.3370068702399554,0.1552721718610684,0.012583471075999653,0.04706476270970788
ENSG00000115275,MOGS,MOGS,protein_coding,828.815989417789,0.23147531715358807,0.09867910057848074,0.01261927482641889,0.04718536147073172
ENSG00000119820,YIPF4,YIPF4,protein_coding,1269.6668931438237,0.2722341731949482,0.11924768464890331,0.012622349577905947,0.04718536147073172
ENSG00000154429,CCSAP,CCSAP,protein_coding,126.56366304111582,-0.36686949360192356,0.17352053531316494,0.012668678887392431,0.047342298876506976
ENSG00000163516,ANKZF1,ANKZF1,protein_coding,596.810956114037,0.23173173500826594,0.0987013517154056,0.012670987895308076,0.047342298876506976
ENSG00000246859,STARD4-AS1,STARD4-AS1,antisense,107.10307490028026,-0.4216287832416427,0.21140529596643298,0.012692677972964935,0.04741088536960432
ENSG00000131943,C19orf12,C19orf12,protein_coding,583.825570959961,0.2742119136556233,0.1200960622254817,0.012746723794871483,0.04760026234136308
ENSG00000103966,EHD4,EHD4,protein_coding,597.2734520418701,0.2511064386453194,0.10849986879760146,0.012799268487383822,0.04778393568623294
ENSG00000223745,RP4-717I23.3,RP4-717I23.3,processed_transcript,240.91684699025046,-0.30092908810124347,0.13476972431893372,0.012803705823744025,0.04778795897059434
ENSG00000242600,MBL1P,MBL1P,pseudogene,99.21411028518258,0.412594819555504,0.20517144930952191,0.012833512029306072,0.047886640898439026
ENSG00000116691,MIIP,MIIP,protein_coding,204.71021968941187,0.32312825499975784,0.14768773408568833,0.012838091340180597,0.04789116475812452
ENSG00000101557,USP14,USP14,protein_coding,1309.2963115319465,0.20826183357727207,0.08778899490415507,0.01286442701781061,0.047976824829926094
ENSG00000112473,SLC39A7,SLC39A7,protein_coding,3128.390230099062,-0.23794998760173391,0.10223914073212217,0.012877122667051745,0.048011583962292013
ENSG00000249437,NAIP,NAIP,protein_coding,271.48093645987797,-0.3261010801309493,0.14869632357766904,0.012887077916128507,0.0480361101360094
ENSG00000167554,ZNF610,ZNF610,protein_coding,93.47869818697144,-0.41672919283523646,0.20902548585131972,0.012924075085412778,0.048161394816586676
ENSG00000211456,SACM1L,SACM1L,protein_coding,895.844277256299,0.21839755400607958,0.09299438882875105,0.012937481492876565,0.04819872623223579
ENSG00000160179,ABCG1,ABCG1,protein_coding,209.77697622577887,0.39760150830882485,0.19610958711728488,0.012942557057816587,0.04820500958114248
ENSG00000117569,PTBP2,PTBP2,protein_coding,284.871120178513,-0.3176085497960931,0.1447274469952326,0.013062137039264338,0.048607090816815794
ENSG00000128641,MYO1B,MYO1B,protein_coding,2345.297215064637,-0.31001808146975024,0.14244796021309844,0.013057472988865868,0.048607090816815794
ENSG00000135930,EIF4E2,EIF4E2,protein_coding,1096.0488007662148,0.2094332529333019,0.08810151227642159,0.013054975183428404,0.048607090816815794
ENSG00000187060,RP11-187C18.3,RP11-187C18.3,pseudogene,39.37740158794209,-0.5512312552424722,0.32849204014810796,0.013064180834693953,0.048607090816815794
ENSG00000163041,H3F3A,H3F3A,protein_coding,3002.76315753984,-0.1890346369644414,0.07933758924244448,0.013102189766260656,0.04873576026027499
ENSG00000254858,MPV17L2,MPV17L2,protein_coding,126.0048828923139,0.38576345289746294,0.18791529770449486,0.013127645359128689,0.04881768041522784
ENSG00000262001,DLGAP1-AS2,DLGAP1-AS2,antisense,72.53493324504221,0.4412219465678622,0.22755130148502498,0.013147560903647583,0.048878961394010254
ENSG00000134970,TMED7,TMED7,protein_coding,1949.1554525353827,0.2534247482228092,0.11038981862503384,0.013159096591636832,0.04890906452036642
ENSG00000231995,RP11-111F5.2,RP11-111F5.2,pseudogene,40.39954648800271,-0.5479636385158997,0.3266331620973579,0.013177206049083985,0.04896357858990873
ENSG00000139178,C1RL,C1RL,protein_coding,1801.3879228740477,0.21772257142882706,0.09261640885671761,0.013184548097212442,0.048978065326390645
ENSG00000106823,ECM2,ECM2,protein_coding,926.3585450252941,-0.3229205487166018,0.1498362304736305,0.01319058313468509,0.04898769047200019
ENSG00000142303,ADAMTS10,ADAMTS10,protein_coding,389.89646737350085,-0.26064213840843437,0.11430529984074378,0.013201632020810209,0.04901592635447779
ENSG00000204071,TCEAL6,TCEAL6,protein_coding,30.752473650327193,0.6038983052439146,0.4024617905350804,0.01322667559067379,0.049096094363711894
ENSG00000070423,RNF126,RNF126,protein_coding,314.8366177648821,0.28000215342690754,0.12548089459696055,0.013259464565562939,0.04920496320912268
ENSG00000175274,TP53I11,TP53I11,protein_coding,4393.693188749087,0.2340728521495349,0.10051594646686159,0.013279069834563258,0.04926486419583406
ENSG00000164167,LSM6,LSM6,protein_coding,156.31081986703475,0.34983470256855415,0.16490948274246314,0.013288675116250039,0.0492876440296064
ENSG00000169122,FAM110B,FAM110B,protein_coding,411.8753530515325,-0.2841406949805607,0.12547439616031875,0.013308761770941603,0.049349277223637474
ENSG00000151575,TEX9,TEX9,protein_coding,40.06087356117637,-0.5576742988586066,0.3414230368510446,0.013344398616010368,0.0494685238243762
ENSG00000073584,SMARCE1,SMARCE1,protein_coding,1256.1801733956781,-0.2180494607922417,0.09318967344868735,0.013372263675147702,0.049520197478599565
ENSG00000141540,TTYH2,TTYH2,protein_coding,54.869697750858954,-0.49584994370303975,0.2757320352473613,0.013369819384057773,0.049520197478599565
ENSG00000154721,JAM2,JAM2,protein_coding,604.4509752312817,0.30188248512317517,0.13681786166208507,0.013368783720909733,0.049520197478599565
ENSG00000182093,WRB,WRB,protein_coding,732.5609764371103,0.23345999743024792,0.10056635526088836,0.01336222150665086,0.049520197478599565
ENSG00000165434,PGM2L1,PGM2L1,protein_coding,320.2317452423088,-0.29159603999711114,0.13058015466936254,0.013387019488357216,0.04956193784549533
ENSG00000180573,HIST1H2AC,HIST1H2AC,protein_coding,765.2708664617827,-0.2663174704487283,0.11736469589712406,0.013408284525921608,0.04962774891925811
ENSG00000144040,SFXN5,SFXN5,protein_coding,236.40223013533424,-0.3238673218752562,0.14946199318533882,0.013416158984368971,0.04964397642915303
ENSG00000104472,CHRAC1,CHRAC1,protein_coding,588.414123663241,0.2371385150411285,0.1026725483217354,0.01347079104962741,0.04983316824184662
